"../../../Engine/Plugins/2D/Paper2D/Content/PlaceholderTextures/DummySpriteTexture.ubulk" 0
"../../../Engine/Plugins/2D/Paper2D/Content/PlaceholderTextures/DummySpriteTexture.uasset" 1
"../../../Engine/Plugins/2D/Paper2D/Content/PlaceholderTextures/DummySpriteTexture.uexp" 2
"../../../Engine/Plugins/2D/Paper2D/Content/DummySprite.uasset" 3
"../../../Engine/Plugins/2D/Paper2D/Content/DummySprite.uexp" 4
"../../../Engine/Plugins/2D/Paper2D/Content/DefaultPaperTerrainMaterial.uasset" 5
"../../../Engine/Plugins/2D/Paper2D/Content/DefaultPaperTerrainMaterial.uexp" 6
"../../../Engine/Content/Animation/DefaultRecorderBoneCompression.uasset" 7
"../../../Engine/Content/Animation/DefaultRecorderBoneCompression.uexp" 8
"../../../Engine/Plugins/Animation/ControlRig/Content/Controls/DefaultGizmoLibraryNormalized.uasset" 9
"../../../Engine/Plugins/Animation/ControlRig/Content/Controls/DefaultGizmoLibraryNormalized.uexp" 10
"../../../Engine/Content/EngineSounds/Master.uasset" 11
"../../../Engine/Content/EngineSounds/Master.uexp" 12
"../../../Engine/Content/EngineMaterials/DefaultPhysicalMaterial.uasset" 13
"../../../Engine/Content/EngineMaterials/DefaultPhysicalMaterial.uexp" 14
"../../../Engine/Content/EngineMaterials/DefaultDestructiblePhysicalMaterial.uasset" 15
"../../../Engine/Content/EngineMaterials/DefaultDestructiblePhysicalMaterial.uexp" 16
"../../../Engine/Content/EngineFonts/Faces/DroidSansFallback.uexp" 17
"../../../Engine/Content/EngineFonts/Faces/DroidSansFallback.uasset" 18
"../../../Engine/Content/EngineFonts/Faces/DroidSansFallback.ufont" 19
"../../../Engine/Content/EngineFonts/Faces/RobotoRegular.uexp" 20
"../../../Engine/Content/EngineFonts/Faces/RobotoRegular.uasset" 21
"../../../Engine/Content/EngineFonts/Faces/RobotoRegular.ufont" 22
"../../../Engine/Content/EngineFonts/Faces/RobotoLight.uexp" 23
"../../../Engine/Content/EngineFonts/Faces/RobotoLight.uasset" 24
"../../../Engine/Content/EngineFonts/Faces/RobotoLight.ufont" 25
"../../../Engine/Content/EngineFonts/Faces/RobotoItalic.uexp" 26
"../../../Engine/Content/EngineFonts/Faces/RobotoItalic.uasset" 27
"../../../Engine/Content/EngineFonts/Faces/RobotoItalic.ufont" 28
"../../../Engine/Content/EngineFonts/Faces/RobotoBoldItalic.uexp" 29
"../../../Engine/Content/EngineFonts/Faces/RobotoBoldItalic.uasset" 30
"../../../Engine/Content/EngineFonts/Faces/RobotoBoldItalic.ufont" 31
"../../../Engine/Content/EngineFonts/Faces/RobotoBold.uexp" 32
"../../../Engine/Content/EngineFonts/Faces/RobotoBold.uasset" 33
"../../../Engine/Content/EngineFonts/Faces/RobotoBold.ufont" 34
"../../../Engine/Content/EngineFonts/Roboto.uasset" 35
"../../../Engine/Content/EngineFonts/Roboto.uexp" 36
"../../../Engine/Content/EngineFonts/Faces/DroidSansMono.uexp" 37
"../../../Engine/Content/EngineFonts/Faces/DroidSansMono.uasset" 38
"../../../Engine/Content/EngineFonts/Faces/DroidSansMono.ufont" 39
"../../../Engine/Content/EngineFonts/DroidSansMono.uasset" 40
"../../../Engine/Content/EngineFonts/DroidSansMono.uexp" 41
"../../../Engine/Plugins/Interchange/Runtime/Content/Pipelines/DefaultTexturePipeline.uasset" 42
"../../../Engine/Plugins/Interchange/Runtime/Content/Pipelines/DefaultTexturePipeline.uexp" 43
"../../../Engine/Plugins/Interchange/Runtime/Content/Pipelines/DefaultSceneLevelPipeline.uasset" 44
"../../../Engine/Plugins/Interchange/Runtime/Content/Pipelines/DefaultSceneLevelPipeline.uexp" 45
"../../../Engine/Plugins/Interchange/Runtime/Content/Pipelines/DefaultSceneAssetsPipeline.uasset" 46
"../../../Engine/Plugins/Interchange/Runtime/Content/Pipelines/DefaultSceneAssetsPipeline.uexp" 47
"../../../Engine/Plugins/Interchange/Runtime/Content/Pipelines/DefaultMaterialXPipeline.uasset" 48
"../../../Engine/Plugins/Interchange/Runtime/Content/Pipelines/DefaultMaterialXPipeline.uexp" 49
"../../../Engine/Plugins/Interchange/Runtime/Content/Pipelines/DefaultMaterialPipeline.uasset" 50
"../../../Engine/Plugins/Interchange/Runtime/Content/Pipelines/DefaultMaterialPipeline.uexp" 51
"../../../Engine/Plugins/Interchange/Runtime/Content/Pipelines/DefaultGLTFSceneAssetsPipeline.uasset" 52
"../../../Engine/Plugins/Interchange/Runtime/Content/Pipelines/DefaultGLTFSceneAssetsPipeline.uexp" 53
"../../../Engine/Plugins/Interchange/Runtime/Content/Pipelines/DefaultGLTFPipeline.uasset" 54
"../../../Engine/Plugins/Interchange/Runtime/Content/Pipelines/DefaultGLTFPipeline.uexp" 55
"../../../Engine/Plugins/Interchange/Runtime/Content/Pipelines/DefaultGLTFAssetsPipeline.uasset" 56
"../../../Engine/Plugins/Interchange/Runtime/Content/Pipelines/DefaultGLTFAssetsPipeline.uexp" 57
"../../../Engine/Plugins/Interchange/Runtime/Content/Pipelines/DefaultAssetsPipeline.uasset" 58
"../../../Engine/Plugins/Interchange/Runtime/Content/Pipelines/DefaultAssetsPipeline.uexp" 59
"../../../Engine/Content/MobileResources/HUD/VirtualJoystick_Thumb.uasset" 60
"../../../Engine/Content/MobileResources/HUD/VirtualJoystick_Thumb.uexp" 61
"../../../Engine/Content/MobileResources/HUD/VirtualJoystick_Background.uasset" 62
"../../../Engine/Content/MobileResources/HUD/VirtualJoystick_Background.uexp" 63
"../../../Engine/Content/MobileResources/HUD/DefaultVirtualJoysticks.uasset" 64
"../../../Engine/Content/MobileResources/HUD/DefaultVirtualJoysticks.uexp" 65
"../../../Engine/Content/EngineResources/GradientTexture0.uasset" 66
"../../../Engine/Content/EngineResources/GradientTexture0.uexp" 67
"../../../Engine/Content/EngineResources/Black.uasset" 68
"../../../Engine/Content/EngineResources/Black.uexp" 69
"../../../Engine/Content/EditorResources/S_Actor.ubulk" 70
"../../../Engine/Content/EditorResources/S_Actor.uasset" 71
"../../../Engine/Content/EditorResources/S_Actor.uexp" 72
"../../../Engine/Content/EditorResources/S_Trigger.ubulk" 73
"../../../Engine/Content/EditorResources/S_Trigger.uasset" 74
"../../../Engine/Content/EditorResources/S_Trigger.uexp" 75
"../../../Engine/Content/EditorResources/S_BoxReflectionCapture.uasset" 76
"../../../Engine/Content/EditorResources/S_BoxReflectionCapture.uexp" 77
"../../../Engine/Content/EngineResources/DefaultTexture.ubulk" 78
"../../../Engine/Content/EngineResources/DefaultTexture.uasset" 79
"../../../Engine/Content/EngineResources/DefaultTexture.uexp" 80
"../../../Engine/Content/EditorResources/S_TriggerBox.uasset" 81
"../../../Engine/Content/EditorResources/S_TriggerBox.uexp" 82
"../../../Engine/Content/EditorResources/S_TriggerCapsule.uasset" 83
"../../../Engine/Content/EditorResources/S_TriggerCapsule.uexp" 84
"../../../Engine/Content/EditorResources/S_TriggerSphere.uasset" 85
"../../../Engine/Content/EditorResources/S_TriggerSphere.uexp" 86
"../../../Engine/Content/EngineMeshes/Sphere.ubulk" 87
"../../../Engine/Content/EngineMeshes/Sphere.uasset" 88
"../../../Engine/Content/EngineMeshes/Sphere.uexp" 89
"../../../Engine/Plugins/NNE/NNEDenoiser/Content/NNEDTOM_Output_Default.uasset" 90
"../../../Engine/Plugins/NNE/NNEDenoiser/Content/NNEDTOM_Output_Default.uexp" 91
"../../../Engine/Plugins/NNE/NNEDenoiser/Content/NNEDTOM_Output_Alpha.uasset" 92
"../../../Engine/Plugins/NNE/NNEDenoiser/Content/NNEDTOM_Output_Alpha.uexp" 93
"../../../Engine/Plugins/NNE/NNEDenoiser/Content/NNEDTIM_ColorAlbedoNormal_Default.uasset" 94
"../../../Engine/Plugins/NNE/NNEDenoiser/Content/NNEDTIM_ColorAlbedoNormal_Default.uexp" 95
"../../../Engine/Plugins/NNE/NNEDenoiser/Content/NNEDTIM_ColorAlbedoNormal_Alpha.uasset" 96
"../../../Engine/Plugins/NNE/NNEDenoiser/Content/NNEDTIM_ColorAlbedoNormal_Alpha.uexp" 97
"../../../Engine/Plugins/NNE/NNEDenoiser/Content/NNEDOM_Output_Default.uasset" 98
"../../../Engine/Plugins/NNE/NNEDenoiser/Content/NNEDOM_Output_Default.uexp" 99
"../../../Engine/Plugins/NNE/NNEDenoiser/Content/NNEDOM_Output_Alpha.uasset" 100
"../../../Engine/Plugins/NNE/NNEDenoiser/Content/NNEDOM_Output_Alpha.uexp" 101
"../../../Engine/Plugins/NNE/NNEDenoiser/Content/NNEDIM_HighQuality_Default.uasset" 102
"../../../Engine/Plugins/NNE/NNEDenoiser/Content/NNEDIM_HighQuality_Default.uexp" 103
"../../../Engine/Plugins/NNE/NNEDenoiser/Content/NNEDIM_HighQuality_Alpha.uasset" 104
"../../../Engine/Plugins/NNE/NNEDenoiser/Content/NNEDIM_HighQuality_Alpha.uexp" 105
"../../../Engine/Plugins/NNE/NNEDenoiser/Content/NNEDIM_ColorAlbedoNormal_Default.uasset" 106
"../../../Engine/Plugins/NNE/NNEDenoiser/Content/NNEDIM_ColorAlbedoNormal_Default.uexp" 107
"../../../Engine/Plugins/NNE/NNEDenoiser/Content/NNEDIM_ColorAlbedoNormal_Alpha.uasset" 108
"../../../Engine/Plugins/NNE/NNEDenoiser/Content/NNEDIM_ColorAlbedoNormal_Alpha.uexp" 109
"../../../Engine/Content/EngineMaterials/T_Default_Material_Grid_M.ubulk" 110
"../../../Engine/Content/EngineMaterials/T_Default_Material_Grid_M.uasset" 111
"../../../Engine/Content/EngineMaterials/T_Default_Material_Grid_M.uexp" 112
"../../../Engine/Content/Functions/Engine_MaterialFunctions01/Opacity/CameraDepthFade.uasset" 113
"../../../Engine/Content/Functions/Engine_MaterialFunctions01/Opacity/CameraDepthFade.uexp" 114
"../../../Engine/Content/EngineMaterials/T_Default_Material_Grid_N.ubulk" 115
"../../../Engine/Content/EngineMaterials/T_Default_Material_Grid_N.uasset" 116
"../../../Engine/Content/EngineMaterials/T_Default_Material_Grid_N.uexp" 117
"../../../Engine/Content/EngineMaterials/WorldGridMaterial.uasset" 118
"../../../Engine/Content/EngineMaterials/WorldGridMaterial.uexp" 119
"../../../Engine/Plugins/Media/MediaPlate/Content/SM_MediaPlateScreen.ubulk" 120
"../../../Engine/Plugins/Media/MediaPlate/Content/SM_MediaPlateScreen.uasset" 121
"../../../Engine/Plugins/Media/MediaPlate/Content/SM_MediaPlateScreen.uexp" 122
"../../../Engine/Content/Functions/Engine_MaterialFunctions02/WorldPositionOffset/CameraOffset.uasset" 123
"../../../Engine/Content/Functions/Engine_MaterialFunctions02/WorldPositionOffset/CameraOffset.uexp" 124
"../../../Engine/Plugins/Animation/ControlRig/Content/M_Manip.uasset" 125
"../../../Engine/Plugins/Animation/ControlRig/Content/M_Manip.uexp" 126
"E:/DaleBruise_Repo/Unreal_Learning/Content/ControlRig/Characters/Mannequins/Rigs/PA_Mannequin.uasset" 127
"E:/DaleBruise_Repo/Unreal_Learning/Content/ControlRig/Characters/Mannequins/Rigs/PA_Mannequin.uexp" 128
"E:/DaleBruise_Repo/Unreal_Learning/Content/ControlRig/Characters/Mannequins/Meshes/SK_Mannequin.uasset" 129
"E:/DaleBruise_Repo/Unreal_Learning/Content/ControlRig/Characters/Mannequins/Meshes/SK_Mannequin.uexp" 130
"../../../Engine/Plugins/Animation/ControlRig/Content/Controls/DefaultGizmoLibrary.uasset" 131
"../../../Engine/Plugins/Animation/ControlRig/Content/Controls/DefaultGizmoLibrary.uexp" 132
"E:/DaleBruise_Repo/Unreal_Learning/Content/ControlRig/Characters/Mannequins/Rigs/CR_Mannequin_Procedural.uasset" 133
"E:/DaleBruise_Repo/Unreal_Learning/Content/ControlRig/Characters/Mannequins/Rigs/CR_Mannequin_Procedural.uexp" 134
"E:/DaleBruise_Repo/Unreal_Learning/Content/ControlRig/Characters/Mannequins/Rigs/Poses/Manny/Manny_calf_l_pose.uasset" 135
"E:/DaleBruise_Repo/Unreal_Learning/Content/ControlRig/Characters/Mannequins/Rigs/Poses/Manny/Manny_calf_l_pose.uexp" 136
"E:/DaleBruise_Repo/Unreal_Learning/Content/ControlRig/Characters/Mannequins/Rigs/Poses/Manny/Manny_calf_r_pose.uasset" 137
"E:/DaleBruise_Repo/Unreal_Learning/Content/ControlRig/Characters/Mannequins/Rigs/Poses/Manny/Manny_calf_r_pose.uexp" 138
"E:/DaleBruise_Repo/Unreal_Learning/Content/ControlRig/Characters/Mannequins/Rigs/Poses/Manny/Manny_clavicle_l_pose.uasset" 139
"E:/DaleBruise_Repo/Unreal_Learning/Content/ControlRig/Characters/Mannequins/Rigs/Poses/Manny/Manny_clavicle_l_pose.uexp" 140
"E:/DaleBruise_Repo/Unreal_Learning/Content/ControlRig/Characters/Mannequins/Rigs/Poses/Manny/Manny_clavicle_r_pose.uasset" 141
"E:/DaleBruise_Repo/Unreal_Learning/Content/ControlRig/Characters/Mannequins/Rigs/Poses/Manny/Manny_clavicle_r_pose.uexp" 142
"E:/DaleBruise_Repo/Unreal_Learning/Content/ControlRig/Characters/Mannequins/Rigs/Poses/Manny/Manny_foot_l_pose.uasset" 143
"E:/DaleBruise_Repo/Unreal_Learning/Content/ControlRig/Characters/Mannequins/Rigs/Poses/Manny/Manny_foot_l_pose.uexp" 144
"E:/DaleBruise_Repo/Unreal_Learning/Content/ControlRig/Characters/Mannequins/Rigs/Poses/Manny/Manny_foot_r_pose.uasset" 145
"E:/DaleBruise_Repo/Unreal_Learning/Content/ControlRig/Characters/Mannequins/Rigs/Poses/Manny/Manny_foot_r_pose.uexp" 146
"E:/DaleBruise_Repo/Unreal_Learning/Content/ControlRig/Characters/Mannequins/Rigs/Poses/Manny/Manny_hand_l_pose.uasset" 147
"E:/DaleBruise_Repo/Unreal_Learning/Content/ControlRig/Characters/Mannequins/Rigs/Poses/Manny/Manny_hand_l_pose.uexp" 148
"E:/DaleBruise_Repo/Unreal_Learning/Content/ControlRig/Characters/Mannequins/Rigs/Poses/Manny/Manny_hand_r_pose.uasset" 149
"E:/DaleBruise_Repo/Unreal_Learning/Content/ControlRig/Characters/Mannequins/Rigs/Poses/Manny/Manny_hand_r_pose.uexp" 150
"E:/DaleBruise_Repo/Unreal_Learning/Content/ControlRig/Characters/Mannequins/Rigs/Poses/Manny/Manny_lowerarm_l_pose.uasset" 151
"E:/DaleBruise_Repo/Unreal_Learning/Content/ControlRig/Characters/Mannequins/Rigs/Poses/Manny/Manny_lowerarm_l_pose.uexp" 152
"E:/DaleBruise_Repo/Unreal_Learning/Content/ControlRig/Characters/Mannequins/Rigs/Poses/Manny/Manny_lowerarm_r_pose.uasset" 153
"E:/DaleBruise_Repo/Unreal_Learning/Content/ControlRig/Characters/Mannequins/Rigs/Poses/Manny/Manny_lowerarm_r_pose.uexp" 154
"E:/DaleBruise_Repo/Unreal_Learning/Content/ControlRig/Characters/Mannequins/Rigs/Poses/Manny/Manny_thigh_l_pose.uasset" 155
"E:/DaleBruise_Repo/Unreal_Learning/Content/ControlRig/Characters/Mannequins/Rigs/Poses/Manny/Manny_thigh_l_pose.uexp" 156
"E:/DaleBruise_Repo/Unreal_Learning/Content/ControlRig/Characters/Mannequins/Rigs/Poses/Manny/Manny_thigh_r_pose.uasset" 157
"E:/DaleBruise_Repo/Unreal_Learning/Content/ControlRig/Characters/Mannequins/Rigs/Poses/Manny/Manny_thigh_r_pose.uexp" 158
"E:/DaleBruise_Repo/Unreal_Learning/Content/ControlRig/Characters/Mannequins/Rigs/Poses/Manny/Manny_upperarm_l_pose.uasset" 159
"E:/DaleBruise_Repo/Unreal_Learning/Content/ControlRig/Characters/Mannequins/Rigs/Poses/Manny/Manny_upperarm_l_pose.uexp" 160
"E:/DaleBruise_Repo/Unreal_Learning/Content/ControlRig/Characters/Mannequins/Rigs/Poses/Manny/Manny_upperarm_r_pose.uasset" 161
"E:/DaleBruise_Repo/Unreal_Learning/Content/ControlRig/Characters/Mannequins/Rigs/Poses/Manny/Manny_upperarm_r_pose.uexp" 162
"E:/DaleBruise_Repo/Unreal_Learning/Content/ControlRig/Characters/Mannequins/Rigs/ABP_Manny_PostProcess.uasset" 163
"E:/DaleBruise_Repo/Unreal_Learning/Content/ControlRig/Characters/Mannequins/Rigs/ABP_Manny_PostProcess.uexp" 164
"../../../Engine/Content/Functions/Engine_MaterialFunctions02/Utility/BreakOutFloat2Components.uasset" 165
"../../../Engine/Content/Functions/Engine_MaterialFunctions02/Utility/BreakOutFloat2Components.uexp" 166
"../../../Engine/Content/Functions/Engine_MaterialFunctions01/Texturing/ScaleUVsByCenter.uasset" 167
"../../../Engine/Content/Functions/Engine_MaterialFunctions01/Texturing/ScaleUVsByCenter.uexp" 168
"E:/DaleBruise_Repo/Unreal_Learning/Content/Characters/Mannequins/Textures/Shared/T_UE_Logo_M.uasset" 169
"E:/DaleBruise_Repo/Unreal_Learning/Content/Characters/Mannequins/Textures/Shared/T_UE_Logo_M.uexp" 170
"E:/DaleBruise_Repo/Unreal_Learning/Content/Characters/Mannequins/Textures/Manny/T_Manny_01_MRA.ubulk" 171
"E:/DaleBruise_Repo/Unreal_Learning/Content/Characters/Mannequins/Textures/Manny/T_Manny_01_MRA.uasset" 172
"E:/DaleBruise_Repo/Unreal_Learning/Content/Characters/Mannequins/Textures/Manny/T_Manny_01_MRA.uexp" 173
"E:/DaleBruise_Repo/Unreal_Learning/Content/Characters/Mannequins/Textures/Manny/T_Manny_01_D.ubulk" 174
"E:/DaleBruise_Repo/Unreal_Learning/Content/Characters/Mannequins/Textures/Manny/T_Manny_01_D.uasset" 175
"E:/DaleBruise_Repo/Unreal_Learning/Content/Characters/Mannequins/Textures/Manny/T_Manny_01_D.uexp" 176
"E:/DaleBruise_Repo/Unreal_Learning/Content/Characters/Mannequins/Textures/Manny/T_Manny_01_BN.ubulk" 177
"E:/DaleBruise_Repo/Unreal_Learning/Content/Characters/Mannequins/Textures/Manny/T_Manny_01_BN.uasset" 178
"E:/DaleBruise_Repo/Unreal_Learning/Content/Characters/Mannequins/Textures/Manny/T_Manny_01_BN.uexp" 179
"E:/DaleBruise_Repo/Unreal_Learning/Content/Characters/Mannequins/Materials/M_Mannequin.uasset" 180
"E:/DaleBruise_Repo/Unreal_Learning/Content/Characters/Mannequins/Materials/M_Mannequin.uexp" 181
"E:/DaleBruise_Repo/Unreal_Learning/Content/Characters/Mannequins/Materials/Manny/MI_Manny_01_New.uasset" 182
"E:/DaleBruise_Repo/Unreal_Learning/Content/Characters/Mannequins/Materials/Manny/MI_Manny_01_New.uexp" 183
"E:/DaleBruise_Repo/Unreal_Learning/Content/Characters/Mannequins/Textures/Manny/T_Manny_02_MRA.ubulk" 184
"E:/DaleBruise_Repo/Unreal_Learning/Content/Characters/Mannequins/Textures/Manny/T_Manny_02_MRA.uasset" 185
"E:/DaleBruise_Repo/Unreal_Learning/Content/Characters/Mannequins/Textures/Manny/T_Manny_02_MRA.uexp" 186
"E:/DaleBruise_Repo/Unreal_Learning/Content/Characters/Mannequins/Textures/Manny/T_Manny_02_D.ubulk" 187
"E:/DaleBruise_Repo/Unreal_Learning/Content/Characters/Mannequins/Textures/Manny/T_Manny_02_D.uasset" 188
"E:/DaleBruise_Repo/Unreal_Learning/Content/Characters/Mannequins/Textures/Manny/T_Manny_02_D.uexp" 189
"E:/DaleBruise_Repo/Unreal_Learning/Content/Characters/Mannequins/Textures/Manny/T_Manny_02_BN.ubulk" 190
"E:/DaleBruise_Repo/Unreal_Learning/Content/Characters/Mannequins/Textures/Manny/T_Manny_02_BN.uasset" 191
"E:/DaleBruise_Repo/Unreal_Learning/Content/Characters/Mannequins/Textures/Manny/T_Manny_02_BN.uexp" 192
"E:/DaleBruise_Repo/Unreal_Learning/Content/Characters/Mannequins/Materials/Manny/MI_Manny_02_New.uasset" 193
"E:/DaleBruise_Repo/Unreal_Learning/Content/Characters/Mannequins/Materials/Manny/MI_Manny_02_New.uexp" 194
"E:/DaleBruise_Repo/Unreal_Learning/Content/ControlRig/Characters/Mannequins/Meshes/SKM_Manny.uasset" 195
"E:/DaleBruise_Repo/Unreal_Learning/Content/ControlRig/Characters/Mannequins/Meshes/SKM_Manny.uexp" 196
"../../../Engine/Plugins/Animation/ACLPlugin/Content/ACLAnimCurveCompressionSettings.uasset" 197
"../../../Engine/Plugins/Animation/ACLPlugin/Content/ACLAnimCurveCompressionSettings.uexp" 198
"../../../Engine/Plugins/Animation/ACLPlugin/Content/ACLAnimBoneCompressionSettings.uasset" 199
"../../../Engine/Plugins/Animation/ACLPlugin/Content/ACLAnimBoneCompressionSettings.uexp" 200
"../../../Engine/Content/Animation/DefaultVariableFrameStrippingSettings.uasset" 201
"../../../Engine/Content/Animation/DefaultVariableFrameStrippingSettings.uexp" 202
"E:/DaleBruise_Repo/Unreal_Learning/Content/ControlRig/Characters/Mannequins/Animations/Gideon/Idle.uasset" 203
"E:/DaleBruise_Repo/Unreal_Learning/Content/ControlRig/Characters/Mannequins/Animations/Gideon/Idle.uexp" 204
"E:/DaleBruise_Repo/Unreal_Learning/Content/ControlRig/Characters/Mannequins/Animations/Gideon/Turn_Right_90_Short_Grounded.uasset" 205
"E:/DaleBruise_Repo/Unreal_Learning/Content/ControlRig/Characters/Mannequins/Animations/Gideon/Turn_Right_90_Short_Grounded.uexp" 206
"E:/DaleBruise_Repo/Unreal_Learning/Content/ControlRig/Characters/Mannequins/Animations/Gideon/Turn_Right_90_Short_Additive.uasset" 207
"E:/DaleBruise_Repo/Unreal_Learning/Content/ControlRig/Characters/Mannequins/Animations/Gideon/Turn_Right_90_Short_Additive.uexp" 208
"E:/DaleBruise_Repo/Unreal_Learning/Content/ControlRig/Characters/Mannequins/Animations/Gideon/TravelMode_Hover_Right.uasset" 209
"E:/DaleBruise_Repo/Unreal_Learning/Content/ControlRig/Characters/Mannequins/Animations/Gideon/TravelMode_Hover_Right.uexp" 210
"E:/DaleBruise_Repo/Unreal_Learning/Content/ControlRig/Characters/Mannequins/Animations/Gideon/TravelMode_Hover_Left.uasset" 211
"E:/DaleBruise_Repo/Unreal_Learning/Content/ControlRig/Characters/Mannequins/Animations/Gideon/TravelMode_Hover_Left.uexp" 212
"E:/DaleBruise_Repo/Unreal_Learning/Content/ControlRig/Characters/Mannequins/Animations/Gideon/TravelMode_Hover_Idle.uasset" 213
"E:/DaleBruise_Repo/Unreal_Learning/Content/ControlRig/Characters/Mannequins/Animations/Gideon/TravelMode_Hover_Idle.uexp" 214
"E:/DaleBruise_Repo/Unreal_Learning/Content/ControlRig/Characters/Mannequins/Animations/Gideon/TravelMode_Hover_Fwd.uasset" 215
"E:/DaleBruise_Repo/Unreal_Learning/Content/ControlRig/Characters/Mannequins/Animations/Gideon/TravelMode_Hover_Fwd.uexp" 216
"E:/DaleBruise_Repo/Unreal_Learning/Content/ControlRig/Characters/Mannequins/Animations/Gideon/TravelMode_Hover_Bwd.uasset" 217
"E:/DaleBruise_Repo/Unreal_Learning/Content/ControlRig/Characters/Mannequins/Animations/Gideon/TravelMode_Hover_Bwd.uexp" 218
"E:/DaleBruise_Repo/Unreal_Learning/Content/ControlRig/Characters/Mannequins/Animations/Gideon/TravelMode_Direction_BS.uasset" 219
"E:/DaleBruise_Repo/Unreal_Learning/Content/ControlRig/Characters/Mannequins/Animations/Gideon/TravelMode_Direction_BS.uexp" 220
"E:/DaleBruise_Repo/Unreal_Learning/Content/ControlRig/Characters/Mannequins/Animations/Gideon/Jog_Bwd.uasset" 221
"E:/DaleBruise_Repo/Unreal_Learning/Content/ControlRig/Characters/Mannequins/Animations/Gideon/Jog_Bwd.uexp" 222
"E:/DaleBruise_Repo/Unreal_Learning/Content/ControlRig/Characters/Mannequins/Animations/Gideon/Jog_Fwd.uasset" 223
"E:/DaleBruise_Repo/Unreal_Learning/Content/ControlRig/Characters/Mannequins/Animations/Gideon/Jog_Fwd.uexp" 224
"E:/DaleBruise_Repo/Unreal_Learning/Content/ControlRig/Characters/Mannequins/Animations/Gideon/Jog_Left.uasset" 225
"E:/DaleBruise_Repo/Unreal_Learning/Content/ControlRig/Characters/Mannequins/Animations/Gideon/Jog_Left.uexp" 226
"E:/DaleBruise_Repo/Unreal_Learning/Content/ControlRig/Characters/Mannequins/Animations/Gideon/Jog_Right.uasset" 227
"E:/DaleBruise_Repo/Unreal_Learning/Content/ControlRig/Characters/Mannequins/Animations/Gideon/Jog_Right.uexp" 228
"E:/DaleBruise_Repo/Unreal_Learning/Content/ControlRig/Characters/Mannequins/Animations/Gideon/Run_Direction.uasset" 229
"E:/DaleBruise_Repo/Unreal_Learning/Content/ControlRig/Characters/Mannequins/Animations/Gideon/Run_Direction.uexp" 230
"E:/DaleBruise_Repo/Unreal_Learning/Content/ControlRig/Characters/Mannequins/Animations/Gideon/Jump_In_Place_Start.uasset" 231
"E:/DaleBruise_Repo/Unreal_Learning/Content/ControlRig/Characters/Mannequins/Animations/Gideon/Jump_In_Place_Start.uexp" 232
"E:/DaleBruise_Repo/Unreal_Learning/Content/ControlRig/Characters/Mannequins/Animations/Gideon/Jump_In_Place_Recover.uasset" 233
"E:/DaleBruise_Repo/Unreal_Learning/Content/ControlRig/Characters/Mannequins/Animations/Gideon/Jump_In_Place_Recover.uexp" 234
"E:/DaleBruise_Repo/Unreal_Learning/Content/ControlRig/Characters/Mannequins/Animations/Gideon/Jump_In_Place_Land.uasset" 235
"E:/DaleBruise_Repo/Unreal_Learning/Content/ControlRig/Characters/Mannequins/Animations/Gideon/Jump_In_Place_Land.uexp" 236
"E:/DaleBruise_Repo/Unreal_Learning/Content/ControlRig/Characters/Mannequins/Animations/Gideon/Jump_In_Place_Apex.uasset" 237
"E:/DaleBruise_Repo/Unreal_Learning/Content/ControlRig/Characters/Mannequins/Animations/Gideon/Jump_In_Place_Apex.uexp" 238
"E:/DaleBruise_Repo/Unreal_Learning/Content/ControlRig/Characters/Mannequins/Animations/Gideon/IdlePoseAdjustment.uasset" 239
"E:/DaleBruise_Repo/Unreal_Learning/Content/ControlRig/Characters/Mannequins/Animations/Gideon/IdlePoseAdjustment.uexp" 240
"E:/DaleBruise_Repo/Unreal_Learning/Content/ControlRig/Characters/Mannequins/Animations/Gideon/AO_RU.uasset" 241
"E:/DaleBruise_Repo/Unreal_Learning/Content/ControlRig/Characters/Mannequins/Animations/Gideon/AO_RU.uexp" 242
"E:/DaleBruise_Repo/Unreal_Learning/Content/ControlRig/Characters/Mannequins/Animations/Gideon/AO_RD.uasset" 243
"E:/DaleBruise_Repo/Unreal_Learning/Content/ControlRig/Characters/Mannequins/Animations/Gideon/AO_RD.uexp" 244
"E:/DaleBruise_Repo/Unreal_Learning/Content/ControlRig/Characters/Mannequins/Animations/Gideon/AO_RC.uasset" 245
"E:/DaleBruise_Repo/Unreal_Learning/Content/ControlRig/Characters/Mannequins/Animations/Gideon/AO_RC.uexp" 246
"E:/DaleBruise_Repo/Unreal_Learning/Content/ControlRig/Characters/Mannequins/Animations/Gideon/AO_LU.uasset" 247
"E:/DaleBruise_Repo/Unreal_Learning/Content/ControlRig/Characters/Mannequins/Animations/Gideon/AO_LU.uexp" 248
"E:/DaleBruise_Repo/Unreal_Learning/Content/ControlRig/Characters/Mannequins/Animations/Gideon/AO_LD.uasset" 249
"E:/DaleBruise_Repo/Unreal_Learning/Content/ControlRig/Characters/Mannequins/Animations/Gideon/AO_LD.uexp" 250
"E:/DaleBruise_Repo/Unreal_Learning/Content/ControlRig/Characters/Mannequins/Animations/Gideon/AO_LC.uasset" 251
"E:/DaleBruise_Repo/Unreal_Learning/Content/ControlRig/Characters/Mannequins/Animations/Gideon/AO_LC.uexp" 252
"E:/DaleBruise_Repo/Unreal_Learning/Content/ControlRig/Characters/Mannequins/Animations/Gideon/AO_CU.uasset" 253
"E:/DaleBruise_Repo/Unreal_Learning/Content/ControlRig/Characters/Mannequins/Animations/Gideon/AO_CU.uexp" 254
"E:/DaleBruise_Repo/Unreal_Learning/Content/ControlRig/Characters/Mannequins/Animations/Gideon/AO_CD.uasset" 255
"E:/DaleBruise_Repo/Unreal_Learning/Content/ControlRig/Characters/Mannequins/Animations/Gideon/AO_CD.uexp" 256
"E:/DaleBruise_Repo/Unreal_Learning/Content/ControlRig/Characters/Mannequins/Animations/Gideon/AO_CC.uasset" 257
"E:/DaleBruise_Repo/Unreal_Learning/Content/ControlRig/Characters/Mannequins/Animations/Gideon/AO_CC.uexp" 258
"E:/DaleBruise_Repo/Unreal_Learning/Content/ControlRig/Characters/Mannequins/Animations/Gideon/AO_Blendspace.uasset" 259
"E:/DaleBruise_Repo/Unreal_Learning/Content/ControlRig/Characters/Mannequins/Animations/Gideon/AO_Blendspace.uexp" 260
"E:/DaleBruise_Repo/Unreal_Learning/Content/ControlRig/Characters/Mannequins/Animations/Gideon/GideonManny_AnimBlueprint.uasset" 261
"E:/DaleBruise_Repo/Unreal_Learning/Content/ControlRig/Characters/Mannequins/Animations/Gideon/GideonManny_AnimBlueprint.uexp" 262
"E:/DaleBruise_Repo/Unreal_Learning/Content/ControlRig/Characters/Mannequins/Animations/Gideon/Death_Back.uasset" 263
"E:/DaleBruise_Repo/Unreal_Learning/Content/ControlRig/Characters/Mannequins/Animations/Gideon/Death_Back.uexp" 264
"E:/DaleBruise_Repo/Unreal_Learning/Content/ControlRig/Characters/Mannequins/Animations/Gideon/Death_Montage.uasset" 265
"E:/DaleBruise_Repo/Unreal_Learning/Content/ControlRig/Characters/Mannequins/Animations/Gideon/Death_Montage.uexp" 266
"E:/DaleBruise_Repo/Unreal_Learning/Content/ActionRogueLike/InputAction/IA_Move.uasset" 267
"E:/DaleBruise_Repo/Unreal_Learning/Content/ActionRogueLike/InputAction/IA_Move.uexp" 268
"E:/DaleBruise_Repo/Unreal_Learning/Content/ActionRogueLike/InputAction/IA_Look.uasset" 269
"E:/DaleBruise_Repo/Unreal_Learning/Content/ActionRogueLike/InputAction/IA_Look.uexp" 270
"E:/DaleBruise_Repo/Unreal_Learning/Content/ActionRogueLike/InputAction/IA_PrimaryAttack.uasset" 271
"E:/DaleBruise_Repo/Unreal_Learning/Content/ActionRogueLike/InputAction/IA_PrimaryAttack.uexp" 272
"E:/DaleBruise_Repo/Unreal_Learning/Content/ActionRogueLike/InputAction/IA_Jump.uasset" 273
"E:/DaleBruise_Repo/Unreal_Learning/Content/ActionRogueLike/InputAction/IA_Jump.uexp" 274
"E:/DaleBruise_Repo/Unreal_Learning/Content/ActionRogueLike/InputAction/IA_BlackHole.uasset" 275
"E:/DaleBruise_Repo/Unreal_Learning/Content/ActionRogueLike/InputAction/IA_BlackHole.uexp" 276
"E:/DaleBruise_Repo/Unreal_Learning/Content/ActionRogueLike/InputAction/IA_Teleport.uasset" 277
"E:/DaleBruise_Repo/Unreal_Learning/Content/ActionRogueLike/InputAction/IA_Teleport.uexp" 278
"E:/DaleBruise_Repo/Unreal_Learning/Content/tharlevfx_tutorials/CharacterFX/ParagonSourceAssets/Materials/M_Radial_Gradient.uasset" 279
"E:/DaleBruise_Repo/Unreal_Learning/Content/tharlevfx_tutorials/CharacterFX/ParagonSourceAssets/Materials/M_Radial_Gradient.uexp" 280
"../../../Engine/Content/EngineMaterials/Good64x64TilingNoiseHighFreq.uasset" 281
"../../../Engine/Content/EngineMaterials/Good64x64TilingNoiseHighFreq.uexp" 282
"../../../Engine/Content/Functions/Engine_MaterialFunctions02/Texturing/ScreenAlignedPixelToPixelUVs.uasset" 283
"../../../Engine/Content/Functions/Engine_MaterialFunctions02/Texturing/ScreenAlignedPixelToPixelUVs.uexp" 284
"../../../Engine/Content/Functions/Engine_MaterialFunctions02/Utility/DitherTemporalAA.uasset" 285
"../../../Engine/Content/Functions/Engine_MaterialFunctions02/Utility/DitherTemporalAA.uexp" 286
"E:/DaleBruise_Repo/Unreal_Learning/Content/tharlevfx_tutorials/CharacterFX/ParagonSourceAssets/Textures/T_Refraction_Depression_N.ubulk" 287
"E:/DaleBruise_Repo/Unreal_Learning/Content/tharlevfx_tutorials/CharacterFX/ParagonSourceAssets/Textures/T_Refraction_Depression_N.uasset" 288
"E:/DaleBruise_Repo/Unreal_Learning/Content/tharlevfx_tutorials/CharacterFX/ParagonSourceAssets/Textures/T_Refraction_Depression_N.uexp" 289
"E:/DaleBruise_Repo/Unreal_Learning/Content/tharlevfx_tutorials/CharacterFX/ParagonSourceAssets/Textures/T_Radial_Burst.ubulk" 290
"E:/DaleBruise_Repo/Unreal_Learning/Content/tharlevfx_tutorials/CharacterFX/ParagonSourceAssets/Textures/T_Radial_Burst.uasset" 291
"E:/DaleBruise_Repo/Unreal_Learning/Content/tharlevfx_tutorials/CharacterFX/ParagonSourceAssets/Textures/T_Radial_Burst.uexp" 292
"E:/DaleBruise_Repo/Unreal_Learning/Content/tharlevfx_tutorials/CharacterFX/ParagonSourceAssets/Materials/Functions/MF_DitheredRefraction.uasset" 293
"E:/DaleBruise_Repo/Unreal_Learning/Content/tharlevfx_tutorials/CharacterFX/ParagonSourceAssets/Materials/Functions/MF_DitheredRefraction.uexp" 294
"E:/DaleBruise_Repo/Unreal_Learning/Content/tharlevfx_tutorials/CharacterFX/ParagonSourceAssets/Materials/M_Teleport_Refraction.uasset" 295
"E:/DaleBruise_Repo/Unreal_Learning/Content/tharlevfx_tutorials/CharacterFX/ParagonSourceAssets/Materials/M_Teleport_Refraction.uexp" 296
"E:/DaleBruise_Repo/Unreal_Learning/Content/tharlevfx_tutorials/CharacterFX/ParagonSourceAssets/Materials/Functions/MF_FX_EmissiveModulate.uasset" 297
"E:/DaleBruise_Repo/Unreal_Learning/Content/tharlevfx_tutorials/CharacterFX/ParagonSourceAssets/Materials/Functions/MF_FX_EmissiveModulate.uexp" 298
"E:/DaleBruise_Repo/Unreal_Learning/Content/tharlevfx_tutorials/CharacterFX/ParagonSourceAssets/Materials/Functions/MF_ParticleShrinkDistance.uasset" 299
"E:/DaleBruise_Repo/Unreal_Learning/Content/tharlevfx_tutorials/CharacterFX/ParagonSourceAssets/Materials/Functions/MF_ParticleShrinkDistance.uexp" 300
"E:/DaleBruise_Repo/Unreal_Learning/Content/tharlevfx_tutorials/CharacterFX/ParagonSourceAssets/Materials/M_GlowPoint_DistShrink_MASTER.uasset" 301
"E:/DaleBruise_Repo/Unreal_Learning/Content/tharlevfx_tutorials/CharacterFX/ParagonSourceAssets/Materials/M_GlowPoint_DistShrink_MASTER.uexp" 302
"E:/DaleBruise_Repo/Unreal_Learning/Content/tharlevfx_tutorials/CharacterFX/ParagonSourceAssets/Textures/T_Flare_Spikeball.ubulk" 303
"E:/DaleBruise_Repo/Unreal_Learning/Content/tharlevfx_tutorials/CharacterFX/ParagonSourceAssets/Textures/T_Flare_Spikeball.uasset" 304
"E:/DaleBruise_Repo/Unreal_Learning/Content/tharlevfx_tutorials/CharacterFX/ParagonSourceAssets/Textures/T_Flare_Spikeball.uexp" 305
"E:/DaleBruise_Repo/Unreal_Learning/Content/tharlevfx_tutorials/CharacterFX/ParagonSourceAssets/Materials/Functions/FX_EmissiveModulate.uasset" 306
"E:/DaleBruise_Repo/Unreal_Learning/Content/tharlevfx_tutorials/CharacterFX/ParagonSourceAssets/Materials/Functions/FX_EmissiveModulate.uexp" 307
"E:/DaleBruise_Repo/Unreal_Learning/Content/tharlevfx_tutorials/CharacterFX/ParagonSourceAssets/Materials/M_Lensflare_TB_Soft.uasset" 308
"E:/DaleBruise_Repo/Unreal_Learning/Content/tharlevfx_tutorials/CharacterFX/ParagonSourceAssets/Materials/M_Lensflare_TB_Soft.uexp" 309
"E:/DaleBruise_Repo/Unreal_Learning/Content/tharlevfx_tutorials/CharacterFX/ParagonSourceAssets/Niagara/NS_Portal_Cast.uasset" 310
"E:/DaleBruise_Repo/Unreal_Learning/Content/tharlevfx_tutorials/CharacterFX/ParagonSourceAssets/Niagara/NS_Portal_Cast.uexp" 311
"E:/DaleBruise_Repo/Unreal_Learning/Content/SanderAudio/AttenuationSettings/Att_020m.uasset" 312
"E:/DaleBruise_Repo/Unreal_Learning/Content/SanderAudio/AttenuationSettings/Att_020m.uexp" 313
"E:/DaleBruise_Repo/Unreal_Learning/Content/SanderAudio/SoundClasses/SoundSubmixes/SS_ActionRoguelike_UI.uasset" 314
"E:/DaleBruise_Repo/Unreal_Learning/Content/SanderAudio/SoundClasses/SoundSubmixes/SS_ActionRoguelike_UI.uexp" 315
"E:/DaleBruise_Repo/Unreal_Learning/Content/SanderAudio/SoundClasses/SoundSubmixes/SS_ActionRoguelike_Items.uasset" 316
"E:/DaleBruise_Repo/Unreal_Learning/Content/SanderAudio/SoundClasses/SoundSubmixes/SS_ActionRoguelike_Items.uexp" 317
"E:/DaleBruise_Repo/Unreal_Learning/Content/SanderAudio/SoundClasses/SoundSubmixes/SS_ActionRoguelike_Foley.uasset" 318
"E:/DaleBruise_Repo/Unreal_Learning/Content/SanderAudio/SoundClasses/SoundSubmixes/SS_ActionRoguelike_Foley.uexp" 319
"E:/DaleBruise_Repo/Unreal_Learning/Content/SanderAudio/SoundClasses/SoundSubmixes/SS_ActionRoguelike_Environmental.uasset" 320
"E:/DaleBruise_Repo/Unreal_Learning/Content/SanderAudio/SoundClasses/SoundSubmixes/SS_ActionRoguelike_Environmental.uexp" 321
"E:/DaleBruise_Repo/Unreal_Learning/Content/SanderAudio/SoundClasses/SoundSubmixes/SS_ActionRoguelike_Combat.uasset" 322
"E:/DaleBruise_Repo/Unreal_Learning/Content/SanderAudio/SoundClasses/SoundSubmixes/SS_ActionRoguelike_Combat.uexp" 323
"E:/DaleBruise_Repo/Unreal_Learning/Content/SanderAudio/SoundClasses/SoundSubmixes/SS_ActionRoguelike_Amb.uasset" 324
"E:/DaleBruise_Repo/Unreal_Learning/Content/SanderAudio/SoundClasses/SoundSubmixes/SS_ActionRoguelike_Amb.uexp" 325
"E:/DaleBruise_Repo/Unreal_Learning/Content/SanderAudio/SoundClasses/SoundSubmixes/SS_ActionRoguelike_SFX.uasset" 326
"E:/DaleBruise_Repo/Unreal_Learning/Content/SanderAudio/SoundClasses/SoundSubmixes/SS_ActionRoguelike_SFX.uexp" 327
"E:/DaleBruise_Repo/Unreal_Learning/Content/SanderAudio/SoundClasses/SoundSubmixes/SS_ActionRoguelike_Music.uasset" 328
"E:/DaleBruise_Repo/Unreal_Learning/Content/SanderAudio/SoundClasses/SoundSubmixes/SS_ActionRoguelike_Music.uexp" 329
"E:/DaleBruise_Repo/Unreal_Learning/Content/SanderAudio/SoundClasses/SoundSubmixes/SS_ActionRoguelike_Master.uasset" 330
"E:/DaleBruise_Repo/Unreal_Learning/Content/SanderAudio/SoundClasses/SoundSubmixes/SS_ActionRoguelike_Master.uexp" 331
"E:/DaleBruise_Repo/Unreal_Learning/Content/SanderAudio/SoundClasses/SoundSubmixes/SS_ActionRoguelike_VO.uasset" 332
"E:/DaleBruise_Repo/Unreal_Learning/Content/SanderAudio/SoundClasses/SoundSubmixes/SS_ActionRoguelike_VO.uexp" 333
"E:/DaleBruise_Repo/Unreal_Learning/Content/SanderAudio/SoundClasses/SC_ActionRoguelike_VO.uasset" 334
"E:/DaleBruise_Repo/Unreal_Learning/Content/SanderAudio/SoundClasses/SC_ActionRoguelike_VO.uexp" 335
"E:/DaleBruise_Repo/Unreal_Learning/Content/SanderAudio/SoundClasses/SC_ActionRoguelike_Music.uasset" 336
"E:/DaleBruise_Repo/Unreal_Learning/Content/SanderAudio/SoundClasses/SC_ActionRoguelike_Music.uexp" 337
"E:/DaleBruise_Repo/Unreal_Learning/Content/SanderAudio/SoundClasses/SC_ActionRoguelike_Master.uasset" 338
"E:/DaleBruise_Repo/Unreal_Learning/Content/SanderAudio/SoundClasses/SC_ActionRoguelike_Master.uexp" 339
"E:/DaleBruise_Repo/Unreal_Learning/Content/SanderAudio/SoundClasses/SC_ActionRoguelike_UI.uasset" 340
"E:/DaleBruise_Repo/Unreal_Learning/Content/SanderAudio/SoundClasses/SC_ActionRoguelike_UI.uexp" 341
"E:/DaleBruise_Repo/Unreal_Learning/Content/SanderAudio/SoundClasses/SC_ActionRoguelike_Combat.uasset" 342
"E:/DaleBruise_Repo/Unreal_Learning/Content/SanderAudio/SoundClasses/SC_ActionRoguelike_Combat.uexp" 343
"E:/DaleBruise_Repo/Unreal_Learning/Content/SanderAudio/SoundClasses/SC_ActionRoguelike_Foley.uasset" 344
"E:/DaleBruise_Repo/Unreal_Learning/Content/SanderAudio/SoundClasses/SC_ActionRoguelike_Foley.uexp" 345
"E:/DaleBruise_Repo/Unreal_Learning/Content/SanderAudio/SoundClasses/SC_ActionRoguelike_Items.uasset" 346
"E:/DaleBruise_Repo/Unreal_Learning/Content/SanderAudio/SoundClasses/SC_ActionRoguelike_Items.uexp" 347
"E:/DaleBruise_Repo/Unreal_Learning/Content/SanderAudio/SoundClasses/SC_ActionRoguelike_Amb.uasset" 348
"E:/DaleBruise_Repo/Unreal_Learning/Content/SanderAudio/SoundClasses/SC_ActionRoguelike_Amb.uexp" 349
"E:/DaleBruise_Repo/Unreal_Learning/Content/SanderAudio/SoundClasses/SC_ActionRoguelike_Environmental.uasset" 350
"E:/DaleBruise_Repo/Unreal_Learning/Content/SanderAudio/SoundClasses/SC_ActionRoguelike_Environmental.uexp" 351
"E:/DaleBruise_Repo/Unreal_Learning/Content/SanderAudio/SoundClasses/SC_ActionRoguelike_SFX.uasset" 352
"E:/DaleBruise_Repo/Unreal_Learning/Content/SanderAudio/SoundClasses/SC_ActionRoguelike_SFX.uexp" 353
"E:/DaleBruise_Repo/Unreal_Learning/Content/SanderAudio/_MS_Presets/MSS_Preset_RandomGet_STEREO.uasset" 354
"E:/DaleBruise_Repo/Unreal_Learning/Content/SanderAudio/_MS_Presets/MSS_Preset_RandomGet_STEREO.uexp" 355
"E:/DaleBruise_Repo/Unreal_Learning/Content/SanderAudio/AttenuationSettings/Att_040m.uasset" 356
"E:/DaleBruise_Repo/Unreal_Learning/Content/SanderAudio/AttenuationSettings/Att_040m.uexp" 357
"E:/DaleBruise_Repo/Unreal_Learning/Content/SanderAudio/ConcurrencySettings/S_SoundConcurrency_PlayerVOFX.uasset" 358
"E:/DaleBruise_Repo/Unreal_Learning/Content/SanderAudio/ConcurrencySettings/S_SoundConcurrency_PlayerVOFX.uexp" 359
"E:/DaleBruise_Repo/Unreal_Learning/Content/SanderAudio/Sources/Player/VOFX/Gideon_Effort_Swing_013.ubulk" 360
"E:/DaleBruise_Repo/Unreal_Learning/Content/SanderAudio/Sources/Player/VOFX/Gideon_Effort_Swing_013.uasset" 361
"E:/DaleBruise_Repo/Unreal_Learning/Content/SanderAudio/Sources/Player/VOFX/Gideon_Effort_Swing_013.uexp" 362
"E:/DaleBruise_Repo/Unreal_Learning/Content/SanderAudio/Sources/Player/VOFX/Gideon_Effort_Ability_Primary_Cast_010.ubulk" 363
"E:/DaleBruise_Repo/Unreal_Learning/Content/SanderAudio/Sources/Player/VOFX/Gideon_Effort_Ability_Primary_Cast_010.uasset" 364
"E:/DaleBruise_Repo/Unreal_Learning/Content/SanderAudio/Sources/Player/VOFX/Gideon_Effort_Ability_Primary_Cast_010.uexp" 365
"E:/DaleBruise_Repo/Unreal_Learning/Content/SanderAudio/Sources/Player/VOFX/Gideon_Effort_Ability_Primary_Cast_011.ubulk" 366
"E:/DaleBruise_Repo/Unreal_Learning/Content/SanderAudio/Sources/Player/VOFX/Gideon_Effort_Ability_Primary_Cast_011.uasset" 367
"E:/DaleBruise_Repo/Unreal_Learning/Content/SanderAudio/Sources/Player/VOFX/Gideon_Effort_Ability_Primary_Cast_011.uexp" 368
"E:/DaleBruise_Repo/Unreal_Learning/Content/SanderAudio/Sources/Player/VOFX/Gideon_Effort_Swing_010.ubulk" 369
"E:/DaleBruise_Repo/Unreal_Learning/Content/SanderAudio/Sources/Player/VOFX/Gideon_Effort_Swing_010.uasset" 370
"E:/DaleBruise_Repo/Unreal_Learning/Content/SanderAudio/Sources/Player/VOFX/Gideon_Effort_Swing_010.uexp" 371
"E:/DaleBruise_Repo/Unreal_Learning/Content/SanderAudio/Sources/Player/VOFX/Gideon_Effort_Swing_012.ubulk" 372
"E:/DaleBruise_Repo/Unreal_Learning/Content/SanderAudio/Sources/Player/VOFX/Gideon_Effort_Swing_012.uasset" 373
"E:/DaleBruise_Repo/Unreal_Learning/Content/SanderAudio/Sources/Player/VOFX/Gideon_Effort_Swing_012.uexp" 374
"E:/DaleBruise_Repo/Unreal_Learning/Content/SanderAudio/Sources/Player/VOFX/MSS_Player_VOFX_Primary_Cast.uasset" 375
"E:/DaleBruise_Repo/Unreal_Learning/Content/SanderAudio/Sources/Player/VOFX/MSS_Player_VOFX_Primary_Cast.uexp" 376
"E:/DaleBruise_Repo/Unreal_Learning/Content/SanderAudio/Sources/Player/Combat/S_Combat_Abilities_Primary_Cast-015.ubulk" 377
"E:/DaleBruise_Repo/Unreal_Learning/Content/SanderAudio/Sources/Player/Combat/S_Combat_Abilities_Primary_Cast-015.uasset" 378
"E:/DaleBruise_Repo/Unreal_Learning/Content/SanderAudio/Sources/Player/Combat/S_Combat_Abilities_Primary_Cast-015.uexp" 379
"E:/DaleBruise_Repo/Unreal_Learning/Content/SanderAudio/Sources/Player/Combat/S_Combat_Abilities_Primary_Cast-014.ubulk" 380
"E:/DaleBruise_Repo/Unreal_Learning/Content/SanderAudio/Sources/Player/Combat/S_Combat_Abilities_Primary_Cast-014.uasset" 381
"E:/DaleBruise_Repo/Unreal_Learning/Content/SanderAudio/Sources/Player/Combat/S_Combat_Abilities_Primary_Cast-014.uexp" 382
"E:/DaleBruise_Repo/Unreal_Learning/Content/SanderAudio/Sources/Player/Combat/S_Combat_Abilities_Primary_Cast-013.ubulk" 383
"E:/DaleBruise_Repo/Unreal_Learning/Content/SanderAudio/Sources/Player/Combat/S_Combat_Abilities_Primary_Cast-013.uasset" 384
"E:/DaleBruise_Repo/Unreal_Learning/Content/SanderAudio/Sources/Player/Combat/S_Combat_Abilities_Primary_Cast-013.uexp" 385
"E:/DaleBruise_Repo/Unreal_Learning/Content/SanderAudio/Sources/Player/Combat/S_Combat_Abilities_Primary_Cast-012.ubulk" 386
"E:/DaleBruise_Repo/Unreal_Learning/Content/SanderAudio/Sources/Player/Combat/S_Combat_Abilities_Primary_Cast-012.uasset" 387
"E:/DaleBruise_Repo/Unreal_Learning/Content/SanderAudio/Sources/Player/Combat/S_Combat_Abilities_Primary_Cast-012.uexp" 388
"E:/DaleBruise_Repo/Unreal_Learning/Content/SanderAudio/Sources/Player/Combat/S_Combat_Abilities_Primary_Cast-011.ubulk" 389
"E:/DaleBruise_Repo/Unreal_Learning/Content/SanderAudio/Sources/Player/Combat/S_Combat_Abilities_Primary_Cast-011.uasset" 390
"E:/DaleBruise_Repo/Unreal_Learning/Content/SanderAudio/Sources/Player/Combat/S_Combat_Abilities_Primary_Cast-011.uexp" 391
"E:/DaleBruise_Repo/Unreal_Learning/Content/SanderAudio/Sources/Player/Combat/S_Combat_Abilities_Primary_Cast-010.ubulk" 392
"E:/DaleBruise_Repo/Unreal_Learning/Content/SanderAudio/Sources/Player/Combat/S_Combat_Abilities_Primary_Cast-010.uasset" 393
"E:/DaleBruise_Repo/Unreal_Learning/Content/SanderAudio/Sources/Player/Combat/S_Combat_Abilities_Primary_Cast-010.uexp" 394
"E:/DaleBruise_Repo/Unreal_Learning/Content/SanderAudio/Sources/Player/Combat/S_Combat_Abilities_Primary_Cast-009.ubulk" 395
"E:/DaleBruise_Repo/Unreal_Learning/Content/SanderAudio/Sources/Player/Combat/S_Combat_Abilities_Primary_Cast-009.uasset" 396
"E:/DaleBruise_Repo/Unreal_Learning/Content/SanderAudio/Sources/Player/Combat/S_Combat_Abilities_Primary_Cast-009.uexp" 397
"E:/DaleBruise_Repo/Unreal_Learning/Content/SanderAudio/Sources/Player/Combat/S_Combat_Abilities_Primary_Cast-008.ubulk" 398
"E:/DaleBruise_Repo/Unreal_Learning/Content/SanderAudio/Sources/Player/Combat/S_Combat_Abilities_Primary_Cast-008.uasset" 399
"E:/DaleBruise_Repo/Unreal_Learning/Content/SanderAudio/Sources/Player/Combat/S_Combat_Abilities_Primary_Cast-008.uexp" 400
"E:/DaleBruise_Repo/Unreal_Learning/Content/SanderAudio/Sources/Player/Combat/S_Combat_Abilities_Primary_Cast-007.ubulk" 401
"E:/DaleBruise_Repo/Unreal_Learning/Content/SanderAudio/Sources/Player/Combat/S_Combat_Abilities_Primary_Cast-007.uasset" 402
"E:/DaleBruise_Repo/Unreal_Learning/Content/SanderAudio/Sources/Player/Combat/S_Combat_Abilities_Primary_Cast-007.uexp" 403
"E:/DaleBruise_Repo/Unreal_Learning/Content/SanderAudio/Sources/Player/Combat/S_Combat_Abilities_Primary_Cast-006.ubulk" 404
"E:/DaleBruise_Repo/Unreal_Learning/Content/SanderAudio/Sources/Player/Combat/S_Combat_Abilities_Primary_Cast-006.uasset" 405
"E:/DaleBruise_Repo/Unreal_Learning/Content/SanderAudio/Sources/Player/Combat/S_Combat_Abilities_Primary_Cast-006.uexp" 406
"E:/DaleBruise_Repo/Unreal_Learning/Content/SanderAudio/Sources/Player/Combat/S_Combat_Abilities_Primary_Cast-005.ubulk" 407
"E:/DaleBruise_Repo/Unreal_Learning/Content/SanderAudio/Sources/Player/Combat/S_Combat_Abilities_Primary_Cast-005.uasset" 408
"E:/DaleBruise_Repo/Unreal_Learning/Content/SanderAudio/Sources/Player/Combat/S_Combat_Abilities_Primary_Cast-005.uexp" 409
"E:/DaleBruise_Repo/Unreal_Learning/Content/SanderAudio/Sources/Player/Combat/S_Combat_Abilities_Primary_Cast-004.ubulk" 410
"E:/DaleBruise_Repo/Unreal_Learning/Content/SanderAudio/Sources/Player/Combat/S_Combat_Abilities_Primary_Cast-004.uasset" 411
"E:/DaleBruise_Repo/Unreal_Learning/Content/SanderAudio/Sources/Player/Combat/S_Combat_Abilities_Primary_Cast-004.uexp" 412
"E:/DaleBruise_Repo/Unreal_Learning/Content/SanderAudio/Sources/Player/Combat/S_Combat_Abilities_Primary_Cast-003.ubulk" 413
"E:/DaleBruise_Repo/Unreal_Learning/Content/SanderAudio/Sources/Player/Combat/S_Combat_Abilities_Primary_Cast-003.uasset" 414
"E:/DaleBruise_Repo/Unreal_Learning/Content/SanderAudio/Sources/Player/Combat/S_Combat_Abilities_Primary_Cast-003.uexp" 415
"E:/DaleBruise_Repo/Unreal_Learning/Content/SanderAudio/Sources/Player/Combat/S_Combat_Abilities_Primary_Cast-002.ubulk" 416
"E:/DaleBruise_Repo/Unreal_Learning/Content/SanderAudio/Sources/Player/Combat/S_Combat_Abilities_Primary_Cast-002.uasset" 417
"E:/DaleBruise_Repo/Unreal_Learning/Content/SanderAudio/Sources/Player/Combat/S_Combat_Abilities_Primary_Cast-002.uexp" 418
"E:/DaleBruise_Repo/Unreal_Learning/Content/SanderAudio/Sources/Player/Combat/S_Combat_Abilities_Primary_Cast-001.ubulk" 419
"E:/DaleBruise_Repo/Unreal_Learning/Content/SanderAudio/Sources/Player/Combat/S_Combat_Abilities_Primary_Cast-001.uasset" 420
"E:/DaleBruise_Repo/Unreal_Learning/Content/SanderAudio/Sources/Player/Combat/S_Combat_Abilities_Primary_Cast-001.uexp" 421
"E:/DaleBruise_Repo/Unreal_Learning/Content/SanderAudio/Sources/Player/Combat/MSS_Combat_Abilities_Primary_Cast.uasset" 422
"E:/DaleBruise_Repo/Unreal_Learning/Content/SanderAudio/Sources/Player/Combat/MSS_Combat_Abilities_Primary_Cast.uexp" 423
"E:/DaleBruise_Repo/Unreal_Learning/Content/ControlRig/Characters/Mannequins/Animations/Gideon/Primary_Attack_A_Medium.uasset" 424
"E:/DaleBruise_Repo/Unreal_Learning/Content/ControlRig/Characters/Mannequins/Animations/Gideon/Primary_Attack_A_Medium.uexp" 425
"E:/DaleBruise_Repo/Unreal_Learning/Content/ControlRig/Characters/Mannequins/Animations/Gideon/Primary_Attack_A_Medium_Montage.uasset" 426
"E:/DaleBruise_Repo/Unreal_Learning/Content/ControlRig/Characters/Mannequins/Animations/Gideon/Primary_Attack_A_Medium_Montage.uexp" 427
"../../../Engine/Plugins/FX/Niagara/Content/VectorFields/Assets/TilingCurl32.uasset" 428
"../../../Engine/Plugins/FX/Niagara/Content/VectorFields/Assets/TilingCurl32.uexp" 429
"../../../Engine/Content/Functions/Engine_MaterialFunctions01/ImageAdjustment/DeriveHDRfromLDR.uasset" 430
"../../../Engine/Content/Functions/Engine_MaterialFunctions01/ImageAdjustment/DeriveHDRfromLDR.uexp" 431
"E:/DaleBruise_Repo/Unreal_Learning/Content/tharlevfx_tutorials/CharacterFX/ParagonSourceAssets/Textures/T_Spark_Soft.ubulk" 432
"E:/DaleBruise_Repo/Unreal_Learning/Content/tharlevfx_tutorials/CharacterFX/ParagonSourceAssets/Textures/T_Spark_Soft.uasset" 433
"E:/DaleBruise_Repo/Unreal_Learning/Content/tharlevfx_tutorials/CharacterFX/ParagonSourceAssets/Textures/T_Spark_Soft.uexp" 434
"E:/DaleBruise_Repo/Unreal_Learning/Content/tharlevfx_tutorials/CharacterFX/ParagonSourceAssets/Materials/M_Hotdog_Spark_VLerp_MASTER.uasset" 435
"E:/DaleBruise_Repo/Unreal_Learning/Content/tharlevfx_tutorials/CharacterFX/ParagonSourceAssets/Materials/M_Hotdog_Spark_VLerp_MASTER.uexp" 436
"../../../Engine/Content/Functions/Engine_MaterialFunctions02/Utility/VectorLength.uasset" 437
"../../../Engine/Content/Functions/Engine_MaterialFunctions02/Utility/VectorLength.uexp" 438
"../../../Engine/Content/Functions/Engine_MaterialFunctions02/Utility/BreakOutFloat3Components.uasset" 439
"../../../Engine/Content/Functions/Engine_MaterialFunctions02/Utility/BreakOutFloat3Components.uexp" 440
"../../../Engine/Content/Functions/Engine_MaterialFunctions02/Math/Transform3x3Matrix.uasset" 441
"../../../Engine/Content/Functions/Engine_MaterialFunctions02/Math/Transform3x3Matrix.uexp" 442
"../../../Engine/Content/Functions/Engine_MaterialFunctions02/Utility/BlendAngleCorrectedNormals.uasset" 443
"../../../Engine/Content/Functions/Engine_MaterialFunctions02/Utility/BlendAngleCorrectedNormals.uexp" 444
"../../../Engine/Content/Functions/Engine_MaterialFunctions02/SafeNormalize.uasset" 445
"../../../Engine/Content/Functions/Engine_MaterialFunctions02/SafeNormalize.uexp" 446
"../../../Engine/Content/Functions/Engine_MaterialFunctions02/Math/CreateThirdOrthogonalVector.uasset" 447
"../../../Engine/Content/Functions/Engine_MaterialFunctions02/Math/CreateThirdOrthogonalVector.uexp" 448
"../../../Engine/Content/Functions/Engine_MaterialFunctions02/TangentBasis.uasset" 449
"../../../Engine/Content/Functions/Engine_MaterialFunctions02/TangentBasis.uexp" 450
"../../../Engine/Content/Functions/Engine_MaterialFunctions01/WorldPositionOffset/SplineThicken.uasset" 451
"../../../Engine/Content/Functions/Engine_MaterialFunctions01/WorldPositionOffset/SplineThicken.uexp" 452
"E:/DaleBruise_Repo/Unreal_Learning/Content/tharlevfx_tutorials/CharacterFX/ParagonSourceAssets/Textures/T_Trail_Mask.ubulk" 453
"E:/DaleBruise_Repo/Unreal_Learning/Content/tharlevfx_tutorials/CharacterFX/ParagonSourceAssets/Textures/T_Trail_Mask.uasset" 454
"E:/DaleBruise_Repo/Unreal_Learning/Content/tharlevfx_tutorials/CharacterFX/ParagonSourceAssets/Textures/T_Trail_Mask.uexp" 455
"E:/DaleBruise_Repo/Unreal_Learning/Content/tharlevfx_tutorials/CharacterFX/ParagonSourceAssets/Textures/T_Soft_Noise.ubulk" 456
"E:/DaleBruise_Repo/Unreal_Learning/Content/tharlevfx_tutorials/CharacterFX/ParagonSourceAssets/Textures/T_Soft_Noise.uasset" 457
"E:/DaleBruise_Repo/Unreal_Learning/Content/tharlevfx_tutorials/CharacterFX/ParagonSourceAssets/Textures/T_Soft_Noise.uexp" 458
"E:/DaleBruise_Repo/Unreal_Learning/Content/tharlevfx_tutorials/CharacterFX/ParagonSourceAssets/Textures/T_Smoke_Trail_Soft.ubulk" 459
"E:/DaleBruise_Repo/Unreal_Learning/Content/tharlevfx_tutorials/CharacterFX/ParagonSourceAssets/Textures/T_Smoke_Trail_Soft.uasset" 460
"E:/DaleBruise_Repo/Unreal_Learning/Content/tharlevfx_tutorials/CharacterFX/ParagonSourceAssets/Textures/T_Smoke_Trail_Soft.uexp" 461
"E:/DaleBruise_Repo/Unreal_Learning/Content/tharlevfx_tutorials/CharacterFX/ParagonSourceAssets/Textures/T_Silky_Smoke_Trail.ubulk" 462
"E:/DaleBruise_Repo/Unreal_Learning/Content/tharlevfx_tutorials/CharacterFX/ParagonSourceAssets/Textures/T_Silky_Smoke_Trail.uasset" 463
"E:/DaleBruise_Repo/Unreal_Learning/Content/tharlevfx_tutorials/CharacterFX/ParagonSourceAssets/Textures/T_Silky_Smoke_Trail.uexp" 464
"E:/DaleBruise_Repo/Unreal_Learning/Content/tharlevfx_tutorials/CharacterFX/ParagonSourceAssets/Materials/Functions/MF_FX_NearCameraFade.uasset" 465
"E:/DaleBruise_Repo/Unreal_Learning/Content/tharlevfx_tutorials/CharacterFX/ParagonSourceAssets/Materials/Functions/MF_FX_NearCameraFade.uexp" 466
"E:/DaleBruise_Repo/Unreal_Learning/Content/tharlevfx_tutorials/CharacterFX/ParagonSourceAssets/Materials/M_Wisp_SplineThicken_Small.uasset" 467
"E:/DaleBruise_Repo/Unreal_Learning/Content/tharlevfx_tutorials/CharacterFX/ParagonSourceAssets/Materials/M_Wisp_SplineThicken_Small.uexp" 468
"E:/DaleBruise_Repo/Unreal_Learning/Content/tharlevfx_tutorials/CharacterFX/ParagonSourceAssets/Materials/M_Wispy_Smoke_Trail_Projectile.uasset" 469
"E:/DaleBruise_Repo/Unreal_Learning/Content/tharlevfx_tutorials/CharacterFX/ParagonSourceAssets/Materials/M_Wispy_Smoke_Trail_Projectile.uexp" 470
"E:/DaleBruise_Repo/Unreal_Learning/Content/tharlevfx_tutorials/CharacterFX/ParagonSourceAssets/Meshes/SM_Spline_X_Aligned.ubulk" 471
"E:/DaleBruise_Repo/Unreal_Learning/Content/tharlevfx_tutorials/CharacterFX/ParagonSourceAssets/Meshes/SM_Spline_X_Aligned.uasset" 472
"E:/DaleBruise_Repo/Unreal_Learning/Content/tharlevfx_tutorials/CharacterFX/ParagonSourceAssets/Meshes/SM_Spline_X_Aligned.uexp" 473
"E:/DaleBruise_Repo/Unreal_Learning/Content/tharlevfx_tutorials/CharacterFX/ParagonSourceAssets/Niagara/NS_Gideon_Primary_Projectile.uasset" 474
"E:/DaleBruise_Repo/Unreal_Learning/Content/tharlevfx_tutorials/CharacterFX/ParagonSourceAssets/Niagara/NS_Gideon_Primary_Projectile.uexp" 475
"../../../Engine/Content/Functions/Engine_MaterialFunctions02/Utility/DebugTimeSine.uasset" 476
"../../../Engine/Content/Functions/Engine_MaterialFunctions02/Utility/DebugTimeSine.uexp" 477
"E:/DaleBruise_Repo/Unreal_Learning/Content/tharlevfx_tutorials/CharacterFX/ParagonSourceAssets/Textures/T_Radial_Refraction_Blur_N.ubulk" 478
"E:/DaleBruise_Repo/Unreal_Learning/Content/tharlevfx_tutorials/CharacterFX/ParagonSourceAssets/Textures/T_Radial_Refraction_Blur_N.uasset" 479
"E:/DaleBruise_Repo/Unreal_Learning/Content/tharlevfx_tutorials/CharacterFX/ParagonSourceAssets/Textures/T_Radial_Refraction_Blur_N.uexp" 480
"E:/DaleBruise_Repo/Unreal_Learning/Content/tharlevfx_tutorials/CharacterFX/ParagonSourceAssets/Materials/M_Radial_Blur_Refraction.uasset" 481
"E:/DaleBruise_Repo/Unreal_Learning/Content/tharlevfx_tutorials/CharacterFX/ParagonSourceAssets/Materials/M_Radial_Blur_Refraction.uexp" 482
"E:/DaleBruise_Repo/Unreal_Learning/Content/tharlevfx_tutorials/CharacterFX/ParagonSourceAssets/Materials/M_Soft_Spark_Glow.uasset" 483
"E:/DaleBruise_Repo/Unreal_Learning/Content/tharlevfx_tutorials/CharacterFX/ParagonSourceAssets/Materials/M_Soft_Spark_Glow.uexp" 484
"E:/DaleBruise_Repo/Unreal_Learning/Content/tharlevfx_tutorials/CharacterFX/ParagonSourceAssets/Textures/T_Inky_Smoke_Tile.ubulk" 485
"E:/DaleBruise_Repo/Unreal_Learning/Content/tharlevfx_tutorials/CharacterFX/ParagonSourceAssets/Textures/T_Inky_Smoke_Tile.uasset" 486
"E:/DaleBruise_Repo/Unreal_Learning/Content/tharlevfx_tutorials/CharacterFX/ParagonSourceAssets/Textures/T_Inky_Smoke_Tile.uexp" 487
"E:/DaleBruise_Repo/Unreal_Learning/Content/tharlevfx_tutorials/CharacterFX/ParagonSourceAssets/Textures/T_Inky_Smoke.ubulk" 488
"E:/DaleBruise_Repo/Unreal_Learning/Content/tharlevfx_tutorials/CharacterFX/ParagonSourceAssets/Textures/T_Inky_Smoke.uasset" 489
"E:/DaleBruise_Repo/Unreal_Learning/Content/tharlevfx_tutorials/CharacterFX/ParagonSourceAssets/Textures/T_Inky_Smoke.uexp" 490
"E:/DaleBruise_Repo/Unreal_Learning/Content/tharlevfx_tutorials/CharacterFX/ParagonSourceAssets/Materials/M_Inky_Smoke_Burst.uasset" 491
"E:/DaleBruise_Repo/Unreal_Learning/Content/tharlevfx_tutorials/CharacterFX/ParagonSourceAssets/Materials/M_Inky_Smoke_Burst.uexp" 492
"E:/DaleBruise_Repo/Unreal_Learning/Content/tharlevfx_tutorials/CharacterFX/ParagonSourceAssets/Materials/M_DarkFlare_DistShrink.uasset" 493
"E:/DaleBruise_Repo/Unreal_Learning/Content/tharlevfx_tutorials/CharacterFX/ParagonSourceAssets/Materials/M_DarkFlare_DistShrink.uexp" 494
"E:/DaleBruise_Repo/Unreal_Learning/Content/tharlevfx_tutorials/CharacterFX/ParagonSourceAssets/Textures/T_Concrete_ChunkSubUV_N_TGA.ubulk" 495
"E:/DaleBruise_Repo/Unreal_Learning/Content/tharlevfx_tutorials/CharacterFX/ParagonSourceAssets/Textures/T_Concrete_ChunkSubUV_N_TGA.uasset" 496
"E:/DaleBruise_Repo/Unreal_Learning/Content/tharlevfx_tutorials/CharacterFX/ParagonSourceAssets/Textures/T_Concrete_ChunkSubUV_N_TGA.uexp" 497
"E:/DaleBruise_Repo/Unreal_Learning/Content/tharlevfx_tutorials/CharacterFX/ParagonSourceAssets/Textures/T_Concrete_ChunkSubUV_D.ubulk" 498
"E:/DaleBruise_Repo/Unreal_Learning/Content/tharlevfx_tutorials/CharacterFX/ParagonSourceAssets/Textures/T_Concrete_ChunkSubUV_D.uasset" 499
"E:/DaleBruise_Repo/Unreal_Learning/Content/tharlevfx_tutorials/CharacterFX/ParagonSourceAssets/Textures/T_Concrete_ChunkSubUV_D.uexp" 500
"E:/DaleBruise_Repo/Unreal_Learning/Content/tharlevfx_tutorials/CharacterFX/ParagonSourceAssets/Materials/M_Explosion_RockChunks.uasset" 501
"E:/DaleBruise_Repo/Unreal_Learning/Content/tharlevfx_tutorials/CharacterFX/ParagonSourceAssets/Materials/M_Explosion_RockChunks.uexp" 502
"E:/DaleBruise_Repo/Unreal_Learning/Content/tharlevfx_tutorials/CharacterFX/ParagonSourceAssets/Textures/T_TilingClouds_01.ubulk" 503
"E:/DaleBruise_Repo/Unreal_Learning/Content/tharlevfx_tutorials/CharacterFX/ParagonSourceAssets/Textures/T_TilingClouds_01.uasset" 504
"E:/DaleBruise_Repo/Unreal_Learning/Content/tharlevfx_tutorials/CharacterFX/ParagonSourceAssets/Textures/T_TilingClouds_01.uexp" 505
"E:/DaleBruise_Repo/Unreal_Learning/Content/tharlevfx_tutorials/CharacterFX/ParagonSourceAssets/Textures/T_FluidSmoke_04_Depth.ubulk" 506
"E:/DaleBruise_Repo/Unreal_Learning/Content/tharlevfx_tutorials/CharacterFX/ParagonSourceAssets/Textures/T_FluidSmoke_04_Depth.uasset" 507
"E:/DaleBruise_Repo/Unreal_Learning/Content/tharlevfx_tutorials/CharacterFX/ParagonSourceAssets/Textures/T_FluidSmoke_04_Depth.uexp" 508
"E:/DaleBruise_Repo/Unreal_Learning/Content/tharlevfx_tutorials/CharacterFX/ParagonSourceAssets/Textures/T_FluidSmoke_04.ubulk" 509
"E:/DaleBruise_Repo/Unreal_Learning/Content/tharlevfx_tutorials/CharacterFX/ParagonSourceAssets/Textures/T_FluidSmoke_04.uasset" 510
"E:/DaleBruise_Repo/Unreal_Learning/Content/tharlevfx_tutorials/CharacterFX/ParagonSourceAssets/Textures/T_FluidSmoke_04.uexp" 511
"E:/DaleBruise_Repo/Unreal_Learning/Content/tharlevfx_tutorials/CharacterFX/ParagonSourceAssets/Materials/Functions/MF_CameraDistanceFade.uasset" 512
"E:/DaleBruise_Repo/Unreal_Learning/Content/tharlevfx_tutorials/CharacterFX/ParagonSourceAssets/Materials/Functions/MF_CameraDistanceFade.uexp" 513
"E:/DaleBruise_Repo/Unreal_Learning/Content/tharlevfx_tutorials/CharacterFX/ParagonSourceAssets/Materials/M_Explosion_Smoke_Spears.uasset" 514
"E:/DaleBruise_Repo/Unreal_Learning/Content/tharlevfx_tutorials/CharacterFX/ParagonSourceAssets/Materials/M_Explosion_Smoke_Spears.uexp" 515
"E:/DaleBruise_Repo/Unreal_Learning/Content/tharlevfx_tutorials/CharacterFX/ParagonSourceAssets/Materials/Functions/MF_Eleven_Colors.uasset" 516
"E:/DaleBruise_Repo/Unreal_Learning/Content/tharlevfx_tutorials/CharacterFX/ParagonSourceAssets/Materials/Functions/MF_Eleven_Colors.uexp" 517
"E:/DaleBruise_Repo/Unreal_Learning/Content/tharlevfx_tutorials/CharacterFX/ParagonSourceAssets/Materials/M_Lensflare_TB_Soft_LDR2HDR.uasset" 518
"E:/DaleBruise_Repo/Unreal_Learning/Content/tharlevfx_tutorials/CharacterFX/ParagonSourceAssets/Materials/M_Lensflare_TB_Soft_LDR2HDR.uexp" 519
"E:/DaleBruise_Repo/Unreal_Learning/Content/tharlevfx_tutorials/CharacterFX/ParagonSourceAssets/Textures/T_TankMoteNoise.ubulk" 520
"E:/DaleBruise_Repo/Unreal_Learning/Content/tharlevfx_tutorials/CharacterFX/ParagonSourceAssets/Textures/T_TankMoteNoise.uasset" 521
"E:/DaleBruise_Repo/Unreal_Learning/Content/tharlevfx_tutorials/CharacterFX/ParagonSourceAssets/Textures/T_TankMoteNoise.uexp" 522
"E:/DaleBruise_Repo/Unreal_Learning/Content/tharlevfx_tutorials/CharacterFX/ParagonSourceAssets/Textures/T_StretchSpark_01.ubulk" 523
"E:/DaleBruise_Repo/Unreal_Learning/Content/tharlevfx_tutorials/CharacterFX/ParagonSourceAssets/Textures/T_StretchSpark_01.uasset" 524
"E:/DaleBruise_Repo/Unreal_Learning/Content/tharlevfx_tutorials/CharacterFX/ParagonSourceAssets/Textures/T_StretchSpark_01.uexp" 525
"E:/DaleBruise_Repo/Unreal_Learning/Content/tharlevfx_tutorials/CharacterFX/ParagonSourceAssets/Textures/T_Glow_Sphere_Soft.ubulk" 526
"E:/DaleBruise_Repo/Unreal_Learning/Content/tharlevfx_tutorials/CharacterFX/ParagonSourceAssets/Textures/T_Glow_Sphere_Soft.uasset" 527
"E:/DaleBruise_Repo/Unreal_Learning/Content/tharlevfx_tutorials/CharacterFX/ParagonSourceAssets/Textures/T_Glow_Sphere_Soft.uexp" 528
"E:/DaleBruise_Repo/Unreal_Learning/Content/tharlevfx_tutorials/CharacterFX/ParagonSourceAssets/Materials/M_Spark_VelocityLerp_TeamColor.uasset" 529
"E:/DaleBruise_Repo/Unreal_Learning/Content/tharlevfx_tutorials/CharacterFX/ParagonSourceAssets/Materials/M_Spark_VelocityLerp_TeamColor.uexp" 530
"E:/DaleBruise_Repo/Unreal_Learning/Content/tharlevfx_tutorials/CharacterFX/ParagonSourceAssets/Materials/M_Spark_VelocityLerp_Pellets_Inst.uasset" 531
"E:/DaleBruise_Repo/Unreal_Learning/Content/tharlevfx_tutorials/CharacterFX/ParagonSourceAssets/Materials/M_Spark_VelocityLerp_Pellets_Inst.uexp" 532
"E:/DaleBruise_Repo/Unreal_Learning/Content/tharlevfx_tutorials/CharacterFX/ParagonSourceAssets/Niagara/NS_Gideon_Primary_HitWorld.uasset" 533
"E:/DaleBruise_Repo/Unreal_Learning/Content/tharlevfx_tutorials/CharacterFX/ParagonSourceAssets/Niagara/NS_Gideon_Primary_HitWorld.uexp" 534
"E:/DaleBruise_Repo/Unreal_Learning/Content/SanderAudio/AttenuationSettings/Att_100m.uasset" 535
"E:/DaleBruise_Repo/Unreal_Learning/Content/SanderAudio/AttenuationSettings/Att_100m.uexp" 536
"E:/DaleBruise_Repo/Unreal_Learning/Content/SanderAudio/Sources/Player/Combat/S_Combat_Abilities_Primary_Loop.ubulk" 537
"E:/DaleBruise_Repo/Unreal_Learning/Content/SanderAudio/Sources/Player/Combat/S_Combat_Abilities_Primary_Loop.uasset" 538
"E:/DaleBruise_Repo/Unreal_Learning/Content/SanderAudio/Sources/Player/Combat/S_Combat_Abilities_Primary_Loop.uexp" 539
"E:/DaleBruise_Repo/Unreal_Learning/Content/SanderAudio/Sources/Player/Combat/MSS_Combat_Abilities_Primary_Loop.uasset" 540
"E:/DaleBruise_Repo/Unreal_Learning/Content/SanderAudio/Sources/Player/Combat/MSS_Combat_Abilities_Primary_Loop.uexp" 541
"E:/DaleBruise_Repo/Unreal_Learning/Content/SanderAudio/Sources/Player/Combat/S_Combat_Abilities_Primary_Impact-016.ubulk" 542
"E:/DaleBruise_Repo/Unreal_Learning/Content/SanderAudio/Sources/Player/Combat/S_Combat_Abilities_Primary_Impact-016.uasset" 543
"E:/DaleBruise_Repo/Unreal_Learning/Content/SanderAudio/Sources/Player/Combat/S_Combat_Abilities_Primary_Impact-016.uexp" 544
"E:/DaleBruise_Repo/Unreal_Learning/Content/SanderAudio/Sources/Player/Combat/S_Combat_Abilities_Primary_Impact-015.ubulk" 545
"E:/DaleBruise_Repo/Unreal_Learning/Content/SanderAudio/Sources/Player/Combat/S_Combat_Abilities_Primary_Impact-015.uasset" 546
"E:/DaleBruise_Repo/Unreal_Learning/Content/SanderAudio/Sources/Player/Combat/S_Combat_Abilities_Primary_Impact-015.uexp" 547
"E:/DaleBruise_Repo/Unreal_Learning/Content/SanderAudio/Sources/Player/Combat/S_Combat_Abilities_Primary_Impact-014.ubulk" 548
"E:/DaleBruise_Repo/Unreal_Learning/Content/SanderAudio/Sources/Player/Combat/S_Combat_Abilities_Primary_Impact-014.uasset" 549
"E:/DaleBruise_Repo/Unreal_Learning/Content/SanderAudio/Sources/Player/Combat/S_Combat_Abilities_Primary_Impact-014.uexp" 550
"E:/DaleBruise_Repo/Unreal_Learning/Content/SanderAudio/Sources/Player/Combat/S_Combat_Abilities_Primary_Impact-013.ubulk" 551
"E:/DaleBruise_Repo/Unreal_Learning/Content/SanderAudio/Sources/Player/Combat/S_Combat_Abilities_Primary_Impact-013.uasset" 552
"E:/DaleBruise_Repo/Unreal_Learning/Content/SanderAudio/Sources/Player/Combat/S_Combat_Abilities_Primary_Impact-013.uexp" 553
"E:/DaleBruise_Repo/Unreal_Learning/Content/SanderAudio/Sources/Player/Combat/S_Combat_Abilities_Primary_Impact-012.ubulk" 554
"E:/DaleBruise_Repo/Unreal_Learning/Content/SanderAudio/Sources/Player/Combat/S_Combat_Abilities_Primary_Impact-012.uasset" 555
"E:/DaleBruise_Repo/Unreal_Learning/Content/SanderAudio/Sources/Player/Combat/S_Combat_Abilities_Primary_Impact-012.uexp" 556
"E:/DaleBruise_Repo/Unreal_Learning/Content/SanderAudio/Sources/Player/Combat/S_Combat_Abilities_Primary_Impact-011.ubulk" 557
"E:/DaleBruise_Repo/Unreal_Learning/Content/SanderAudio/Sources/Player/Combat/S_Combat_Abilities_Primary_Impact-011.uasset" 558
"E:/DaleBruise_Repo/Unreal_Learning/Content/SanderAudio/Sources/Player/Combat/S_Combat_Abilities_Primary_Impact-011.uexp" 559
"E:/DaleBruise_Repo/Unreal_Learning/Content/SanderAudio/Sources/Player/Combat/S_Combat_Abilities_Primary_Impact-010.ubulk" 560
"E:/DaleBruise_Repo/Unreal_Learning/Content/SanderAudio/Sources/Player/Combat/S_Combat_Abilities_Primary_Impact-010.uasset" 561
"E:/DaleBruise_Repo/Unreal_Learning/Content/SanderAudio/Sources/Player/Combat/S_Combat_Abilities_Primary_Impact-010.uexp" 562
"E:/DaleBruise_Repo/Unreal_Learning/Content/SanderAudio/Sources/Player/Combat/S_Combat_Abilities_Primary_Impact-009.ubulk" 563
"E:/DaleBruise_Repo/Unreal_Learning/Content/SanderAudio/Sources/Player/Combat/S_Combat_Abilities_Primary_Impact-009.uasset" 564
"E:/DaleBruise_Repo/Unreal_Learning/Content/SanderAudio/Sources/Player/Combat/S_Combat_Abilities_Primary_Impact-009.uexp" 565
"E:/DaleBruise_Repo/Unreal_Learning/Content/SanderAudio/Sources/Player/Combat/S_Combat_Abilities_Primary_Impact-008.ubulk" 566
"E:/DaleBruise_Repo/Unreal_Learning/Content/SanderAudio/Sources/Player/Combat/S_Combat_Abilities_Primary_Impact-008.uasset" 567
"E:/DaleBruise_Repo/Unreal_Learning/Content/SanderAudio/Sources/Player/Combat/S_Combat_Abilities_Primary_Impact-008.uexp" 568
"E:/DaleBruise_Repo/Unreal_Learning/Content/SanderAudio/Sources/Player/Combat/S_Combat_Abilities_Primary_Impact-007.ubulk" 569
"E:/DaleBruise_Repo/Unreal_Learning/Content/SanderAudio/Sources/Player/Combat/S_Combat_Abilities_Primary_Impact-007.uasset" 570
"E:/DaleBruise_Repo/Unreal_Learning/Content/SanderAudio/Sources/Player/Combat/S_Combat_Abilities_Primary_Impact-007.uexp" 571
"E:/DaleBruise_Repo/Unreal_Learning/Content/SanderAudio/Sources/Player/Combat/S_Combat_Abilities_Primary_Impact-006.ubulk" 572
"E:/DaleBruise_Repo/Unreal_Learning/Content/SanderAudio/Sources/Player/Combat/S_Combat_Abilities_Primary_Impact-006.uasset" 573
"E:/DaleBruise_Repo/Unreal_Learning/Content/SanderAudio/Sources/Player/Combat/S_Combat_Abilities_Primary_Impact-006.uexp" 574
"E:/DaleBruise_Repo/Unreal_Learning/Content/SanderAudio/Sources/Player/Combat/S_Combat_Abilities_Primary_Impact-005.ubulk" 575
"E:/DaleBruise_Repo/Unreal_Learning/Content/SanderAudio/Sources/Player/Combat/S_Combat_Abilities_Primary_Impact-005.uasset" 576
"E:/DaleBruise_Repo/Unreal_Learning/Content/SanderAudio/Sources/Player/Combat/S_Combat_Abilities_Primary_Impact-005.uexp" 577
"E:/DaleBruise_Repo/Unreal_Learning/Content/SanderAudio/Sources/Player/Combat/S_Combat_Abilities_Primary_Impact-004.ubulk" 578
"E:/DaleBruise_Repo/Unreal_Learning/Content/SanderAudio/Sources/Player/Combat/S_Combat_Abilities_Primary_Impact-004.uasset" 579
"E:/DaleBruise_Repo/Unreal_Learning/Content/SanderAudio/Sources/Player/Combat/S_Combat_Abilities_Primary_Impact-004.uexp" 580
"E:/DaleBruise_Repo/Unreal_Learning/Content/SanderAudio/Sources/Player/Combat/S_Combat_Abilities_Primary_Impact-003.ubulk" 581
"E:/DaleBruise_Repo/Unreal_Learning/Content/SanderAudio/Sources/Player/Combat/S_Combat_Abilities_Primary_Impact-003.uasset" 582
"E:/DaleBruise_Repo/Unreal_Learning/Content/SanderAudio/Sources/Player/Combat/S_Combat_Abilities_Primary_Impact-003.uexp" 583
"E:/DaleBruise_Repo/Unreal_Learning/Content/SanderAudio/Sources/Player/Combat/S_Combat_Abilities_Primary_Impact-002.ubulk" 584
"E:/DaleBruise_Repo/Unreal_Learning/Content/SanderAudio/Sources/Player/Combat/S_Combat_Abilities_Primary_Impact-002.uasset" 585
"E:/DaleBruise_Repo/Unreal_Learning/Content/SanderAudio/Sources/Player/Combat/S_Combat_Abilities_Primary_Impact-002.uexp" 586
"E:/DaleBruise_Repo/Unreal_Learning/Content/SanderAudio/Sources/Player/Combat/S_Combat_Abilities_Primary_Impact-001.ubulk" 587
"E:/DaleBruise_Repo/Unreal_Learning/Content/SanderAudio/Sources/Player/Combat/S_Combat_Abilities_Primary_Impact-001.uasset" 588
"E:/DaleBruise_Repo/Unreal_Learning/Content/SanderAudio/Sources/Player/Combat/S_Combat_Abilities_Primary_Impact-001.uexp" 589
"E:/DaleBruise_Repo/Unreal_Learning/Content/SanderAudio/Sources/Player/Combat/MSS_Combat_Abilities_Primary_Impact.uasset" 590
"E:/DaleBruise_Repo/Unreal_Learning/Content/SanderAudio/Sources/Player/Combat/MSS_Combat_Abilities_Primary_Impact.uexp" 591
"E:/DaleBruise_Repo/Unreal_Learning/Content/ActionRogueLike/DamageType/BP_DamgeType_Default.uasset" 592
"E:/DaleBruise_Repo/Unreal_Learning/Content/ActionRogueLike/DamageType/BP_DamgeType_Default.uexp" 593
"E:/DaleBruise_Repo/Unreal_Learning/Content/ActionRogueLike/Projectiles/BP_ProjectileMagic.uasset" 594
"E:/DaleBruise_Repo/Unreal_Learning/Content/ActionRogueLike/Projectiles/BP_ProjectileMagic.uexp" 595
"E:/DaleBruise_Repo/Unreal_Learning/Content/ActionRogueLike/Actions/Action_MagicProjectile.uasset" 596
"E:/DaleBruise_Repo/Unreal_Learning/Content/ActionRogueLike/Actions/Action_MagicProjectile.uexp" 597
"../../../Engine/Plugins/FX/Niagara/Content/DefaultAssets/DefaultSpriteMaterial.uasset" 598
"../../../Engine/Plugins/FX/Niagara/Content/DefaultAssets/DefaultSpriteMaterial.uexp" 599
"../../../Engine/Content/Functions/Engine_MaterialFunctions01/WorldPositionOffset/SimpleGrassWind.uasset" 600
"../../../Engine/Content/Functions/Engine_MaterialFunctions01/WorldPositionOffset/SimpleGrassWind.uexp" 601
"E:/DaleBruise_Repo/Unreal_Learning/Content/tharlevfx_tutorials/CharacterFX/ParagonSourceAssets/Textures/T_Portal_Gradient_M.ubulk" 602
"E:/DaleBruise_Repo/Unreal_Learning/Content/tharlevfx_tutorials/CharacterFX/ParagonSourceAssets/Textures/T_Portal_Gradient_M.uasset" 603
"E:/DaleBruise_Repo/Unreal_Learning/Content/tharlevfx_tutorials/CharacterFX/ParagonSourceAssets/Textures/T_Portal_Gradient_M.uexp" 604
"E:/DaleBruise_Repo/Unreal_Learning/Content/tharlevfx_tutorials/CharacterFX/ParagonSourceAssets/Textures/T_EnergyPlasma_Tile_H_01.ubulk" 605
"E:/DaleBruise_Repo/Unreal_Learning/Content/tharlevfx_tutorials/CharacterFX/ParagonSourceAssets/Textures/T_EnergyPlasma_Tile_H_01.uasset" 606
"E:/DaleBruise_Repo/Unreal_Learning/Content/tharlevfx_tutorials/CharacterFX/ParagonSourceAssets/Textures/T_EnergyPlasma_Tile_H_01.uexp" 607
"E:/DaleBruise_Repo/Unreal_Learning/Content/tharlevfx_tutorials/CharacterFX/ParagonSourceAssets/Materials/Functions/MF_FadeBasedOnViewAngle.uasset" 608
"E:/DaleBruise_Repo/Unreal_Learning/Content/tharlevfx_tutorials/CharacterFX/ParagonSourceAssets/Materials/Functions/MF_FadeBasedOnViewAngle.uexp" 609
"E:/DaleBruise_Repo/Unreal_Learning/Content/tharlevfx_tutorials/CharacterFX/ParagonSourceAssets/Materials/M_Portal_Open_Burst.uasset" 610
"E:/DaleBruise_Repo/Unreal_Learning/Content/tharlevfx_tutorials/CharacterFX/ParagonSourceAssets/Materials/M_Portal_Open_Burst.uexp" 611
"E:/DaleBruise_Repo/Unreal_Learning/Content/tharlevfx_tutorials/CharacterFX/ParagonSourceAssets/Meshes/SM_Impact_Warp.ubulk" 612
"E:/DaleBruise_Repo/Unreal_Learning/Content/tharlevfx_tutorials/CharacterFX/ParagonSourceAssets/Meshes/SM_Impact_Warp.uasset" 613
"E:/DaleBruise_Repo/Unreal_Learning/Content/tharlevfx_tutorials/CharacterFX/ParagonSourceAssets/Meshes/SM_Impact_Warp.uexp" 614
"../../../Engine/Content/MapTemplates/TilingNoise05.ubulk" 615
"../../../Engine/Content/MapTemplates/TilingNoise05.uasset" 616
"../../../Engine/Content/MapTemplates/TilingNoise05.uexp" 617
"../../../Engine/Content/Functions/Engine_MaterialFunctions01/ImageAdjustment/SCurve.uasset" 618
"../../../Engine/Content/Functions/Engine_MaterialFunctions01/ImageAdjustment/SCurve.uexp" 619
"../../../Engine/Content/Functions/Engine_MaterialFunctions01/Texturing/TriplanarCameraVector.uasset" 620
"../../../Engine/Content/Functions/Engine_MaterialFunctions01/Texturing/TriplanarCameraVector.uexp" 621
"E:/DaleBruise_Repo/Unreal_Learning/Content/tharlevfx_tutorials/CharacterFX/ParagonSourceAssets/Textures/T_Portal_Space_D.ubulk" 622
"E:/DaleBruise_Repo/Unreal_Learning/Content/tharlevfx_tutorials/CharacterFX/ParagonSourceAssets/Textures/T_Portal_Space_D.uasset" 623
"E:/DaleBruise_Repo/Unreal_Learning/Content/tharlevfx_tutorials/CharacterFX/ParagonSourceAssets/Textures/T_Portal_Space_D.uexp" 624
"E:/DaleBruise_Repo/Unreal_Learning/Content/tharlevfx_tutorials/CharacterFX/ParagonSourceAssets/Textures/T_Portal_SpaceMask_M.ubulk" 625
"E:/DaleBruise_Repo/Unreal_Learning/Content/tharlevfx_tutorials/CharacterFX/ParagonSourceAssets/Textures/T_Portal_SpaceMask_M.uasset" 626
"E:/DaleBruise_Repo/Unreal_Learning/Content/tharlevfx_tutorials/CharacterFX/ParagonSourceAssets/Textures/T_Portal_SpaceMask_M.uexp" 627
"E:/DaleBruise_Repo/Unreal_Learning/Content/tharlevfx_tutorials/CharacterFX/ParagonSourceAssets/Materials/M_Portal_Space_Mini.uasset" 628
"E:/DaleBruise_Repo/Unreal_Learning/Content/tharlevfx_tutorials/CharacterFX/ParagonSourceAssets/Materials/M_Portal_Space_Mini.uexp" 629
"E:/DaleBruise_Repo/Unreal_Learning/Content/tharlevfx_tutorials/CharacterFX/ParagonSourceAssets/Meshes/SM_Portal_Flat.ubulk" 630
"E:/DaleBruise_Repo/Unreal_Learning/Content/tharlevfx_tutorials/CharacterFX/ParagonSourceAssets/Meshes/SM_Portal_Flat.uasset" 631
"E:/DaleBruise_Repo/Unreal_Learning/Content/tharlevfx_tutorials/CharacterFX/ParagonSourceAssets/Meshes/SM_Portal_Flat.uexp" 632
"E:/DaleBruise_Repo/Unreal_Learning/Content/tharlevfx_tutorials/CharacterFX/ParagonSourceAssets/Niagara/NS_Portal_Entrance_Close.uasset" 633
"E:/DaleBruise_Repo/Unreal_Learning/Content/tharlevfx_tutorials/CharacterFX/ParagonSourceAssets/Niagara/NS_Portal_Entrance_Close.uexp" 634
"E:/DaleBruise_Repo/Unreal_Learning/Content/ActionRogueLike/Projectiles/BP_ProjectileTeleport.uasset" 635
"E:/DaleBruise_Repo/Unreal_Learning/Content/ActionRogueLike/Projectiles/BP_ProjectileTeleport.uexp" 636
"E:/DaleBruise_Repo/Unreal_Learning/Content/ActionRogueLike/Actions/Action_Teleport.uasset" 637
"E:/DaleBruise_Repo/Unreal_Learning/Content/ActionRogueLike/Actions/Action_Teleport.uexp" 638
"E:/DaleBruise_Repo/Unreal_Learning/Content/tharlevfx_tutorials/CharacterFX/ParagonSourceAssets/Textures/T_FlareWide_04.ubulk" 639
"E:/DaleBruise_Repo/Unreal_Learning/Content/tharlevfx_tutorials/CharacterFX/ParagonSourceAssets/Textures/T_FlareWide_04.uasset" 640
"E:/DaleBruise_Repo/Unreal_Learning/Content/tharlevfx_tutorials/CharacterFX/ParagonSourceAssets/Textures/T_FlareWide_04.uexp" 641
"E:/DaleBruise_Repo/Unreal_Learning/Content/tharlevfx_tutorials/CharacterFX/ParagonSourceAssets/Textures/T_FireBall_07D_N.ubulk" 642
"E:/DaleBruise_Repo/Unreal_Learning/Content/tharlevfx_tutorials/CharacterFX/ParagonSourceAssets/Textures/T_FireBall_07D_N.uasset" 643
"E:/DaleBruise_Repo/Unreal_Learning/Content/tharlevfx_tutorials/CharacterFX/ParagonSourceAssets/Textures/T_FireBall_07D_N.uexp" 644
"E:/DaleBruise_Repo/Unreal_Learning/Content/tharlevfx_tutorials/CharacterFX/ParagonSourceAssets/Textures/T_FireBall_07D_Depth.ubulk" 645
"E:/DaleBruise_Repo/Unreal_Learning/Content/tharlevfx_tutorials/CharacterFX/ParagonSourceAssets/Textures/T_FireBall_07D_Depth.uasset" 646
"E:/DaleBruise_Repo/Unreal_Learning/Content/tharlevfx_tutorials/CharacterFX/ParagonSourceAssets/Textures/T_FireBall_07D_Depth.uexp" 647
"E:/DaleBruise_Repo/Unreal_Learning/Content/tharlevfx_tutorials/CharacterFX/ParagonSourceAssets/Materials/M_BlackHole_Dust.uasset" 648
"E:/DaleBruise_Repo/Unreal_Learning/Content/tharlevfx_tutorials/CharacterFX/ParagonSourceAssets/Materials/M_BlackHole_Dust.uexp" 649
"E:/DaleBruise_Repo/Unreal_Learning/Content/tharlevfx_tutorials/CharacterFX/ParagonSourceAssets/Textures/T_Surface_Erosion_M.ubulk" 650
"E:/DaleBruise_Repo/Unreal_Learning/Content/tharlevfx_tutorials/CharacterFX/ParagonSourceAssets/Textures/T_Surface_Erosion_M.uasset" 651
"E:/DaleBruise_Repo/Unreal_Learning/Content/tharlevfx_tutorials/CharacterFX/ParagonSourceAssets/Textures/T_Surface_Erosion_M.uexp" 652
"E:/DaleBruise_Repo/Unreal_Learning/Content/tharlevfx_tutorials/CharacterFX/ParagonSourceAssets/Materials/M_BlackHole_Mesh.uasset" 653
"E:/DaleBruise_Repo/Unreal_Learning/Content/tharlevfx_tutorials/CharacterFX/ParagonSourceAssets/Materials/M_BlackHole_Mesh.uexp" 654
"E:/DaleBruise_Repo/Unreal_Learning/Content/tharlevfx_tutorials/CharacterFX/ParagonSourceAssets/Textures/T_TilingClouds_01_N.ubulk" 655
"E:/DaleBruise_Repo/Unreal_Learning/Content/tharlevfx_tutorials/CharacterFX/ParagonSourceAssets/Textures/T_TilingClouds_01_N.uasset" 656
"E:/DaleBruise_Repo/Unreal_Learning/Content/tharlevfx_tutorials/CharacterFX/ParagonSourceAssets/Textures/T_TilingClouds_01_N.uexp" 657
"E:/DaleBruise_Repo/Unreal_Learning/Content/tharlevfx_tutorials/CharacterFX/ParagonSourceAssets/Textures/T_Smooth_Gradient_Vertical_A.ubulk" 658
"E:/DaleBruise_Repo/Unreal_Learning/Content/tharlevfx_tutorials/CharacterFX/ParagonSourceAssets/Textures/T_Smooth_Gradient_Vertical_A.uasset" 659
"E:/DaleBruise_Repo/Unreal_Learning/Content/tharlevfx_tutorials/CharacterFX/ParagonSourceAssets/Textures/T_Smooth_Gradient_Vertical_A.uexp" 660
"E:/DaleBruise_Repo/Unreal_Learning/Content/tharlevfx_tutorials/CharacterFX/ParagonSourceAssets/Textures/T_Portal_Gradient_02_D.ubulk" 661
"E:/DaleBruise_Repo/Unreal_Learning/Content/tharlevfx_tutorials/CharacterFX/ParagonSourceAssets/Textures/T_Portal_Gradient_02_D.uasset" 662
"E:/DaleBruise_Repo/Unreal_Learning/Content/tharlevfx_tutorials/CharacterFX/ParagonSourceAssets/Textures/T_Portal_Gradient_02_D.uexp" 663
"E:/DaleBruise_Repo/Unreal_Learning/Content/tharlevfx_tutorials/CharacterFX/ParagonSourceAssets/Materials/M_BlackHole_OuterSmoke.uasset" 664
"E:/DaleBruise_Repo/Unreal_Learning/Content/tharlevfx_tutorials/CharacterFX/ParagonSourceAssets/Materials/M_BlackHole_OuterSmoke.uexp" 665
"../../../Engine/Content/Functions/Engine_MaterialFunctions02/Utility/Sign.uasset" 666
"../../../Engine/Content/Functions/Engine_MaterialFunctions02/Utility/Sign.uexp" 667
"../../../Engine/Content/Functions/Engine_MaterialFunctions02/Utility/Round.uasset" 668
"../../../Engine/Content/Functions/Engine_MaterialFunctions02/Utility/Round.uexp" 669
"E:/DaleBruise_Repo/Unreal_Learning/Content/tharlevfx_tutorials/CharacterFX/ParagonSourceAssets/Materials/OrionGlobalArtCollection.uasset" 670
"E:/DaleBruise_Repo/Unreal_Learning/Content/tharlevfx_tutorials/CharacterFX/ParagonSourceAssets/Materials/OrionGlobalArtCollection.uexp" 671
"E:/DaleBruise_Repo/Unreal_Learning/Content/tharlevfx_tutorials/CharacterFX/ParagonSourceAssets/Materials/Functions/MF_RandomSubUV_GPUSprites.uasset" 672
"E:/DaleBruise_Repo/Unreal_Learning/Content/tharlevfx_tutorials/CharacterFX/ParagonSourceAssets/Materials/Functions/MF_RandomSubUV_GPUSprites.uexp" 673
"E:/DaleBruise_Repo/Unreal_Learning/Content/tharlevfx_tutorials/CharacterFX/ParagonSourceAssets/Materials/M_BlackHole_Pebbles.uasset" 674
"E:/DaleBruise_Repo/Unreal_Learning/Content/tharlevfx_tutorials/CharacterFX/ParagonSourceAssets/Materials/M_BlackHole_Pebbles.uexp" 675
"E:/DaleBruise_Repo/Unreal_Learning/Content/tharlevfx_tutorials/CharacterFX/ParagonSourceAssets/Materials/M_BlackHole_Rim.uasset" 676
"E:/DaleBruise_Repo/Unreal_Learning/Content/tharlevfx_tutorials/CharacterFX/ParagonSourceAssets/Materials/M_BlackHole_Rim.uexp" 677
"E:/DaleBruise_Repo/Unreal_Learning/Content/tharlevfx_tutorials/CharacterFX/ParagonSourceAssets/Materials/M_BlackHole_Sprite.uasset" 678
"E:/DaleBruise_Repo/Unreal_Learning/Content/tharlevfx_tutorials/CharacterFX/ParagonSourceAssets/Materials/M_BlackHole_Sprite.uexp" 679
"E:/DaleBruise_Repo/Unreal_Learning/Content/tharlevfx_tutorials/CharacterFX/ParagonSourceAssets/Textures/T_Wind_Blur.ubulk" 680
"E:/DaleBruise_Repo/Unreal_Learning/Content/tharlevfx_tutorials/CharacterFX/ParagonSourceAssets/Textures/T_Wind_Blur.uasset" 681
"E:/DaleBruise_Repo/Unreal_Learning/Content/tharlevfx_tutorials/CharacterFX/ParagonSourceAssets/Textures/T_Wind_Blur.uexp" 682
"E:/DaleBruise_Repo/Unreal_Learning/Content/tharlevfx_tutorials/CharacterFX/ParagonSourceAssets/Materials/M_BlackHole_Vortex.uasset" 683
"E:/DaleBruise_Repo/Unreal_Learning/Content/tharlevfx_tutorials/CharacterFX/ParagonSourceAssets/Materials/M_BlackHole_Vortex.uexp" 684
"E:/DaleBruise_Repo/Unreal_Learning/Content/tharlevfx_tutorials/CharacterFX/ParagonSourceAssets/Textures/T_LDR_Flare01.ubulk" 685
"E:/DaleBruise_Repo/Unreal_Learning/Content/tharlevfx_tutorials/CharacterFX/ParagonSourceAssets/Textures/T_LDR_Flare01.uasset" 686
"E:/DaleBruise_Repo/Unreal_Learning/Content/tharlevfx_tutorials/CharacterFX/ParagonSourceAssets/Textures/T_LDR_Flare01.uexp" 687
"../../../Engine/Content/Functions/Engine_MaterialFunctions02/Utility/CameraDirectionVector.uasset" 688
"../../../Engine/Content/Functions/Engine_MaterialFunctions02/Utility/CameraDirectionVector.uexp" 689
"../../../Engine/Content/Functions/Engine_MaterialFunctions02/Texturing/CustomRotator.uasset" 690
"../../../Engine/Content/Functions/Engine_MaterialFunctions02/Texturing/CustomRotator.uexp" 691
"../../../Engine/Content/Functions/Engine_MaterialFunctions02/TransformToClipSpace.uasset" 692
"../../../Engine/Content/Functions/Engine_MaterialFunctions02/TransformToClipSpace.uexp" 693
"../../../Engine/Content/Functions/Engine_MaterialFunctions02/Utility/VectorToRadialValue.uasset" 694
"../../../Engine/Content/Functions/Engine_MaterialFunctions02/Utility/VectorToRadialValue.uexp" 695
"../../../Engine/Content/Functions/Engine_MaterialFunctions02/WorldPositionOffset/ComponentPivotLocation.uasset" 696
"../../../Engine/Content/Functions/Engine_MaterialFunctions02/WorldPositionOffset/ComponentPivotLocation.uexp" 697
"../../../Engine/Content/Functions/Engine_MaterialFunctions02/WorldPositionOffset/Sprite.uasset" 698
"../../../Engine/Content/Functions/Engine_MaterialFunctions02/WorldPositionOffset/Sprite.uexp" 699
"E:/DaleBruise_Repo/Unreal_Learning/Content/tharlevfx_tutorials/CharacterFX/ParagonSourceAssets/Materials/LensFlare/MF_LensFlareClipSpaceTransform.uasset" 700
"E:/DaleBruise_Repo/Unreal_Learning/Content/tharlevfx_tutorials/CharacterFX/ParagonSourceAssets/Materials/LensFlare/MF_LensFlareClipSpaceTransform.uexp" 701
"E:/DaleBruise_Repo/Unreal_Learning/Content/tharlevfx_tutorials/CharacterFX/ParagonSourceAssets/Materials/LensFlare/MF_LensFlareOcclusionSample.uasset" 702
"E:/DaleBruise_Repo/Unreal_Learning/Content/tharlevfx_tutorials/CharacterFX/ParagonSourceAssets/Materials/LensFlare/MF_LensFlareOcclusionSample.uexp" 703
"E:/DaleBruise_Repo/Unreal_Learning/Content/tharlevfx_tutorials/CharacterFX/ParagonSourceAssets/Materials/LensFlare/MF_LensFlareOcclusionSample8.uasset" 704
"E:/DaleBruise_Repo/Unreal_Learning/Content/tharlevfx_tutorials/CharacterFX/ParagonSourceAssets/Materials/LensFlare/MF_LensFlareOcclusionSample8.uexp" 705
"E:/DaleBruise_Repo/Unreal_Learning/Content/tharlevfx_tutorials/CharacterFX/ParagonSourceAssets/Materials/LensFlare/MF_LensFlare.uasset" 706
"E:/DaleBruise_Repo/Unreal_Learning/Content/tharlevfx_tutorials/CharacterFX/ParagonSourceAssets/Materials/LensFlare/MF_LensFlare.uexp" 707
"E:/DaleBruise_Repo/Unreal_Learning/Content/tharlevfx_tutorials/CharacterFX/ParagonSourceAssets/Materials/M_LensFlareMaster.uasset" 708
"E:/DaleBruise_Repo/Unreal_Learning/Content/tharlevfx_tutorials/CharacterFX/ParagonSourceAssets/Materials/M_LensFlareMaster.uexp" 709
"E:/DaleBruise_Repo/Unreal_Learning/Content/tharlevfx_tutorials/CharacterFX/ParagonSourceAssets/Materials/M_LensFlare_Particle.uasset" 710
"E:/DaleBruise_Repo/Unreal_Learning/Content/tharlevfx_tutorials/CharacterFX/ParagonSourceAssets/Materials/M_LensFlare_Particle.uexp" 711
"E:/DaleBruise_Repo/Unreal_Learning/Content/tharlevfx_tutorials/CharacterFX/ParagonSourceAssets/Materials/M_LensFlare_Particle_01.uasset" 712
"E:/DaleBruise_Repo/Unreal_Learning/Content/tharlevfx_tutorials/CharacterFX/ParagonSourceAssets/Materials/M_LensFlare_Particle_01.uexp" 713
"E:/DaleBruise_Repo/Unreal_Learning/Content/tharlevfx_tutorials/CharacterFX/ParagonSourceAssets/Materials/M_LensFlare_Particle_Pink_Flicker.uasset" 714
"E:/DaleBruise_Repo/Unreal_Learning/Content/tharlevfx_tutorials/CharacterFX/ParagonSourceAssets/Materials/M_LensFlare_Particle_Pink_Flicker.uexp" 715
"E:/DaleBruise_Repo/Unreal_Learning/Content/tharlevfx_tutorials/CharacterFX/ParagonSourceAssets/Meshes/SM_BigPortal_Torus.ubulk" 716
"E:/DaleBruise_Repo/Unreal_Learning/Content/tharlevfx_tutorials/CharacterFX/ParagonSourceAssets/Meshes/SM_BigPortal_Torus.uasset" 717
"E:/DaleBruise_Repo/Unreal_Learning/Content/tharlevfx_tutorials/CharacterFX/ParagonSourceAssets/Meshes/SM_BigPortal_Torus.uexp" 718
"E:/DaleBruise_Repo/Unreal_Learning/Content/tharlevfx_tutorials/CharacterFX/ParagonSourceAssets/Meshes/SM_Black_Hole_Main.ubulk" 719
"E:/DaleBruise_Repo/Unreal_Learning/Content/tharlevfx_tutorials/CharacterFX/ParagonSourceAssets/Meshes/SM_Black_Hole_Main.uasset" 720
"E:/DaleBruise_Repo/Unreal_Learning/Content/tharlevfx_tutorials/CharacterFX/ParagonSourceAssets/Meshes/SM_Black_Hole_Main.uexp" 721
"E:/DaleBruise_Repo/Unreal_Learning/Content/tharlevfx_tutorials/CharacterFX/ParagonSourceAssets/Meshes/SM_Black_Hole_Rim.ubulk" 722
"E:/DaleBruise_Repo/Unreal_Learning/Content/tharlevfx_tutorials/CharacterFX/ParagonSourceAssets/Meshes/SM_Black_Hole_Rim.uasset" 723
"E:/DaleBruise_Repo/Unreal_Learning/Content/tharlevfx_tutorials/CharacterFX/ParagonSourceAssets/Meshes/SM_Black_Hole_Rim.uexp" 724
"E:/DaleBruise_Repo/Unreal_Learning/Content/tharlevfx_tutorials/CharacterFX/ParagonSourceAssets/Meshes/SM_Black_Hole_Vortex.ubulk" 725
"E:/DaleBruise_Repo/Unreal_Learning/Content/tharlevfx_tutorials/CharacterFX/ParagonSourceAssets/Meshes/SM_Black_Hole_Vortex.uasset" 726
"E:/DaleBruise_Repo/Unreal_Learning/Content/tharlevfx_tutorials/CharacterFX/ParagonSourceAssets/Meshes/SM_Black_Hole_Vortex.uexp" 727
"E:/DaleBruise_Repo/Unreal_Learning/Content/tharlevfx_tutorials/CharacterFX/ParagonSourceAssets/Niagara/NS_Gideon_Ultimate.uasset" 728
"E:/DaleBruise_Repo/Unreal_Learning/Content/tharlevfx_tutorials/CharacterFX/ParagonSourceAssets/Niagara/NS_Gideon_Ultimate.uexp" 729
"E:/DaleBruise_Repo/Unreal_Learning/Content/SanderAudio/AttenuationSettings/Att_200m_Large.uasset" 730
"E:/DaleBruise_Repo/Unreal_Learning/Content/SanderAudio/AttenuationSettings/Att_200m_Large.uexp" 731
"E:/DaleBruise_Repo/Unreal_Learning/Content/SanderAudio/Sources/Player/Combat/S_Combat_Abilities_Secondary_TransitionToEnd.ubulk" 732
"E:/DaleBruise_Repo/Unreal_Learning/Content/SanderAudio/Sources/Player/Combat/S_Combat_Abilities_Secondary_TransitionToEnd.uasset" 733
"E:/DaleBruise_Repo/Unreal_Learning/Content/SanderAudio/Sources/Player/Combat/S_Combat_Abilities_Secondary_TransitionToEnd.uexp" 734
"E:/DaleBruise_Repo/Unreal_Learning/Content/SanderAudio/Sources/Player/Combat/S_Combat_Abilities_Secondary_LoopStart.ubulk" 735
"E:/DaleBruise_Repo/Unreal_Learning/Content/SanderAudio/Sources/Player/Combat/S_Combat_Abilities_Secondary_LoopStart.uasset" 736
"E:/DaleBruise_Repo/Unreal_Learning/Content/SanderAudio/Sources/Player/Combat/S_Combat_Abilities_Secondary_LoopStart.uexp" 737
"E:/DaleBruise_Repo/Unreal_Learning/Content/SanderAudio/Sources/Player/Combat/S_Combat_Abilities_Secondary_Loop.ubulk" 738
"E:/DaleBruise_Repo/Unreal_Learning/Content/SanderAudio/Sources/Player/Combat/S_Combat_Abilities_Secondary_Loop.uasset" 739
"E:/DaleBruise_Repo/Unreal_Learning/Content/SanderAudio/Sources/Player/Combat/S_Combat_Abilities_Secondary_Loop.uexp" 740
"E:/DaleBruise_Repo/Unreal_Learning/Content/SanderAudio/Sources/Player/Combat/S_Combat_Abilities_Secondary_End.ubulk" 741
"E:/DaleBruise_Repo/Unreal_Learning/Content/SanderAudio/Sources/Player/Combat/S_Combat_Abilities_Secondary_End.uasset" 742
"E:/DaleBruise_Repo/Unreal_Learning/Content/SanderAudio/Sources/Player/Combat/S_Combat_Abilities_Secondary_End.uexp" 743
"E:/DaleBruise_Repo/Unreal_Learning/Content/SanderAudio/Sources/Player/Combat/MSS_Combat_Abilities_Secondary_Loop.uasset" 744
"E:/DaleBruise_Repo/Unreal_Learning/Content/SanderAudio/Sources/Player/Combat/MSS_Combat_Abilities_Secondary_Loop.uexp" 745
"E:/DaleBruise_Repo/Unreal_Learning/Content/ActionRogueLike/Projectiles/BP_ProjectileBlackHole.uasset" 746
"E:/DaleBruise_Repo/Unreal_Learning/Content/ActionRogueLike/Projectiles/BP_ProjectileBlackHole.uexp" 747
"E:/DaleBruise_Repo/Unreal_Learning/Content/ActionRogueLike/Actions/Action_BlackHole.uasset" 748
"E:/DaleBruise_Repo/Unreal_Learning/Content/ActionRogueLike/Actions/Action_BlackHole.uexp" 749
"E:/DaleBruise_Repo/Unreal_Learning/Content/SanderAudio/Sources/Player/Locomotion/S_PlayerLocomotion_Hover_Stop-006.ubulk" 750
"E:/DaleBruise_Repo/Unreal_Learning/Content/SanderAudio/Sources/Player/Locomotion/S_PlayerLocomotion_Hover_Stop-006.uasset" 751
"E:/DaleBruise_Repo/Unreal_Learning/Content/SanderAudio/Sources/Player/Locomotion/S_PlayerLocomotion_Hover_Stop-006.uexp" 752
"E:/DaleBruise_Repo/Unreal_Learning/Content/SanderAudio/Sources/Player/Locomotion/S_PlayerLocomotion_Hover_Stop-005.ubulk" 753
"E:/DaleBruise_Repo/Unreal_Learning/Content/SanderAudio/Sources/Player/Locomotion/S_PlayerLocomotion_Hover_Stop-005.uasset" 754
"E:/DaleBruise_Repo/Unreal_Learning/Content/SanderAudio/Sources/Player/Locomotion/S_PlayerLocomotion_Hover_Stop-005.uexp" 755
"E:/DaleBruise_Repo/Unreal_Learning/Content/SanderAudio/Sources/Player/Locomotion/S_PlayerLocomotion_Hover_Stop-004.ubulk" 756
"E:/DaleBruise_Repo/Unreal_Learning/Content/SanderAudio/Sources/Player/Locomotion/S_PlayerLocomotion_Hover_Stop-004.uasset" 757
"E:/DaleBruise_Repo/Unreal_Learning/Content/SanderAudio/Sources/Player/Locomotion/S_PlayerLocomotion_Hover_Stop-004.uexp" 758
"E:/DaleBruise_Repo/Unreal_Learning/Content/SanderAudio/Sources/Player/Locomotion/S_PlayerLocomotion_Hover_Stop-003.ubulk" 759
"E:/DaleBruise_Repo/Unreal_Learning/Content/SanderAudio/Sources/Player/Locomotion/S_PlayerLocomotion_Hover_Stop-003.uasset" 760
"E:/DaleBruise_Repo/Unreal_Learning/Content/SanderAudio/Sources/Player/Locomotion/S_PlayerLocomotion_Hover_Stop-003.uexp" 761
"E:/DaleBruise_Repo/Unreal_Learning/Content/SanderAudio/Sources/Player/Locomotion/S_PlayerLocomotion_Hover_Stop-002.ubulk" 762
"E:/DaleBruise_Repo/Unreal_Learning/Content/SanderAudio/Sources/Player/Locomotion/S_PlayerLocomotion_Hover_Stop-002.uasset" 763
"E:/DaleBruise_Repo/Unreal_Learning/Content/SanderAudio/Sources/Player/Locomotion/S_PlayerLocomotion_Hover_Stop-002.uexp" 764
"E:/DaleBruise_Repo/Unreal_Learning/Content/SanderAudio/Sources/Player/Locomotion/S_PlayerLocomotion_Hover_Stop-001.ubulk" 765
"E:/DaleBruise_Repo/Unreal_Learning/Content/SanderAudio/Sources/Player/Locomotion/S_PlayerLocomotion_Hover_Stop-001.uasset" 766
"E:/DaleBruise_Repo/Unreal_Learning/Content/SanderAudio/Sources/Player/Locomotion/S_PlayerLocomotion_Hover_Stop-001.uexp" 767
"E:/DaleBruise_Repo/Unreal_Learning/Content/SanderAudio/Sources/Player/Locomotion/S_PlayerLocomotion_Hover_Start.ubulk" 768
"E:/DaleBruise_Repo/Unreal_Learning/Content/SanderAudio/Sources/Player/Locomotion/S_PlayerLocomotion_Hover_Start.uasset" 769
"E:/DaleBruise_Repo/Unreal_Learning/Content/SanderAudio/Sources/Player/Locomotion/S_PlayerLocomotion_Hover_Start.uexp" 770
"E:/DaleBruise_Repo/Unreal_Learning/Content/SanderAudio/Sources/Player/Locomotion/S_PlayerLocomotion_Hover_Loop.ubulk" 771
"E:/DaleBruise_Repo/Unreal_Learning/Content/SanderAudio/Sources/Player/Locomotion/S_PlayerLocomotion_Hover_Loop.uasset" 772
"E:/DaleBruise_Repo/Unreal_Learning/Content/SanderAudio/Sources/Player/Locomotion/S_PlayerLocomotion_Hover_Loop.uexp" 773
"E:/DaleBruise_Repo/Unreal_Learning/Content/SanderAudio/Sources/Player/Locomotion/MSS_PlayerLocomotion_Hover.uasset" 774
"E:/DaleBruise_Repo/Unreal_Learning/Content/SanderAudio/Sources/Player/Locomotion/MSS_PlayerLocomotion_Hover.uexp" 775
"E:/DaleBruise_Repo/Unreal_Learning/Content/tharlevfx_tutorials/CharacterFX/ParagonSourceAssets/Meshes/SM_Hand_Thruster.ubulk" 776
"E:/DaleBruise_Repo/Unreal_Learning/Content/tharlevfx_tutorials/CharacterFX/ParagonSourceAssets/Meshes/SM_Hand_Thruster.uasset" 777
"E:/DaleBruise_Repo/Unreal_Learning/Content/tharlevfx_tutorials/CharacterFX/ParagonSourceAssets/Meshes/SM_Hand_Thruster.uexp" 778
"E:/DaleBruise_Repo/Unreal_Learning/Content/tharlevfx_tutorials/CharacterFX/ParagonSourceAssets/Materials/M_Hand_Thrusters.uasset" 779
"E:/DaleBruise_Repo/Unreal_Learning/Content/tharlevfx_tutorials/CharacterFX/ParagonSourceAssets/Materials/M_Hand_Thrusters.uexp" 780
"E:/DaleBruise_Repo/Unreal_Learning/Content/tharlevfx_tutorials/CharacterFX/ParagonSourceAssets/Niagara/NS_Gideon_TravelMode_Hands.uasset" 781
"E:/DaleBruise_Repo/Unreal_Learning/Content/tharlevfx_tutorials/CharacterFX/ParagonSourceAssets/Niagara/NS_Gideon_TravelMode_Hands.uexp" 782
"E:/DaleBruise_Repo/Unreal_Learning/Content/ActionRogueLike/Actions/Action_Sprint.uasset" 783
"E:/DaleBruise_Repo/Unreal_Learning/Content/ActionRogueLike/Actions/Action_Sprint.uexp" 784
"E:/DaleBruise_Repo/Unreal_Learning/Content/ActionRogueLike/InputAction/IA_Sprint.uasset" 785
"E:/DaleBruise_Repo/Unreal_Learning/Content/ActionRogueLike/InputAction/IA_Sprint.uexp" 786
"E:/DaleBruise_Repo/Unreal_Learning/Content/ActionRogueLike/Materials/M_HitFlashOverlay.uasset" 787
"E:/DaleBruise_Repo/Unreal_Learning/Content/ActionRogueLike/Materials/M_HitFlashOverlay.uexp" 788
"E:/DaleBruise_Repo/Unreal_Learning/Content/ActionRogueLike/Materials/MI_HitFlashOverlay_Inst.uasset" 789
"E:/DaleBruise_Repo/Unreal_Learning/Content/ActionRogueLike/Materials/MI_HitFlashOverlay_Inst.uexp" 790
"E:/DaleBruise_Repo/Unreal_Learning/Content/ActionRogueLike/LingLongCharacter_BP.uasset" 791
"E:/DaleBruise_Repo/Unreal_Learning/Content/ActionRogueLike/LingLongCharacter_BP.uexp" 792
"E:/DaleBruise_Repo/Unreal_Learning/Content/ActionRogueLike/InputAction/IA_Interact.uasset" 793
"E:/DaleBruise_Repo/Unreal_Learning/Content/ActionRogueLike/InputAction/IA_Interact.uexp" 794
"E:/DaleBruise_Repo/Unreal_Learning/Content/ActionRogueLike/BP_PlayerController.uasset" 795
"E:/DaleBruise_Repo/Unreal_Learning/Content/ActionRogueLike/BP_PlayerController.uexp" 796
"E:/DaleBruise_Repo/Unreal_Learning/Content/ActionRogueLike/UI/WBP_PlayerHealth.uasset" 797
"E:/DaleBruise_Repo/Unreal_Learning/Content/ActionRogueLike/UI/WBP_PlayerHealth.uexp" 798
"E:/DaleBruise_Repo/Unreal_Learning/Content/ActionRogueLike/UI/WBP_CrosHair.uasset" 799
"E:/DaleBruise_Repo/Unreal_Learning/Content/ActionRogueLike/UI/WBP_CrosHair.uexp" 800
"E:/DaleBruise_Repo/Unreal_Learning/Content/ActionRogueLike/UI/WBP_MainHUD.uasset" 801
"E:/DaleBruise_Repo/Unreal_Learning/Content/ActionRogueLike/UI/WBP_MainHUD.uexp" 802
"E:/DaleBruise_Repo/Unreal_Learning/Content/ActionRogueLike/BP_HUD.uasset" 803
"E:/DaleBruise_Repo/Unreal_Learning/Content/ActionRogueLike/BP_HUD.uexp" 804
"E:/DaleBruise_Repo/Unreal_Learning/Content/ActionRogueLike/BP_GameMode.uasset" 805
"E:/DaleBruise_Repo/Unreal_Learning/Content/ActionRogueLike/BP_GameMode.uexp" 806
"../../../Engine/Content/EditorMaterials/PreviewShadowIndicator.ubulk" 807
"../../../Engine/Content/EditorMaterials/PreviewShadowIndicator.uasset" 808
"../../../Engine/Content/EditorMaterials/PreviewShadowIndicator.uexp" 809
"../../../Engine/Content/EditorMaterials/PreviewShadowIndicatorMaterial.uasset" 810
"../../../Engine/Content/EditorMaterials/PreviewShadowIndicatorMaterial.uexp" 811
"../../../Engine/Content/EditorMaterials/PhAT_UnselectedMaterial.uasset" 812
"../../../Engine/Content/EditorMaterials/PhAT_UnselectedMaterial.uexp" 813
"../../../Engine/Content/EditorMaterials/PhAT_NoCollisionMaterial.uasset" 814
"../../../Engine/Content/EditorMaterials/PhAT_NoCollisionMaterial.uexp" 815
"../../../Engine/Content/EditorLandscapeResources/SplineEditorMeshMat.uasset" 816
"../../../Engine/Content/EditorLandscapeResources/SplineEditorMeshMat.uexp" 817
"../../../Engine/Content/EditorLandscapeResources/SplineEditorMesh.ubulk" 818
"../../../Engine/Content/EditorLandscapeResources/SplineEditorMesh.uasset" 819
"../../../Engine/Content/EditorLandscapeResources/SplineEditorMesh.uexp" 820
"../../../Engine/Content/EditorLandscapeResources/WhiteSquareTexture.uasset" 821
"../../../Engine/Content/EditorLandscapeResources/WhiteSquareTexture.uexp" 822
"../../../Engine/Content/EditorLandscapeResources/LayerVisMaterial.uasset" 823
"../../../Engine/Content/EditorLandscapeResources/LayerVisMaterial.uexp" 824
"../../../Engine/Content/Functions/Engine_MaterialFunctions02/WorldPositionOffset/LocalPosition.uasset" 825
"../../../Engine/Content/Functions/Engine_MaterialFunctions02/WorldPositionOffset/LocalPosition.uexp" 826
"../../../Engine/Content/EngineMaterials/DefaultDiffuse.ubulk" 827
"../../../Engine/Content/EngineMaterials/DefaultDiffuse.uasset" 828
"../../../Engine/Content/EngineMaterials/DefaultDiffuse.uexp" 829
"../../../Engine/Content/Functions/Engine_MaterialFunctions01/Texturing/TextureCropping.uasset" 830
"../../../Engine/Content/Functions/Engine_MaterialFunctions01/Texturing/TextureCropping.uexp" 831
"../../../Engine/Content/Functions/Engine_MaterialFunctions02/ExampleContent/DebugNumberStrip.uasset" 832
"../../../Engine/Content/Functions/Engine_MaterialFunctions02/ExampleContent/DebugNumberStrip.uexp" 833
"../../../Engine/Content/Functions/Engine_MaterialFunctions01/Debug/DebugIntValues.uasset" 834
"../../../Engine/Content/Functions/Engine_MaterialFunctions01/Debug/DebugIntValues.uexp" 835
"../../../Engine/Content/EditorLandscapeResources/LandscapeLayerUsageMaterial.uasset" 836
"../../../Engine/Content/EditorLandscapeResources/LandscapeLayerUsageMaterial.uexp" 837
"../../../Engine/Content/EditorLandscapeResources/DefaultAlphaTexture.uasset" 838
"../../../Engine/Content/EditorLandscapeResources/DefaultAlphaTexture.uexp" 839
"../../../Engine/Content/EditorLandscapeResources/LandscapeDirtyMaterial.uasset" 840
"../../../Engine/Content/EditorLandscapeResources/LandscapeDirtyMaterial.uexp" 841
"../../../Engine/Content/EngineMaterials/DefaultMaterial.uasset" 842
"../../../Engine/Content/EngineMaterials/DefaultMaterial.uexp" 843
"../../../Engine/Content/BasicShapes/Sphere.ubulk" 844
"../../../Engine/Content/BasicShapes/Sphere.uasset" 845
"../../../Engine/Content/BasicShapes/Sphere.uexp" 846
"../../../Engine/Content/BasicShapes/Plane.ubulk" 847
"../../../Engine/Content/BasicShapes/Plane.uasset" 848
"../../../Engine/Content/BasicShapes/Plane.uexp" 849
"../../../Engine/Content/BasicShapes/Cylinder.ubulk" 850
"../../../Engine/Content/BasicShapes/Cylinder.uasset" 851
"../../../Engine/Content/BasicShapes/Cylinder.uexp" 852
"../../../Engine/Content/BasicShapes/Cube.ubulk" 853
"../../../Engine/Content/BasicShapes/Cube.uasset" 854
"../../../Engine/Content/BasicShapes/Cube.uexp" 855
"../../../Engine/Content/BasicShapes/Cone.ubulk" 856
"../../../Engine/Content/BasicShapes/Cone.uasset" 857
"../../../Engine/Content/BasicShapes/Cone.uexp" 858
"../../../Engine/Content/BasicShapes/BasicShapeMaterial.uasset" 859
"../../../Engine/Content/BasicShapes/BasicShapeMaterial.uexp" 860
"../../../Engine/Content/Functions/Engine_MaterialFunctions02/WorldPositionOffset/ObjectScale.uasset" 861
"../../../Engine/Content/Functions/Engine_MaterialFunctions02/WorldPositionOffset/ObjectScale.uexp" 862
"../../../Engine/Plugins/Editor/SpeedTreeImporter/Content/SpeedTree9/UnpackInteger3.uasset" 863
"../../../Engine/Plugins/Editor/SpeedTreeImporter/Content/SpeedTree9/UnpackInteger3.uexp" 864
"../../../Engine/Plugins/Editor/SpeedTreeImporter/Content/SpeedTree9/UnpackDirection.uasset" 865
"../../../Engine/Plugins/Editor/SpeedTreeImporter/Content/SpeedTree9/UnpackDirection.uexp" 866
"../../../Engine/Plugins/Editor/SpeedTreeImporter/Content/SpeedTree9/game_wind_noise.ubulk" 867
"../../../Engine/Plugins/Editor/SpeedTreeImporter/Content/SpeedTree9/game_wind_noise.uasset" 868
"../../../Engine/Plugins/Editor/SpeedTreeImporter/Content/SpeedTree9/game_wind_noise.uexp" 869
"../../../Engine/Plugins/Editor/SpeedTreeImporter/Content/SpeedTree9/SpeedTreeWindMotion.uasset" 870
"../../../Engine/Plugins/Editor/SpeedTreeImporter/Content/SpeedTree9/SpeedTreeWindMotion.uexp" 871
"../../../Engine/Plugins/Editor/SpeedTreeImporter/Content/SpeedTree9/SpeedTreeBranchMotion.uasset" 872
"../../../Engine/Plugins/Editor/SpeedTreeImporter/Content/SpeedTree9/SpeedTreeBranchMotion.uexp" 873
"../../../Engine/Content/Functions/Engine_MaterialFunctions02/ObjectLocalBounds.uasset" 874
"../../../Engine/Content/Functions/Engine_MaterialFunctions02/ObjectLocalBounds.uexp" 875
"../../../Engine/Content/Functions/Engine_MaterialFunctions02/UVs/BoundingBoxBased_0-1_UVW.uasset" 876
"../../../Engine/Content/Functions/Engine_MaterialFunctions02/UVs/BoundingBoxBased_0-1_UVW.uexp" 877
"../../../Engine/Plugins/Editor/SpeedTreeImporter/Content/SpeedTree9/SpeedTreeWind.uasset" 878
"../../../Engine/Plugins/Editor/SpeedTreeImporter/Content/SpeedTree9/SpeedTreeWind.uexp" 879
"../../../Engine/Plugins/Editor/SpeedTreeImporter/Content/SpeedTree9/SpeedTreeCameraFacing.uasset" 880
"../../../Engine/Plugins/Editor/SpeedTreeImporter/Content/SpeedTree9/SpeedTreeCameraFacing.uexp" 881
"../../../Engine/Plugins/Editor/SpeedTreeImporter/Content/SpeedTree9/EmptyNormal.uasset" 882
"../../../Engine/Plugins/Editor/SpeedTreeImporter/Content/SpeedTree9/EmptyNormal.uexp" 883
"../../../Engine/Plugins/Editor/SpeedTreeImporter/Content/SpeedTree9/Empty.uasset" 884
"../../../Engine/Plugins/Editor/SpeedTreeImporter/Content/SpeedTree9/Empty.uexp" 885
"../../../Engine/Plugins/Editor/SpeedTreeImporter/Content/SpeedTree9/SpeedTreeMaster.uasset" 886
"../../../Engine/Plugins/Editor/SpeedTreeImporter/Content/SpeedTree9/SpeedTreeMaster.uexp" 887
"../../../Engine/Plugins/Editor/SpeedTreeImporter/Content/SpeedTree9/SpeedTreeBillboard.uasset" 888
"../../../Engine/Plugins/Editor/SpeedTreeImporter/Content/SpeedTree9/SpeedTreeBillboard.uexp" 889
"../../../Engine/Plugins/Editor/SpeedTreeImporter/Content/SpeedTree9/SpeedTreeBillboardMaster.uasset" 890
"../../../Engine/Plugins/Editor/SpeedTreeImporter/Content/SpeedTree9/SpeedTreeBillboardMaster.uexp" 891
"../../../Engine/Plugins/Animation/ControlRig/Content/Controls/ControlRig_Wedge_solid.ubulk" 892
"../../../Engine/Plugins/Animation/ControlRig/Content/Controls/ControlRig_Wedge_solid.uasset" 893
"../../../Engine/Plugins/Animation/ControlRig/Content/Controls/ControlRig_Wedge_solid.uexp" 894
"../../../Engine/Plugins/Animation/ControlRig/Content/Controls/ControlRig_Wedge_3mm.ubulk" 895
"../../../Engine/Plugins/Animation/ControlRig/Content/Controls/ControlRig_Wedge_3mm.uasset" 896
"../../../Engine/Plugins/Animation/ControlRig/Content/Controls/ControlRig_Wedge_3mm.uexp" 897
"../../../Engine/Plugins/Animation/ControlRig/Content/Controls/ControlRig_Wedge_1mm.ubulk" 898
"../../../Engine/Plugins/Animation/ControlRig/Content/Controls/ControlRig_Wedge_1mm.uasset" 899
"../../../Engine/Plugins/Animation/ControlRig/Content/Controls/ControlRig_Wedge_1mm.uexp" 900
"../../../Engine/Plugins/Animation/ControlRig/Content/Controls/ControlRig_Triangle_solid.ubulk" 901
"../../../Engine/Plugins/Animation/ControlRig/Content/Controls/ControlRig_Triangle_solid.uasset" 902
"../../../Engine/Plugins/Animation/ControlRig/Content/Controls/ControlRig_Triangle_solid.uexp" 903
"../../../Engine/Plugins/Animation/ControlRig/Content/Controls/ControlRig_Triangle_3mm.ubulk" 904
"../../../Engine/Plugins/Animation/ControlRig/Content/Controls/ControlRig_Triangle_3mm.uasset" 905
"../../../Engine/Plugins/Animation/ControlRig/Content/Controls/ControlRig_Triangle_3mm.uexp" 906
"../../../Engine/Plugins/Animation/ControlRig/Content/Controls/ControlRig_Triangle_1mm.ubulk" 907
"../../../Engine/Plugins/Animation/ControlRig/Content/Controls/ControlRig_Triangle_1mm.uasset" 908
"../../../Engine/Plugins/Animation/ControlRig/Content/Controls/ControlRig_Triangle_1mm.uexp" 909
"../../../Engine/Plugins/Animation/ControlRig/Content/Controls/ControlRig_Star4_solid.ubulk" 910
"../../../Engine/Plugins/Animation/ControlRig/Content/Controls/ControlRig_Star4_solid.uasset" 911
"../../../Engine/Plugins/Animation/ControlRig/Content/Controls/ControlRig_Star4_solid.uexp" 912
"../../../Engine/Plugins/Animation/ControlRig/Content/Controls/ControlRig_Star4_3mm.ubulk" 913
"../../../Engine/Plugins/Animation/ControlRig/Content/Controls/ControlRig_Star4_3mm.uasset" 914
"../../../Engine/Plugins/Animation/ControlRig/Content/Controls/ControlRig_Star4_3mm.uexp" 915
"../../../Engine/Plugins/Animation/ControlRig/Content/Controls/ControlRig_Star4_1mm.ubulk" 916
"../../../Engine/Plugins/Animation/ControlRig/Content/Controls/ControlRig_Star4_1mm.uasset" 917
"../../../Engine/Plugins/Animation/ControlRig/Content/Controls/ControlRig_Star4_1mm.uexp" 918
"../../../Engine/Plugins/Animation/ControlRig/Content/Controls/ControlRig_Square_solid.ubulk" 919
"../../../Engine/Plugins/Animation/ControlRig/Content/Controls/ControlRig_Square_solid.uasset" 920
"../../../Engine/Plugins/Animation/ControlRig/Content/Controls/ControlRig_Square_solid.uexp" 921
"../../../Engine/Plugins/Animation/ControlRig/Content/Controls/ControlRig_Square_3mm.ubulk" 922
"../../../Engine/Plugins/Animation/ControlRig/Content/Controls/ControlRig_Square_3mm.uasset" 923
"../../../Engine/Plugins/Animation/ControlRig/Content/Controls/ControlRig_Square_3mm.uexp" 924
"../../../Engine/Plugins/Animation/ControlRig/Content/Controls/ControlRig_Square_1mm.ubulk" 925
"../../../Engine/Plugins/Animation/ControlRig/Content/Controls/ControlRig_Square_1mm.uasset" 926
"../../../Engine/Plugins/Animation/ControlRig/Content/Controls/ControlRig_Square_1mm.uexp" 927
"../../../Engine/Plugins/Animation/ControlRig/Content/Controls/ControlRig_Sphere_solid.ubulk" 928
"../../../Engine/Plugins/Animation/ControlRig/Content/Controls/ControlRig_Sphere_solid.uasset" 929
"../../../Engine/Plugins/Animation/ControlRig/Content/Controls/ControlRig_Sphere_solid.uexp" 930
"../../../Engine/Plugins/Animation/ControlRig/Content/Controls/ControlRig_Sphere_3mm.ubulk" 931
"../../../Engine/Plugins/Animation/ControlRig/Content/Controls/ControlRig_Sphere_3mm.uasset" 932
"../../../Engine/Plugins/Animation/ControlRig/Content/Controls/ControlRig_Sphere_3mm.uexp" 933
"../../../Engine/Plugins/Animation/ControlRig/Content/Controls/ControlRig_Sphere_1mm.ubulk" 934
"../../../Engine/Plugins/Animation/ControlRig/Content/Controls/ControlRig_Sphere_1mm.uasset" 935
"../../../Engine/Plugins/Animation/ControlRig/Content/Controls/ControlRig_Sphere_1mm.uexp" 936
"../../../Engine/Plugins/Animation/ControlRig/Content/Controls/ControlRig_RoundedTriangle_solid.ubulk" 937
"../../../Engine/Plugins/Animation/ControlRig/Content/Controls/ControlRig_RoundedTriangle_solid.uasset" 938
"../../../Engine/Plugins/Animation/ControlRig/Content/Controls/ControlRig_RoundedTriangle_solid.uexp" 939
"../../../Engine/Plugins/Animation/ControlRig/Content/Controls/ControlRig_RoundedTriangle_3mm.ubulk" 940
"../../../Engine/Plugins/Animation/ControlRig/Content/Controls/ControlRig_RoundedTriangle_3mm.uasset" 941
"../../../Engine/Plugins/Animation/ControlRig/Content/Controls/ControlRig_RoundedTriangle_3mm.uexp" 942
"../../../Engine/Plugins/Animation/ControlRig/Content/Controls/ControlRig_RoundedTriangle_1mm.ubulk" 943
"../../../Engine/Plugins/Animation/ControlRig/Content/Controls/ControlRig_RoundedTriangle_1mm.uasset" 944
"../../../Engine/Plugins/Animation/ControlRig/Content/Controls/ControlRig_RoundedTriangle_1mm.uexp" 945
"../../../Engine/Plugins/Animation/ControlRig/Content/Controls/ControlRig_RoundedSquare_solid.ubulk" 946
"../../../Engine/Plugins/Animation/ControlRig/Content/Controls/ControlRig_RoundedSquare_solid.uasset" 947
"../../../Engine/Plugins/Animation/ControlRig/Content/Controls/ControlRig_RoundedSquare_solid.uexp" 948
"../../../Engine/Plugins/Animation/ControlRig/Content/Controls/ControlRig_RoundedSquare_3mm.ubulk" 949
"../../../Engine/Plugins/Animation/ControlRig/Content/Controls/ControlRig_RoundedSquare_3mm.uasset" 950
"../../../Engine/Plugins/Animation/ControlRig/Content/Controls/ControlRig_RoundedSquare_3mm.uexp" 951
"../../../Engine/Plugins/Animation/ControlRig/Content/Controls/ControlRig_RoundedSquare_1mm.ubulk" 952
"../../../Engine/Plugins/Animation/ControlRig/Content/Controls/ControlRig_RoundedSquare_1mm.uasset" 953
"../../../Engine/Plugins/Animation/ControlRig/Content/Controls/ControlRig_RoundedSquare_1mm.uexp" 954
"../../../Engine/Plugins/Animation/ControlRig/Content/Controls/ControlRig_QuarterCircle_solid.ubulk" 955
"../../../Engine/Plugins/Animation/ControlRig/Content/Controls/ControlRig_QuarterCircle_solid.uasset" 956
"../../../Engine/Plugins/Animation/ControlRig/Content/Controls/ControlRig_QuarterCircle_solid.uexp" 957
"../../../Engine/Plugins/Animation/ControlRig/Content/Controls/ControlRig_QuarterCircle_3mm.ubulk" 958
"../../../Engine/Plugins/Animation/ControlRig/Content/Controls/ControlRig_QuarterCircle_3mm.uasset" 959
"../../../Engine/Plugins/Animation/ControlRig/Content/Controls/ControlRig_QuarterCircle_3mm.uexp" 960
"../../../Engine/Plugins/Animation/ControlRig/Content/Controls/ControlRig_QuarterCircle_1mm.ubulk" 961
"../../../Engine/Plugins/Animation/ControlRig/Content/Controls/ControlRig_QuarterCircle_1mm.uasset" 962
"../../../Engine/Plugins/Animation/ControlRig/Content/Controls/ControlRig_QuarterCircle_1mm.uexp" 963
"../../../Engine/Plugins/Animation/ControlRig/Content/Controls/ControlRig_Pyramid_solid.ubulk" 964
"../../../Engine/Plugins/Animation/ControlRig/Content/Controls/ControlRig_Pyramid_solid.uasset" 965
"../../../Engine/Plugins/Animation/ControlRig/Content/Controls/ControlRig_Pyramid_solid.uexp" 966
"../../../Engine/Plugins/Animation/ControlRig/Content/Controls/ControlRig_Pyramid_3mm.ubulk" 967
"../../../Engine/Plugins/Animation/ControlRig/Content/Controls/ControlRig_Pyramid_3mm.uasset" 968
"../../../Engine/Plugins/Animation/ControlRig/Content/Controls/ControlRig_Pyramid_3mm.uexp" 969
"../../../Engine/Plugins/Animation/ControlRig/Content/Controls/ControlRig_Pyramid_1mm.ubulk" 970
"../../../Engine/Plugins/Animation/ControlRig/Content/Controls/ControlRig_Pyramid_1mm.uasset" 971
"../../../Engine/Plugins/Animation/ControlRig/Content/Controls/ControlRig_Pyramid_1mm.uexp" 972
"../../../Engine/Plugins/Animation/ControlRig/Content/Controls/ControlRig_Octagon_solid.ubulk" 973
"../../../Engine/Plugins/Animation/ControlRig/Content/Controls/ControlRig_Octagon_solid.uasset" 974
"../../../Engine/Plugins/Animation/ControlRig/Content/Controls/ControlRig_Octagon_solid.uexp" 975
"../../../Engine/Plugins/Animation/ControlRig/Content/Controls/ControlRig_Octagon_3mm.ubulk" 976
"../../../Engine/Plugins/Animation/ControlRig/Content/Controls/ControlRig_Octagon_3mm.uasset" 977
"../../../Engine/Plugins/Animation/ControlRig/Content/Controls/ControlRig_Octagon_3mm.uexp" 978
"../../../Engine/Plugins/Animation/ControlRig/Content/Controls/ControlRig_Octagon_1mm.ubulk" 979
"../../../Engine/Plugins/Animation/ControlRig/Content/Controls/ControlRig_Octagon_1mm.uasset" 980
"../../../Engine/Plugins/Animation/ControlRig/Content/Controls/ControlRig_Octagon_1mm.uexp" 981
"../../../Engine/Plugins/Animation/ControlRig/Content/Controls/ControlRig_Hexagon_solid.ubulk" 982
"../../../Engine/Plugins/Animation/ControlRig/Content/Controls/ControlRig_Hexagon_solid.uasset" 983
"../../../Engine/Plugins/Animation/ControlRig/Content/Controls/ControlRig_Hexagon_solid.uexp" 984
"../../../Engine/Plugins/Animation/ControlRig/Content/Controls/ControlRig_Hexagon_3mm.ubulk" 985
"../../../Engine/Plugins/Animation/ControlRig/Content/Controls/ControlRig_Hexagon_3mm.uasset" 986
"../../../Engine/Plugins/Animation/ControlRig/Content/Controls/ControlRig_Hexagon_3mm.uexp" 987
"../../../Engine/Plugins/Animation/ControlRig/Content/Controls/ControlRig_Hexagon_1mm.ubulk" 988
"../../../Engine/Plugins/Animation/ControlRig/Content/Controls/ControlRig_Hexagon_1mm.uasset" 989
"../../../Engine/Plugins/Animation/ControlRig/Content/Controls/ControlRig_Hexagon_1mm.uexp" 990
"../../../Engine/Plugins/Animation/ControlRig/Content/Controls/ControlRig_HalfCircle_solid.ubulk" 991
"../../../Engine/Plugins/Animation/ControlRig/Content/Controls/ControlRig_HalfCircle_solid.uasset" 992
"../../../Engine/Plugins/Animation/ControlRig/Content/Controls/ControlRig_HalfCircle_solid.uexp" 993
"../../../Engine/Plugins/Animation/ControlRig/Content/Controls/ControlRig_HalfCircle_3mm.ubulk" 994
"../../../Engine/Plugins/Animation/ControlRig/Content/Controls/ControlRig_HalfCircle_3mm.uasset" 995
"../../../Engine/Plugins/Animation/ControlRig/Content/Controls/ControlRig_HalfCircle_3mm.uexp" 996
"../../../Engine/Plugins/Animation/ControlRig/Content/Controls/ControlRig_HalfCircle_1mm.ubulk" 997
"../../../Engine/Plugins/Animation/ControlRig/Content/Controls/ControlRig_HalfCircle_1mm.uasset" 998
"../../../Engine/Plugins/Animation/ControlRig/Content/Controls/ControlRig_HalfCircle_1mm.uexp" 999
"../../../Engine/Plugins/Animation/ControlRig/Content/Controls/ControlRig_Diamond_solid.ubulk" 1000
"../../../Engine/Plugins/Animation/ControlRig/Content/Controls/ControlRig_Diamond_solid.uasset" 1001
"../../../Engine/Plugins/Animation/ControlRig/Content/Controls/ControlRig_Diamond_solid.uexp" 1002
"../../../Engine/Plugins/Animation/ControlRig/Content/Controls/ControlRig_Diamond_3mm.ubulk" 1003
"../../../Engine/Plugins/Animation/ControlRig/Content/Controls/ControlRig_Diamond_3mm.uasset" 1004
"../../../Engine/Plugins/Animation/ControlRig/Content/Controls/ControlRig_Diamond_3mm.uexp" 1005
"../../../Engine/Plugins/Animation/ControlRig/Content/Controls/ControlRig_Diamond_1mm.ubulk" 1006
"../../../Engine/Plugins/Animation/ControlRig/Content/Controls/ControlRig_Diamond_1mm.uasset" 1007
"../../../Engine/Plugins/Animation/ControlRig/Content/Controls/ControlRig_Diamond_1mm.uexp" 1008
"../../../Engine/Plugins/Animation/ControlRig/Content/Controls/ControlRig_Circle_solid.ubulk" 1009
"../../../Engine/Plugins/Animation/ControlRig/Content/Controls/ControlRig_Circle_solid.uasset" 1010
"../../../Engine/Plugins/Animation/ControlRig/Content/Controls/ControlRig_Circle_solid.uexp" 1011
"../../../Engine/Plugins/Animation/ControlRig/Content/Controls/ControlRig_Circle_3mm.ubulk" 1012
"../../../Engine/Plugins/Animation/ControlRig/Content/Controls/ControlRig_Circle_3mm.uasset" 1013
"../../../Engine/Plugins/Animation/ControlRig/Content/Controls/ControlRig_Circle_3mm.uexp" 1014
"../../../Engine/Plugins/Animation/ControlRig/Content/Controls/ControlRig_Circle_1mm.ubulk" 1015
"../../../Engine/Plugins/Animation/ControlRig/Content/Controls/ControlRig_Circle_1mm.uasset" 1016
"../../../Engine/Plugins/Animation/ControlRig/Content/Controls/ControlRig_Circle_1mm.uexp" 1017
"../../../Engine/Plugins/Animation/ControlRig/Content/Controls/ControlRig_Box_solid.ubulk" 1018
"../../../Engine/Plugins/Animation/ControlRig/Content/Controls/ControlRig_Box_solid.uasset" 1019
"../../../Engine/Plugins/Animation/ControlRig/Content/Controls/ControlRig_Box_solid.uexp" 1020
"../../../Engine/Plugins/Animation/ControlRig/Content/Controls/ControlRig_Box_3mm.ubulk" 1021
"../../../Engine/Plugins/Animation/ControlRig/Content/Controls/ControlRig_Box_3mm.uasset" 1022
"../../../Engine/Plugins/Animation/ControlRig/Content/Controls/ControlRig_Box_3mm.uexp" 1023
"../../../Engine/Plugins/Animation/ControlRig/Content/Controls/ControlRig_Box_1mm.ubulk" 1024
"../../../Engine/Plugins/Animation/ControlRig/Content/Controls/ControlRig_Box_1mm.uasset" 1025
"../../../Engine/Plugins/Animation/ControlRig/Content/Controls/ControlRig_Box_1mm.uexp" 1026
"../../../Engine/Plugins/Animation/ControlRig/Content/Controls/ControlRig_Arrow_solid.ubulk" 1027
"../../../Engine/Plugins/Animation/ControlRig/Content/Controls/ControlRig_Arrow_solid.uasset" 1028
"../../../Engine/Plugins/Animation/ControlRig/Content/Controls/ControlRig_Arrow_solid.uexp" 1029
"../../../Engine/Plugins/Animation/ControlRig/Content/Controls/ControlRig_Arrow_3mm.ubulk" 1030
"../../../Engine/Plugins/Animation/ControlRig/Content/Controls/ControlRig_Arrow_3mm.uasset" 1031
"../../../Engine/Plugins/Animation/ControlRig/Content/Controls/ControlRig_Arrow_3mm.uexp" 1032
"../../../Engine/Plugins/Animation/ControlRig/Content/Controls/ControlRig_Arrow_1mm.ubulk" 1033
"../../../Engine/Plugins/Animation/ControlRig/Content/Controls/ControlRig_Arrow_1mm.uasset" 1034
"../../../Engine/Plugins/Animation/ControlRig/Content/Controls/ControlRig_Arrow_1mm.uexp" 1035
"../../../Engine/Plugins/Animation/ControlRig/Content/Controls/ControlRig_Arrow4_solid.ubulk" 1036
"../../../Engine/Plugins/Animation/ControlRig/Content/Controls/ControlRig_Arrow4_solid.uasset" 1037
"../../../Engine/Plugins/Animation/ControlRig/Content/Controls/ControlRig_Arrow4_solid.uexp" 1038
"../../../Engine/Plugins/Animation/ControlRig/Content/Controls/ControlRig_Arrow4_3mm.ubulk" 1039
"../../../Engine/Plugins/Animation/ControlRig/Content/Controls/ControlRig_Arrow4_3mm.uasset" 1040
"../../../Engine/Plugins/Animation/ControlRig/Content/Controls/ControlRig_Arrow4_3mm.uexp" 1041
"../../../Engine/Plugins/Animation/ControlRig/Content/Controls/ControlRig_Arrow4_1mm.ubulk" 1042
"../../../Engine/Plugins/Animation/ControlRig/Content/Controls/ControlRig_Arrow4_1mm.uasset" 1043
"../../../Engine/Plugins/Animation/ControlRig/Content/Controls/ControlRig_Arrow4_1mm.uexp" 1044
"../../../Engine/Plugins/Animation/ControlRig/Content/Controls/ControlRig_Arrow2_solid.ubulk" 1045
"../../../Engine/Plugins/Animation/ControlRig/Content/Controls/ControlRig_Arrow2_solid.uasset" 1046
"../../../Engine/Plugins/Animation/ControlRig/Content/Controls/ControlRig_Arrow2_solid.uexp" 1047
"../../../Engine/Plugins/Animation/ControlRig/Content/Controls/ControlRig_Arrow2_3mm.ubulk" 1048
"../../../Engine/Plugins/Animation/ControlRig/Content/Controls/ControlRig_Arrow2_3mm.uasset" 1049
"../../../Engine/Plugins/Animation/ControlRig/Content/Controls/ControlRig_Arrow2_3mm.uexp" 1050
"../../../Engine/Plugins/Animation/ControlRig/Content/Controls/ControlRig_Arrow2_1mm.ubulk" 1051
"../../../Engine/Plugins/Animation/ControlRig/Content/Controls/ControlRig_Arrow2_1mm.uasset" 1052
"../../../Engine/Plugins/Animation/ControlRig/Content/Controls/ControlRig_Arrow2_1mm.uexp" 1053
"../../../Engine/Plugins/Animation/ControlRig/Content/Controls/ControlRigXRayMaterial.uasset" 1054
"../../../Engine/Plugins/Animation/ControlRig/Content/Controls/ControlRigXRayMaterial.uexp" 1055
"../../../Engine/Plugins/Animation/ControlRig/Content/Controls/ControlRigGizmoMaterial.uasset" 1056
"../../../Engine/Plugins/Animation/ControlRig/Content/Controls/ControlRigGizmoMaterial.uexp" 1057
"../../../Engine/Content/EngineMaterials/WeightMapPlaceholderTexture.uasset" 1058
"../../../Engine/Content/EngineMaterials/WeightMapPlaceholderTexture.uexp" 1059
"../../../Engine/Content/EngineMaterials/WeightMapArrayPlaceholderTexture.uasset" 1060
"../../../Engine/Content/EngineMaterials/WeightMapArrayPlaceholderTexture.uexp" 1061
"../../../Engine/Content/EngineMaterials/RemoveSurfaceMaterial.uasset" 1062
"../../../Engine/Content/EngineMaterials/RemoveSurfaceMaterial.uexp" 1063
"../../../Engine/Content/EngineMaterials/PreintegratedSkinBRDF.uasset" 1064
"../../../Engine/Content/EngineMaterials/PreintegratedSkinBRDF.uexp" 1065
"../../../Engine/Content/EngineMaterials/DefaultCalibrationGrayscale.uasset" 1066
"../../../Engine/Content/EngineMaterials/DefaultCalibrationGrayscale.uexp" 1067
"../../../Engine/Content/EngineMaterials/PPM_DefaultCalibrationGrayscale.uasset" 1068
"../../../Engine/Content/EngineMaterials/PPM_DefaultCalibrationGrayscale.uexp" 1069
"../../../Engine/Content/EngineMaterials/DefaultCalibrationColor.uasset" 1070
"../../../Engine/Content/EngineMaterials/DefaultCalibrationColor.uexp" 1071
"../../../Engine/Content/EngineMaterials/PPM_DefaultCalibrationColor.uasset" 1072
"../../../Engine/Content/EngineMaterials/PPM_DefaultCalibrationColor.uexp" 1073
"../../../Engine/Content/EngineMaterials/PhAT_JointLimitMaterial.uasset" 1074
"../../../Engine/Content/EngineMaterials/PhAT_JointLimitMaterial.uexp" 1075
"../../../Engine/Content/EngineMaterials/NaniteHiddenSectionMaterial.uasset" 1076
"../../../Engine/Content/EngineMaterials/NaniteHiddenSectionMaterial.uexp" 1077
"../../../Engine/Content/EngineMaterials/InvalidLightmapSettings.ubulk" 1078
"../../../Engine/Content/EngineMaterials/InvalidLightmapSettings.uasset" 1079
"../../../Engine/Content/EngineMaterials/InvalidLightmapSettings.uexp" 1080
"../../../Engine/Content/EngineMaterials/M_InvalidLightmapSettings.uasset" 1081
"../../../Engine/Content/EngineMaterials/M_InvalidLightmapSettings.uexp" 1082
"../../../Engine/Content/EngineMaterials/MiniFont.uasset" 1083
"../../../Engine/Content/EngineMaterials/MiniFont.uexp" 1084
"../../../Engine/Content/EngineMaterials/GizmoMaterial.uasset" 1085
"../../../Engine/Content/EngineMaterials/GizmoMaterial.uexp" 1086
"../../../Engine/Content/EngineMaterials/BaseFlattenDiffuseMap_VT.ubulk" 1087
"../../../Engine/Content/EngineMaterials/BaseFlattenDiffuseMap_VT.uasset" 1088
"../../../Engine/Content/EngineMaterials/BaseFlattenDiffuseMap_VT.uexp" 1089
"../../../Engine/Content/EngineMaterials/BaseFlattenEmissiveMap_VT.ubulk" 1090
"../../../Engine/Content/EngineMaterials/BaseFlattenEmissiveMap_VT.uasset" 1091
"../../../Engine/Content/EngineMaterials/BaseFlattenEmissiveMap_VT.uexp" 1092
"../../../Engine/Content/EngineMaterials/BaseFlattenGrayscaleMap_VT.ubulk" 1093
"../../../Engine/Content/EngineMaterials/BaseFlattenGrayscaleMap_VT.uasset" 1094
"../../../Engine/Content/EngineMaterials/BaseFlattenGrayscaleMap_VT.uexp" 1095
"../../../Engine/Content/EngineMaterials/BaseFlattenLinearColor_VT.ubulk" 1096
"../../../Engine/Content/EngineMaterials/BaseFlattenLinearColor_VT.uasset" 1097
"../../../Engine/Content/EngineMaterials/BaseFlattenLinearColor_VT.uexp" 1098
"../../../Engine/Content/EngineMaterials/BaseFlattenNormalMap_VT.ubulk" 1099
"../../../Engine/Content/EngineMaterials/BaseFlattenNormalMap_VT.uasset" 1100
"../../../Engine/Content/EngineMaterials/BaseFlattenNormalMap_VT.uexp" 1101
"../../../Engine/Content/EngineMaterials/Black_1x1_EXR_Texture_VT.ubulk" 1102
"../../../Engine/Content/EngineMaterials/Black_1x1_EXR_Texture_VT.uasset" 1103
"../../../Engine/Content/EngineMaterials/Black_1x1_EXR_Texture_VT.uexp" 1104
"../../../Engine/Content/EngineMaterials/FlattenMaterial_WS_Normal_VT.uasset" 1105
"../../../Engine/Content/EngineMaterials/FlattenMaterial_WS_Normal_VT.uexp" 1106
"../../../Engine/Content/EngineMaterials/FlattenMaterial_VT.uasset" 1107
"../../../Engine/Content/EngineMaterials/FlattenMaterial_VT.uexp" 1108
"../../../Engine/Content/EngineMaterials/BaseFlattenNormalMap.uasset" 1109
"../../../Engine/Content/EngineMaterials/BaseFlattenNormalMap.uexp" 1110
"../../../Engine/Content/EngineMaterials/BaseFlattenDiffuseMap.uasset" 1111
"../../../Engine/Content/EngineMaterials/BaseFlattenDiffuseMap.uexp" 1112
"../../../Engine/Content/EngineMaterials/BaseFlattenEmissiveMap.uasset" 1113
"../../../Engine/Content/EngineMaterials/BaseFlattenEmissiveMap.uexp" 1114
"../../../Engine/Content/EngineMaterials/BaseFlattenGrayscaleMap.uasset" 1115
"../../../Engine/Content/EngineMaterials/BaseFlattenGrayscaleMap.uexp" 1116
"../../../Engine/Content/EngineMaterials/BaseFlattenLinearColor.uasset" 1117
"../../../Engine/Content/EngineMaterials/BaseFlattenLinearColor.uexp" 1118
"../../../Engine/Content/Functions/Engine_MaterialFunctions02/PivotPainter2/Black_1x1_EXR_Texture.uasset" 1119
"../../../Engine/Content/Functions/Engine_MaterialFunctions02/PivotPainter2/Black_1x1_EXR_Texture.uexp" 1120
"../../../Engine/Content/EngineMaterials/FlattenMaterial.uasset" 1121
"../../../Engine/Content/EngineMaterials/FlattenMaterial.uexp" 1122
"../../../Engine/Content/EngineMaterials/FastBlueNoise_vec2_128x128x64.uasset" 1123
"../../../Engine/Content/EngineMaterials/FastBlueNoise_vec2_128x128x64.uexp" 1124
"../../../Engine/Content/EngineMaterials/FastBlueNoise_scalar_128x128x8.uasset" 1125
"../../../Engine/Content/EngineMaterials/FastBlueNoise_scalar_128x128x8.uexp" 1126
"../../../Engine/Content/EngineMaterials/FastBlueNoise_scalar_128x128x64.uasset" 1127
"../../../Engine/Content/EngineMaterials/FastBlueNoise_scalar_128x128x64.uexp" 1128
"../../../Engine/Content/EngineMaterials/DefaultWhiteGrid_Low.uasset" 1129
"../../../Engine/Content/EngineMaterials/DefaultWhiteGrid_Low.uexp" 1130
"../../../Engine/Content/EngineMaterials/EmissiveMeshMaterial.uasset" 1131
"../../../Engine/Content/EngineMaterials/EmissiveMeshMaterial.uexp" 1132
"../../../Engine/Content/EngineMaterials/DefaultWhiteGrid.ubulk" 1133
"../../../Engine/Content/EngineMaterials/DefaultWhiteGrid.uasset" 1134
"../../../Engine/Content/EngineMaterials/DefaultWhiteGrid.uexp" 1135
"../../../Engine/Content/EngineFonts/RobotoDistanceField.uasset" 1136
"../../../Engine/Content/EngineFonts/RobotoDistanceField.uexp" 1137
"../../../Engine/Content/EngineMaterials/DefaultTextMaterialOpaque.uasset" 1138
"../../../Engine/Content/EngineMaterials/DefaultTextMaterialOpaque.uexp" 1139
"../../../Engine/Content/EngineMaterials/DefaultPostProcessMaterial.uasset" 1140
"../../../Engine/Content/EngineMaterials/DefaultPostProcessMaterial.uexp" 1141
"../../../Engine/Content/EngineMaterials/DefaultLightFunctionMaterial.uasset" 1142
"../../../Engine/Content/EngineMaterials/DefaultLightFunctionMaterial.uexp" 1143
"../../../Engine/Content/EngineMaterials/DefaultDeferredDecalMaterial.uasset" 1144
"../../../Engine/Content/EngineMaterials/DefaultDeferredDecalMaterial.uexp" 1145
"../../../Engine/Content/EngineMaterials/DefaultBokeh.uasset" 1146
"../../../Engine/Content/EngineMaterials/DefaultBokeh.uexp" 1147
"../../../Engine/Content/EngineMaterials/DefaultBloomKernel.uasset" 1148
"../../../Engine/Content/EngineMaterials/DefaultBloomKernel.uexp" 1149
"../../../Engine/Content/EngineDebugMaterials/VolumeToRender.uasset" 1150
"../../../Engine/Content/EngineDebugMaterials/VolumeToRender.uexp" 1151
"../../../Engine/Content/EngineDebugMaterials/M_VolumeRenderSphereTracePP.uasset" 1152
"../../../Engine/Content/EngineDebugMaterials/M_VolumeRenderSphereTracePP.uexp" 1153
"../../../Engine/Content/EngineDebugMaterials/M_SimpleUnlitTranslucent.uasset" 1154
"../../../Engine/Content/EngineDebugMaterials/M_SimpleUnlitTranslucent.uexp" 1155
"../../../Engine/Content/EngineDebugMaterials/DebugMeshMaterial.uasset" 1156
"../../../Engine/Content/EngineDebugMaterials/DebugMeshMaterial.uexp" 1157
"../../../Engine/Content/EngineDebugMaterials/DebugEditorMaterial.uasset" 1158
"../../../Engine/Content/EngineDebugMaterials/DebugEditorMaterial.uexp" 1159
"../../../Engine/Content/EngineDamageTypes/DmgTypeBP_Environmental.uasset" 1160
"../../../Engine/Content/EngineDamageTypes/DmgTypeBP_Environmental.uexp" 1161
"../../../Engine/Content/EditorResources/S_Terrain.ubulk" 1162
"../../../Engine/Content/EditorResources/S_Terrain.uasset" 1163
"../../../Engine/Content/EditorResources/S_Terrain.uexp" 1164
"../../../Engine/Content/EditorResources/S_Solver.ubulk" 1165
"../../../Engine/Content/EditorResources/S_Solver.uasset" 1166
"../../../Engine/Content/EditorResources/S_Solver.uexp" 1167
"../../../Engine/Content/EditorResources/BSPVertex.uasset" 1168
"../../../Engine/Content/EditorResources/BSPVertex.uexp" 1169
"../../../Engine/Plugins/VirtualProduction/CameraCalibrationCore/Content/Materials/M_DefaultOddSquare.uasset" 1170
"../../../Engine/Plugins/VirtualProduction/CameraCalibrationCore/Content/Materials/M_DefaultOddSquare.uexp" 1171
"../../../Engine/Plugins/VirtualProduction/CameraCalibrationCore/Content/Materials/M_DefaultEvenSquare.uasset" 1172
"../../../Engine/Plugins/VirtualProduction/CameraCalibrationCore/Content/Materials/M_DefaultEvenSquare.uexp" 1173
"../../../Engine/Plugins/Runtime/HairStrands/Content/Materials/HairMeshesDefaultMaterial.uasset" 1174
"../../../Engine/Plugins/Runtime/HairStrands/Content/Materials/HairMeshesDefaultMaterial.uexp" 1175
"../../../Engine/Plugins/Runtime/HairStrands/Content/Materials/HairDefaultMaterial.uasset" 1176
"../../../Engine/Plugins/Runtime/HairStrands/Content/Materials/HairDefaultMaterial.uexp" 1177
"../../../Engine/Content/Functions/Engine_MaterialFunctions02/Utility/MakeFloat2.uasset" 1178
"../../../Engine/Content/Functions/Engine_MaterialFunctions02/Utility/MakeFloat2.uexp" 1179
"../../../Engine/Content/Functions/Engine_MaterialFunctions02/Utility/MakeFloat3.uasset" 1180
"../../../Engine/Content/Functions/Engine_MaterialFunctions02/Utility/MakeFloat3.uexp" 1181
"../../../Engine/Content/EngineMaterials/HairDebugColor.uasset" 1182
"../../../Engine/Content/EngineMaterials/HairDebugColor.uexp" 1183
"../../../Engine/Content/EngineMaterials/HairColorMap.uasset" 1184
"../../../Engine/Content/EngineMaterials/HairColorMap.uexp" 1185
"../../../Engine/Plugins/Runtime/HairStrands/Content/Materials/HairGroupColors.uasset" 1186
"../../../Engine/Plugins/Runtime/HairStrands/Content/Materials/HairGroupColors.uexp" 1187
"../../../Engine/Plugins/Runtime/HairStrands/Content/Materials/HairDebugMaterial.uasset" 1188
"../../../Engine/Plugins/Runtime/HairStrands/Content/Materials/HairDebugMaterial.uexp" 1189
"../../../Engine/Plugins/Runtime/HairStrands/Content/Materials/HairCardsDefaultMaterial.uasset" 1190
"../../../Engine/Plugins/Runtime/HairStrands/Content/Materials/HairCardsDefaultMaterial.uexp" 1191
"../../../Engine/Plugins/Runtime/AudioWidgets/Content/Resources/ScrubHandleDown_Clamped.uasset" 1192
"../../../Engine/Plugins/Runtime/AudioWidgets/Content/Resources/ScrubHandleDown_Clamped.uexp" 1193
"../../../Engine/Plugins/Interchange/Assets/Content/Functions/MX_UsdPreviewSurface.uasset" 1194
"../../../Engine/Plugins/Interchange/Assets/Content/Functions/MX_UsdPreviewSurface.uexp" 1195
"../../../Engine/Plugins/Interchange/Assets/Content/Functions/MX_UniformEDF.uasset" 1196
"../../../Engine/Plugins/Interchange/Assets/Content/Functions/MX_UniformEDF.uexp" 1197
"../../../Engine/Plugins/Interchange/Assets/Content/Functions/MX_TranslucentBSDF.uasset" 1198
"../../../Engine/Plugins/Interchange/Assets/Content/Functions/MX_TranslucentBSDF.uexp" 1199
"../../../Engine/Plugins/Interchange/Assets/Content/Functions/MX_ThinFilmBSDF.uasset" 1200
"../../../Engine/Plugins/Interchange/Assets/Content/Functions/MX_ThinFilmBSDF.uexp" 1201
"../../../Engine/Plugins/Interchange/Assets/Content/Functions/MX_SurfaceUnlit.uasset" 1202
"../../../Engine/Plugins/Interchange/Assets/Content/Functions/MX_SurfaceUnlit.uexp" 1203
"../../../Engine/Plugins/Interchange/Assets/Content/Functions/MX_Surface.uasset" 1204
"../../../Engine/Plugins/Interchange/Assets/Content/Functions/MX_Surface.uexp" 1205
"../../../Engine/Plugins/Interchange/Assets/Content/Functions/MX_SubsurfaceBSDF.uasset" 1206
"../../../Engine/Plugins/Interchange/Assets/Content/Functions/MX_SubsurfaceBSDF.uexp" 1207
"../../../Engine/Plugins/Interchange/Assets/Content/Functions/MX_SheenBSDF.uasset" 1208
"../../../Engine/Plugins/Interchange/Assets/Content/Functions/MX_SheenBSDF.uexp" 1209
"../../../Engine/Plugins/Interchange/Assets/Content/Functions/MX_OrenNayarBSDF.uasset" 1210
"../../../Engine/Plugins/Interchange/Assets/Content/Functions/MX_OrenNayarBSDF.uexp" 1211
"../../../Engine/Plugins/Interchange/Assets/Content/Functions/MF_IridescenceNoLUT.uasset" 1212
"../../../Engine/Plugins/Interchange/Assets/Content/Functions/MF_IridescenceNoLUT.uexp" 1213
"../../../Engine/Plugins/Interchange/Assets/Content/Functions/MX_StandardSurface.uasset" 1214
"../../../Engine/Plugins/Interchange/Assets/Content/Functions/MX_StandardSurface.uexp" 1215
"../../../Engine/Plugins/Interchange/Assets/Content/Functions/MX_TransmissionSurface.uasset" 1216
"../../../Engine/Plugins/Interchange/Assets/Content/Functions/MX_TransmissionSurface.uexp" 1217
"../../../Engine/Plugins/Interchange/Assets/Content/Functions/MX_OpenPBR_Translucent.uasset" 1218
"../../../Engine/Plugins/Interchange/Assets/Content/Functions/MX_OpenPBR_Translucent.uexp" 1219
"../../../Engine/Plugins/Interchange/Assets/Content/Functions/MX_OpenPBR_Opaque.uasset" 1220
"../../../Engine/Plugins/Interchange/Assets/Content/Functions/MX_OpenPBR_Opaque.uexp" 1221
"../../../Engine/Plugins/Interchange/Assets/Content/Functions/MX_MeasuredEDF.uasset" 1222
"../../../Engine/Plugins/Interchange/Assets/Content/Functions/MX_MeasuredEDF.uexp" 1223
"../../../Engine/Plugins/Interchange/Assets/Content/Functions/MX_GeneralizedSchlickBSDF.uasset" 1224
"../../../Engine/Plugins/Interchange/Assets/Content/Functions/MX_GeneralizedSchlickBSDF.uexp" 1225
"../../../Engine/Plugins/Interchange/Assets/Content/Functions/MX_Displacement.uasset" 1226
"../../../Engine/Plugins/Interchange/Assets/Content/Functions/MX_Displacement.uexp" 1227
"../../../Engine/Plugins/Interchange/Assets/Content/Functions/MX_DielectricBSDF.uasset" 1228
"../../../Engine/Plugins/Interchange/Assets/Content/Functions/MX_DielectricBSDF.uexp" 1229
"../../../Engine/Plugins/Interchange/Assets/Content/Functions/MX_ConicalEDF.uasset" 1230
"../../../Engine/Plugins/Interchange/Assets/Content/Functions/MX_ConicalEDF.uexp" 1231
"../../../Engine/Plugins/Interchange/Assets/Content/Functions/MX_ConductorBSDF.uasset" 1232
"../../../Engine/Plugins/Interchange/Assets/Content/Functions/MX_ConductorBSDF.uexp" 1233
"../../../Engine/Plugins/Interchange/Assets/Content/Functions/MX_BurleyDiffuseBSDF.uasset" 1234
"../../../Engine/Plugins/Interchange/Assets/Content/Functions/MX_BurleyDiffuseBSDF.uexp" 1235
"../../../Engine/Plugins/Interchange/Assets/Content/Functions/MX_AnisotropicVDF.uasset" 1236
"../../../Engine/Plugins/Interchange/Assets/Content/Functions/MX_AnisotropicVDF.uexp" 1237
"../../../Engine/Plugins/Interchange/Assets/Content/Functions/MX_AbsorptionVDF.uasset" 1238
"../../../Engine/Plugins/Interchange/Assets/Content/Functions/MX_AbsorptionVDF.uexp" 1239
"E:/DaleBruise_Repo/Unreal_Learning/Content/ParagonMinions/Characters/Minions/Down_Minions/Meshes/Minion_Lane_Ranged_Physics.uasset" 1240
"E:/DaleBruise_Repo/Unreal_Learning/Content/ParagonMinions/Characters/Minions/Down_Minions/Meshes/Minion_Lane_Ranged_Physics.uexp" 1241
"E:/DaleBruise_Repo/Unreal_Learning/Content/ParagonMinions/Characters/Minions/Down_Minions/Meshes/Minion_Lane_Core_Skeleton.uasset" 1242
"E:/DaleBruise_Repo/Unreal_Learning/Content/ParagonMinions/Characters/Minions/Down_Minions/Meshes/Minion_Lane_Core_Skeleton.uexp" 1243
"E:/DaleBruise_Repo/Unreal_Learning/Content/ParagonMinions/Characters/Minions/Down_Minions/Textures/Ranged/T_Minion_Dawn_Ranged_N.ubulk" 1244
"E:/DaleBruise_Repo/Unreal_Learning/Content/ParagonMinions/Characters/Minions/Down_Minions/Textures/Ranged/T_Minion_Dawn_Ranged_N.uasset" 1245
"E:/DaleBruise_Repo/Unreal_Learning/Content/ParagonMinions/Characters/Minions/Down_Minions/Textures/Ranged/T_Minion_Dawn_Ranged_N.uexp" 1246
"E:/DaleBruise_Repo/Unreal_Learning/Content/ParagonMinions/Characters/Minions/Down_Minions/Textures/Ranged/T_Minion_Dawn_Ranged_D.ubulk" 1247
"E:/DaleBruise_Repo/Unreal_Learning/Content/ParagonMinions/Characters/Minions/Down_Minions/Textures/Ranged/T_Minion_Dawn_Ranged_D.uasset" 1248
"E:/DaleBruise_Repo/Unreal_Learning/Content/ParagonMinions/Characters/Minions/Down_Minions/Textures/Ranged/T_Minion_Dawn_Ranged_D.uexp" 1249
"../../../Engine/Content/Functions/Engine_MaterialFunctions02/HueShift.uasset" 1250
"../../../Engine/Content/Functions/Engine_MaterialFunctions02/HueShift.uexp" 1251
"../../../Engine/Content/EngineMaterials/FlatNormal.uasset" 1252
"../../../Engine/Content/EngineMaterials/FlatNormal.uexp" 1253
"E:/DaleBruise_Repo/Unreal_Learning/Content/ExampleContent/Textures/T_White.uasset" 1254
"E:/DaleBruise_Repo/Unreal_Learning/Content/ExampleContent/Textures/T_White.uexp" 1255
"E:/DaleBruise_Repo/Unreal_Learning/Content/ParagonMinions/Characters/Minions/Down_Minions/Materials/M_SimpleLaneMinion.uasset" 1256
"E:/DaleBruise_Repo/Unreal_Learning/Content/ParagonMinions/Characters/Minions/Down_Minions/Materials/M_SimpleLaneMinion.uexp" 1257
"E:/DaleBruise_Repo/Unreal_Learning/Content/ParagonMinions/Characters/Minions/Down_Minions/Materials/MI_SimpleMinion_Ranged.uasset" 1258
"E:/DaleBruise_Repo/Unreal_Learning/Content/ParagonMinions/Characters/Minions/Down_Minions/Materials/MI_SimpleMinion_Ranged.uexp" 1259
"E:/DaleBruise_Repo/Unreal_Learning/Content/ParagonMinions/Characters/Minions/Down_Minions/Meshes/Minion_Lane_Ranged_Dawn.uasset" 1260
"E:/DaleBruise_Repo/Unreal_Learning/Content/ParagonMinions/Characters/Minions/Down_Minions/Meshes/Minion_Lane_Ranged_Dawn.uexp" 1261
"E:/DaleBruise_Repo/Unreal_Learning/Content/ParagonMinions/Characters/Minions/Down_Minions/Animations/Ranged/Walk_Fwd_Combat_A.uasset" 1262
"E:/DaleBruise_Repo/Unreal_Learning/Content/ParagonMinions/Characters/Minions/Down_Minions/Animations/Ranged/Walk_Fwd_Combat_A.uexp" 1263
"E:/DaleBruise_Repo/Unreal_Learning/Content/ParagonMinions/Characters/Minions/Down_Minions/Animations/Ranged/Jog_Right_Combat_A.uasset" 1264
"E:/DaleBruise_Repo/Unreal_Learning/Content/ParagonMinions/Characters/Minions/Down_Minions/Animations/Ranged/Jog_Right_Combat_A.uexp" 1265
"E:/DaleBruise_Repo/Unreal_Learning/Content/ParagonMinions/Characters/Minions/Down_Minions/Animations/Ranged/Jog_Left_Combat_A.uasset" 1266
"E:/DaleBruise_Repo/Unreal_Learning/Content/ParagonMinions/Characters/Minions/Down_Minions/Animations/Ranged/Jog_Left_Combat_A.uexp" 1267
"E:/DaleBruise_Repo/Unreal_Learning/Content/ParagonMinions/Characters/Minions/Down_Minions/Animations/Ranged/Jog_Fwd_Combat_A.uasset" 1268
"E:/DaleBruise_Repo/Unreal_Learning/Content/ParagonMinions/Characters/Minions/Down_Minions/Animations/Ranged/Jog_Fwd_Combat_A.uexp" 1269
"E:/DaleBruise_Repo/Unreal_Learning/Content/ParagonMinions/Characters/Minions/Down_Minions/Animations/Ranged/Idle_A.uasset" 1270
"E:/DaleBruise_Repo/Unreal_Learning/Content/ParagonMinions/Characters/Minions/Down_Minions/Animations/Ranged/Idle_A.uexp" 1271
"E:/DaleBruise_Repo/Unreal_Learning/Content/ParagonMinions/Characters/Minions/Down_Minions/Animations/Ranged/Blendspaces/IdleToRun_A_Combat.uasset" 1272
"E:/DaleBruise_Repo/Unreal_Learning/Content/ParagonMinions/Characters/Minions/Down_Minions/Animations/Ranged/Blendspaces/IdleToRun_A_Combat.uexp" 1273
"E:/DaleBruise_Repo/Unreal_Learning/Content/ParagonMinions/Characters/Minions/Down_Minions/Animations/Ranged/Walk_Fwd_NonCombat_A.uasset" 1274
"E:/DaleBruise_Repo/Unreal_Learning/Content/ParagonMinions/Characters/Minions/Down_Minions/Animations/Ranged/Walk_Fwd_NonCombat_A.uexp" 1275
"E:/DaleBruise_Repo/Unreal_Learning/Content/ParagonMinions/Characters/Minions/Down_Minions/Animations/Ranged/Jog_Right_NonCombat_A.uasset" 1276
"E:/DaleBruise_Repo/Unreal_Learning/Content/ParagonMinions/Characters/Minions/Down_Minions/Animations/Ranged/Jog_Right_NonCombat_A.uexp" 1277
"E:/DaleBruise_Repo/Unreal_Learning/Content/ParagonMinions/Characters/Minions/Down_Minions/Animations/Ranged/Jog_Left_NonCombat_A.uasset" 1278
"E:/DaleBruise_Repo/Unreal_Learning/Content/ParagonMinions/Characters/Minions/Down_Minions/Animations/Ranged/Jog_Left_NonCombat_A.uexp" 1279
"E:/DaleBruise_Repo/Unreal_Learning/Content/ParagonMinions/Characters/Minions/Down_Minions/Animations/Ranged/Jog_Fwd_NonCombat_A.uasset" 1280
"E:/DaleBruise_Repo/Unreal_Learning/Content/ParagonMinions/Characters/Minions/Down_Minions/Animations/Ranged/Jog_Fwd_NonCombat_A.uexp" 1281
"E:/DaleBruise_Repo/Unreal_Learning/Content/ParagonMinions/Characters/Minions/Down_Minions/Animations/Ranged/Idle_NonCombat_A.uasset" 1282
"E:/DaleBruise_Repo/Unreal_Learning/Content/ParagonMinions/Characters/Minions/Down_Minions/Animations/Ranged/Idle_NonCombat_A.uexp" 1283
"E:/DaleBruise_Repo/Unreal_Learning/Content/ParagonMinions/Characters/Minions/Down_Minions/Animations/Ranged/Blendspaces/IdleToRun_A_NonCombat.uasset" 1284
"E:/DaleBruise_Repo/Unreal_Learning/Content/ParagonMinions/Characters/Minions/Down_Minions/Animations/Ranged/Blendspaces/IdleToRun_A_NonCombat.uexp" 1285
"E:/DaleBruise_Repo/Unreal_Learning/Content/ParagonMinions/Characters/Minions/Down_Minions/Animations/Ranged/TurnInPlace_Fast_Combat.uasset" 1286
"E:/DaleBruise_Repo/Unreal_Learning/Content/ParagonMinions/Characters/Minions/Down_Minions/Animations/Ranged/TurnInPlace_Fast_Combat.uexp" 1287
"E:/DaleBruise_Repo/Unreal_Learning/Content/ParagonMinions/Characters/Minions/Down_Minions/Meshes/MinionRanged_AnimBP.uasset" 1288
"E:/DaleBruise_Repo/Unreal_Learning/Content/ParagonMinions/Characters/Minions/Down_Minions/Meshes/MinionRanged_AnimBP.uexp" 1289
"E:/DaleBruise_Repo/Unreal_Learning/Content/ActionRogueLike/AI/EQS_MoveToTarget.uasset" 1290
"E:/DaleBruise_Repo/Unreal_Learning/Content/ActionRogueLike/AI/EQS_MoveToTarget.uexp" 1291
"E:/DaleBruise_Repo/Unreal_Learning/Content/ActionRogueLike/AI/BB_MinionRanged.uasset" 1292
"E:/DaleBruise_Repo/Unreal_Learning/Content/ActionRogueLike/AI/BB_MinionRanged.uexp" 1293
"E:/DaleBruise_Repo/Unreal_Learning/Content/ActionRogueLike/AI/BT_MinionRanged.uasset" 1294
"E:/DaleBruise_Repo/Unreal_Learning/Content/ActionRogueLike/AI/BT_MinionRanged.uexp" 1295
"E:/DaleBruise_Repo/Unreal_Learning/Content/ActionRogueLike/AI/BP_MinionAIController.uasset" 1296
"E:/DaleBruise_Repo/Unreal_Learning/Content/ActionRogueLike/AI/BP_MinionAIController.uexp" 1297
"E:/DaleBruise_Repo/Unreal_Learning/Content/ActionRogueLike/AI/BP_MinionCharacter.uasset" 1298
"E:/DaleBruise_Repo/Unreal_Learning/Content/ActionRogueLike/AI/BP_MinionCharacter.uexp" 1299
"E:/DaleBruise_Repo/Unreal_Learning/Content/ExampleContent/Materials/T_UnrealEngineDecal.uasset" 1300
"E:/DaleBruise_Repo/Unreal_Learning/Content/ExampleContent/Materials/T_UnrealEngineDecal.uexp" 1301
"../../../Engine/Content/Functions/Engine_MaterialFunctions02/WorldPositionOffset/ObjectPivotPoint.uasset" 1302
"../../../Engine/Content/Functions/Engine_MaterialFunctions02/WorldPositionOffset/ObjectPivotPoint.uexp" 1303
"../../../Engine/Content/Functions/Engine_MaterialFunctions02/FixRotateAboutAxisNormals.uasset" 1304
"../../../Engine/Content/Functions/Engine_MaterialFunctions02/FixRotateAboutAxisNormals.uexp" 1305
"../../../Engine/Content/Functions/Engine_MaterialFunctions02/WorldPositionOffset/RotateAboutWorldAxis_cheap.uasset" 1306
"../../../Engine/Content/Functions/Engine_MaterialFunctions02/WorldPositionOffset/RotateAboutWorldAxis_cheap.uexp" 1307
"E:/DaleBruise_Repo/Unreal_Learning/Content/ExampleContent/Materials/M_Pickup_Coin.uasset" 1308
"E:/DaleBruise_Repo/Unreal_Learning/Content/ExampleContent/Materials/M_Pickup_Coin.uexp" 1309
"E:/DaleBruise_Repo/Unreal_Learning/Content/ExampleContent/Meshes/SM_Pickup_Coin.ubulk" 1310
"E:/DaleBruise_Repo/Unreal_Learning/Content/ExampleContent/Meshes/SM_Pickup_Coin.uasset" 1311
"E:/DaleBruise_Repo/Unreal_Learning/Content/ExampleContent/Meshes/SM_Pickup_Coin.uexp" 1312
"E:/DaleBruise_Repo/Unreal_Learning/Content/ActionRogueLike/World/BP_ProjectileSpammer.uasset" 1313
"E:/DaleBruise_Repo/Unreal_Learning/Content/ActionRogueLike/World/BP_ProjectileSpammer.uexp" 1314
"E:/DaleBruise_Repo/Unreal_Learning/Content/ExampleContent/Materials/M_Orange_Shiny.uasset" 1315
"E:/DaleBruise_Repo/Unreal_Learning/Content/ExampleContent/Materials/M_Orange_Shiny.uexp" 1316
"E:/DaleBruise_Repo/Unreal_Learning/Content/ExampleContent/Meshes/SM_Interactive_Switch_Handle.ubulk" 1317
"E:/DaleBruise_Repo/Unreal_Learning/Content/ExampleContent/Meshes/SM_Interactive_Switch_Handle.uasset" 1318
"E:/DaleBruise_Repo/Unreal_Learning/Content/ExampleContent/Meshes/SM_Interactive_Switch_Handle.uexp" 1319
"E:/DaleBruise_Repo/Unreal_Learning/Content/ExampleContent/Audio/Textures/T_Metal_Painted01_N.ubulk" 1320
"E:/DaleBruise_Repo/Unreal_Learning/Content/ExampleContent/Audio/Textures/T_Metal_Painted01_N.uasset" 1321
"E:/DaleBruise_Repo/Unreal_Learning/Content/ExampleContent/Audio/Textures/T_Metal_Painted01_N.uexp" 1322
"E:/DaleBruise_Repo/Unreal_Learning/Content/ExampleContent/Materials/M_Metal_Lighter.uasset" 1323
"E:/DaleBruise_Repo/Unreal_Learning/Content/ExampleContent/Materials/M_Metal_Lighter.uexp" 1324
"E:/DaleBruise_Repo/Unreal_Learning/Content/ExampleContent/Meshes/SM_Interactive_Switch.ubulk" 1325
"E:/DaleBruise_Repo/Unreal_Learning/Content/ExampleContent/Meshes/SM_Interactive_Switch.uasset" 1326
"E:/DaleBruise_Repo/Unreal_Learning/Content/ExampleContent/Meshes/SM_Interactive_Switch.uexp" 1327
"E:/DaleBruise_Repo/Unreal_Learning/Content/ActionRogueLike/World/BP_ItemLever.uasset" 1328
"E:/DaleBruise_Repo/Unreal_Learning/Content/ActionRogueLike/World/BP_ItemLever.uexp" 1329
"E:/DaleBruise_Repo/Unreal_Learning/Content/tharlevfx_tutorials/CharacterFX/ParagonSourceAssets/Textures/T_sunflare.ubulk" 1330
"E:/DaleBruise_Repo/Unreal_Learning/Content/tharlevfx_tutorials/CharacterFX/ParagonSourceAssets/Textures/T_sunflare.uasset" 1331
"E:/DaleBruise_Repo/Unreal_Learning/Content/tharlevfx_tutorials/CharacterFX/ParagonSourceAssets/Textures/T_sunflare.uexp" 1332
"E:/DaleBruise_Repo/Unreal_Learning/Content/tharlevfx_tutorials/CharacterFX/ParagonSourceAssets/Materials/m_flare_03.uasset" 1333
"E:/DaleBruise_Repo/Unreal_Learning/Content/tharlevfx_tutorials/CharacterFX/ParagonSourceAssets/Materials/m_flare_03.uexp" 1334
"E:/DaleBruise_Repo/Unreal_Learning/Content/tharlevfx_tutorials/CharacterFX/ParagonSourceAssets/Textures/T_Treasure_N.ubulk" 1335
"E:/DaleBruise_Repo/Unreal_Learning/Content/tharlevfx_tutorials/CharacterFX/ParagonSourceAssets/Textures/T_Treasure_N.uasset" 1336
"E:/DaleBruise_Repo/Unreal_Learning/Content/tharlevfx_tutorials/CharacterFX/ParagonSourceAssets/Textures/T_Treasure_N.uexp" 1337
"E:/DaleBruise_Repo/Unreal_Learning/Content/tharlevfx_tutorials/CharacterFX/ParagonSourceAssets/Materials/M_Gold_Pile.uasset" 1338
"E:/DaleBruise_Repo/Unreal_Learning/Content/tharlevfx_tutorials/CharacterFX/ParagonSourceAssets/Materials/M_Gold_Pile.uexp" 1339
"E:/DaleBruise_Repo/Unreal_Learning/Content/tharlevfx_tutorials/CharacterFX/ParagonSourceAssets/Meshes/SM_Coin_Small.ubulk" 1340
"E:/DaleBruise_Repo/Unreal_Learning/Content/tharlevfx_tutorials/CharacterFX/ParagonSourceAssets/Meshes/SM_Coin_Small.uasset" 1341
"E:/DaleBruise_Repo/Unreal_Learning/Content/tharlevfx_tutorials/CharacterFX/ParagonSourceAssets/Meshes/SM_Coin_Small.uexp" 1342
"../../../Engine/Content/EngineVolumetrics/LightBeam/Materials/T_EV_LightBeam_Falloff_03.ubulk" 1343
"../../../Engine/Content/EngineVolumetrics/LightBeam/Materials/T_EV_LightBeam_Falloff_03.uasset" 1344
"../../../Engine/Content/EngineVolumetrics/LightBeam/Materials/T_EV_LightBeam_Falloff_03.uexp" 1345
"E:/DaleBruise_Repo/Unreal_Learning/Content/tharlevfx_tutorials/CharacterFX/ParagonSourceAssets/Textures/T_Space.ubulk" 1346
"E:/DaleBruise_Repo/Unreal_Learning/Content/tharlevfx_tutorials/CharacterFX/ParagonSourceAssets/Textures/T_Space.uasset" 1347
"E:/DaleBruise_Repo/Unreal_Learning/Content/tharlevfx_tutorials/CharacterFX/ParagonSourceAssets/Textures/T_Space.uexp" 1348
"E:/DaleBruise_Repo/Unreal_Learning/Content/tharlevfx_tutorials/CharacterFX/ParagonSourceAssets/Materials/M_Energy_Burst.uasset" 1349
"E:/DaleBruise_Repo/Unreal_Learning/Content/tharlevfx_tutorials/CharacterFX/ParagonSourceAssets/Materials/M_Energy_Burst.uexp" 1350
"E:/DaleBruise_Repo/Unreal_Learning/Content/tharlevfx_tutorials/CharacterFX/ParagonSourceAssets/Meshes/SM_Open_Square.ubulk" 1351
"E:/DaleBruise_Repo/Unreal_Learning/Content/tharlevfx_tutorials/CharacterFX/ParagonSourceAssets/Meshes/SM_Open_Square.uasset" 1352
"E:/DaleBruise_Repo/Unreal_Learning/Content/tharlevfx_tutorials/CharacterFX/ParagonSourceAssets/Meshes/SM_Open_Square.uexp" 1353
"E:/DaleBruise_Repo/Unreal_Learning/Content/tharlevfx_tutorials/CharacterFX/ParagonSourceAssets/Niagara/NS_Treasure_Burst.uasset" 1354
"E:/DaleBruise_Repo/Unreal_Learning/Content/tharlevfx_tutorials/CharacterFX/ParagonSourceAssets/Niagara/NS_Treasure_Burst.uexp" 1355
"E:/DaleBruise_Repo/Unreal_Learning/Content/SanderAudio/AttenuationSettings/Att_030mBigInner.uasset" 1356
"E:/DaleBruise_Repo/Unreal_Learning/Content/SanderAudio/AttenuationSettings/Att_030mBigInner.uexp" 1357
"E:/DaleBruise_Repo/Unreal_Learning/Content/SanderAudio/Sources/Interactables/S_Interactables_TreasureChest_Open-008.ubulk" 1358
"E:/DaleBruise_Repo/Unreal_Learning/Content/SanderAudio/Sources/Interactables/S_Interactables_TreasureChest_Open-008.uasset" 1359
"E:/DaleBruise_Repo/Unreal_Learning/Content/SanderAudio/Sources/Interactables/S_Interactables_TreasureChest_Open-008.uexp" 1360
"E:/DaleBruise_Repo/Unreal_Learning/Content/SanderAudio/Sources/Interactables/S_Interactables_TreasureChest_Open-007.ubulk" 1361
"E:/DaleBruise_Repo/Unreal_Learning/Content/SanderAudio/Sources/Interactables/S_Interactables_TreasureChest_Open-007.uasset" 1362
"E:/DaleBruise_Repo/Unreal_Learning/Content/SanderAudio/Sources/Interactables/S_Interactables_TreasureChest_Open-007.uexp" 1363
"E:/DaleBruise_Repo/Unreal_Learning/Content/SanderAudio/Sources/Interactables/S_Interactables_TreasureChest_Open-006.ubulk" 1364
"E:/DaleBruise_Repo/Unreal_Learning/Content/SanderAudio/Sources/Interactables/S_Interactables_TreasureChest_Open-006.uasset" 1365
"E:/DaleBruise_Repo/Unreal_Learning/Content/SanderAudio/Sources/Interactables/S_Interactables_TreasureChest_Open-006.uexp" 1366
"E:/DaleBruise_Repo/Unreal_Learning/Content/SanderAudio/Sources/Interactables/S_Interactables_TreasureChest_Open-005.ubulk" 1367
"E:/DaleBruise_Repo/Unreal_Learning/Content/SanderAudio/Sources/Interactables/S_Interactables_TreasureChest_Open-005.uasset" 1368
"E:/DaleBruise_Repo/Unreal_Learning/Content/SanderAudio/Sources/Interactables/S_Interactables_TreasureChest_Open-005.uexp" 1369
"E:/DaleBruise_Repo/Unreal_Learning/Content/SanderAudio/Sources/Interactables/S_Interactables_TreasureChest_Open-004.ubulk" 1370
"E:/DaleBruise_Repo/Unreal_Learning/Content/SanderAudio/Sources/Interactables/S_Interactables_TreasureChest_Open-004.uasset" 1371
"E:/DaleBruise_Repo/Unreal_Learning/Content/SanderAudio/Sources/Interactables/S_Interactables_TreasureChest_Open-004.uexp" 1372
"E:/DaleBruise_Repo/Unreal_Learning/Content/SanderAudio/Sources/Interactables/S_Interactables_TreasureChest_Open-003.ubulk" 1373
"E:/DaleBruise_Repo/Unreal_Learning/Content/SanderAudio/Sources/Interactables/S_Interactables_TreasureChest_Open-003.uasset" 1374
"E:/DaleBruise_Repo/Unreal_Learning/Content/SanderAudio/Sources/Interactables/S_Interactables_TreasureChest_Open-003.uexp" 1375
"E:/DaleBruise_Repo/Unreal_Learning/Content/SanderAudio/Sources/Interactables/S_Interactables_TreasureChest_Open-002.ubulk" 1376
"E:/DaleBruise_Repo/Unreal_Learning/Content/SanderAudio/Sources/Interactables/S_Interactables_TreasureChest_Open-002.uasset" 1377
"E:/DaleBruise_Repo/Unreal_Learning/Content/SanderAudio/Sources/Interactables/S_Interactables_TreasureChest_Open-002.uexp" 1378
"E:/DaleBruise_Repo/Unreal_Learning/Content/SanderAudio/Sources/Interactables/S_Interactables_TreasureChest_Open-001.ubulk" 1379
"E:/DaleBruise_Repo/Unreal_Learning/Content/SanderAudio/Sources/Interactables/S_Interactables_TreasureChest_Open-001.uasset" 1380
"E:/DaleBruise_Repo/Unreal_Learning/Content/SanderAudio/Sources/Interactables/S_Interactables_TreasureChest_Open-001.uexp" 1381
"E:/DaleBruise_Repo/Unreal_Learning/Content/SanderAudio/Sources/Interactables/MSS_Interactables_TreasureChestOpen.uasset" 1382
"E:/DaleBruise_Repo/Unreal_Learning/Content/SanderAudio/Sources/Interactables/MSS_Interactables_TreasureChestOpen.uexp" 1383
"E:/DaleBruise_Repo/Unreal_Learning/Content/ExampleContent/Materials/T_Treasure_N.ubulk" 1384
"E:/DaleBruise_Repo/Unreal_Learning/Content/ExampleContent/Materials/T_Treasure_N.uasset" 1385
"E:/DaleBruise_Repo/Unreal_Learning/Content/ExampleContent/Materials/T_Treasure_N.uexp" 1386
"E:/DaleBruise_Repo/Unreal_Learning/Content/ExampleContent/Materials/M_Gold_Pile.uasset" 1387
"E:/DaleBruise_Repo/Unreal_Learning/Content/ExampleContent/Materials/M_Gold_Pile.uexp" 1388
"E:/DaleBruise_Repo/Unreal_Learning/Content/ExampleContent/Meshes/SM_Treasure_Pile.ubulk" 1389
"E:/DaleBruise_Repo/Unreal_Learning/Content/ExampleContent/Meshes/SM_Treasure_Pile.uasset" 1390
"E:/DaleBruise_Repo/Unreal_Learning/Content/ExampleContent/Meshes/SM_Treasure_Pile.uexp" 1391
"E:/DaleBruise_Repo/Unreal_Learning/Content/ExampleContent/Materials/T_Treasure_Chest_N.ubulk" 1392
"E:/DaleBruise_Repo/Unreal_Learning/Content/ExampleContent/Materials/T_Treasure_Chest_N.uasset" 1393
"E:/DaleBruise_Repo/Unreal_Learning/Content/ExampleContent/Materials/T_Treasure_Chest_N.uexp" 1394
"E:/DaleBruise_Repo/Unreal_Learning/Content/ExampleContent/Materials/T_Treasure_Chest_M.ubulk" 1395
"E:/DaleBruise_Repo/Unreal_Learning/Content/ExampleContent/Materials/T_Treasure_Chest_M.uasset" 1396
"E:/DaleBruise_Repo/Unreal_Learning/Content/ExampleContent/Materials/T_Treasure_Chest_M.uexp" 1397
"E:/DaleBruise_Repo/Unreal_Learning/Content/ExampleContent/Materials/M_Treasure_Chest.uasset" 1398
"E:/DaleBruise_Repo/Unreal_Learning/Content/ExampleContent/Materials/M_Treasure_Chest.uexp" 1399
"E:/DaleBruise_Repo/Unreal_Learning/Content/ExampleContent/Meshes/SM_Chest_Lid.ubulk" 1400
"E:/DaleBruise_Repo/Unreal_Learning/Content/ExampleContent/Meshes/SM_Chest_Lid.uasset" 1401
"E:/DaleBruise_Repo/Unreal_Learning/Content/ExampleContent/Meshes/SM_Chest_Lid.uexp" 1402
"E:/DaleBruise_Repo/Unreal_Learning/Content/ExampleContent/Meshes/SM_Chest_Bottom.ubulk" 1403
"E:/DaleBruise_Repo/Unreal_Learning/Content/ExampleContent/Meshes/SM_Chest_Bottom.uasset" 1404
"E:/DaleBruise_Repo/Unreal_Learning/Content/ExampleContent/Meshes/SM_Chest_Bottom.uexp" 1405
"E:/DaleBruise_Repo/Unreal_Learning/Content/ActionRogueLike/World/BP_ItemChest.uasset" 1406
"E:/DaleBruise_Repo/Unreal_Learning/Content/ActionRogueLike/World/BP_ItemChest.uexp" 1407
"../../../Engine/Content/Functions/Engine_MaterialFunctions02/SmoothStep.uasset" 1408
"../../../Engine/Content/Functions/Engine_MaterialFunctions02/SmoothStep.uexp" 1409
"E:/DaleBruise_Repo/Unreal_Learning/Content/ExampleContent/Materials/M_PotionGlass.uasset" 1410
"E:/DaleBruise_Repo/Unreal_Learning/Content/ExampleContent/Materials/M_PotionGlass.uexp" 1411
"E:/DaleBruise_Repo/Unreal_Learning/Content/ExampleContent/Meshes/SM_PotionBottle.ubulk" 1412
"E:/DaleBruise_Repo/Unreal_Learning/Content/ExampleContent/Meshes/SM_PotionBottle.uasset" 1413
"E:/DaleBruise_Repo/Unreal_Learning/Content/ExampleContent/Meshes/SM_PotionBottle.uexp" 1414
"E:/DaleBruise_Repo/Unreal_Learning/Content/SanderAudio/Sources/Interactables/S_Consumables_HealthPotion_Sub-002.ubulk" 1415
"E:/DaleBruise_Repo/Unreal_Learning/Content/SanderAudio/Sources/Interactables/S_Consumables_HealthPotion_Sub-002.uasset" 1416
"E:/DaleBruise_Repo/Unreal_Learning/Content/SanderAudio/Sources/Interactables/S_Consumables_HealthPotion_Sub-002.uexp" 1417
"E:/DaleBruise_Repo/Unreal_Learning/Content/SanderAudio/Sources/Interactables/S_Consumables_HealthPotion_Sub-001.ubulk" 1418
"E:/DaleBruise_Repo/Unreal_Learning/Content/SanderAudio/Sources/Interactables/S_Consumables_HealthPotion_Sub-001.uasset" 1419
"E:/DaleBruise_Repo/Unreal_Learning/Content/SanderAudio/Sources/Interactables/S_Consumables_HealthPotion_Sub-001.uexp" 1420
"E:/DaleBruise_Repo/Unreal_Learning/Content/SanderAudio/Sources/Interactables/S_Consumables_HealthPotion_Magic-001.ubulk" 1421
"E:/DaleBruise_Repo/Unreal_Learning/Content/SanderAudio/Sources/Interactables/S_Consumables_HealthPotion_Magic-001.uasset" 1422
"E:/DaleBruise_Repo/Unreal_Learning/Content/SanderAudio/Sources/Interactables/S_Consumables_HealthPotion_Magic-001.uexp" 1423
"E:/DaleBruise_Repo/Unreal_Learning/Content/SanderAudio/Sources/Interactables/S_Consumables_HealthPotion_Cork-008.ubulk" 1424
"E:/DaleBruise_Repo/Unreal_Learning/Content/SanderAudio/Sources/Interactables/S_Consumables_HealthPotion_Cork-008.uasset" 1425
"E:/DaleBruise_Repo/Unreal_Learning/Content/SanderAudio/Sources/Interactables/S_Consumables_HealthPotion_Cork-008.uexp" 1426
"E:/DaleBruise_Repo/Unreal_Learning/Content/SanderAudio/Sources/Interactables/S_Consumables_HealthPotion_Cork-007.ubulk" 1427
"E:/DaleBruise_Repo/Unreal_Learning/Content/SanderAudio/Sources/Interactables/S_Consumables_HealthPotion_Cork-007.uasset" 1428
"E:/DaleBruise_Repo/Unreal_Learning/Content/SanderAudio/Sources/Interactables/S_Consumables_HealthPotion_Cork-007.uexp" 1429
"E:/DaleBruise_Repo/Unreal_Learning/Content/SanderAudio/Sources/Interactables/S_Consumables_HealthPotion_Cork-006.ubulk" 1430
"E:/DaleBruise_Repo/Unreal_Learning/Content/SanderAudio/Sources/Interactables/S_Consumables_HealthPotion_Cork-006.uasset" 1431
"E:/DaleBruise_Repo/Unreal_Learning/Content/SanderAudio/Sources/Interactables/S_Consumables_HealthPotion_Cork-006.uexp" 1432
"E:/DaleBruise_Repo/Unreal_Learning/Content/SanderAudio/Sources/Interactables/S_Consumables_HealthPotion_Cork-005.ubulk" 1433
"E:/DaleBruise_Repo/Unreal_Learning/Content/SanderAudio/Sources/Interactables/S_Consumables_HealthPotion_Cork-005.uasset" 1434
"E:/DaleBruise_Repo/Unreal_Learning/Content/SanderAudio/Sources/Interactables/S_Consumables_HealthPotion_Cork-005.uexp" 1435
"E:/DaleBruise_Repo/Unreal_Learning/Content/SanderAudio/Sources/Interactables/S_Consumables_HealthPotion_Cork-004.ubulk" 1436
"E:/DaleBruise_Repo/Unreal_Learning/Content/SanderAudio/Sources/Interactables/S_Consumables_HealthPotion_Cork-004.uasset" 1437
"E:/DaleBruise_Repo/Unreal_Learning/Content/SanderAudio/Sources/Interactables/S_Consumables_HealthPotion_Cork-004.uexp" 1438
"E:/DaleBruise_Repo/Unreal_Learning/Content/SanderAudio/Sources/Interactables/S_Consumables_HealthPotion_Cork-003.ubulk" 1439
"E:/DaleBruise_Repo/Unreal_Learning/Content/SanderAudio/Sources/Interactables/S_Consumables_HealthPotion_Cork-003.uasset" 1440
"E:/DaleBruise_Repo/Unreal_Learning/Content/SanderAudio/Sources/Interactables/S_Consumables_HealthPotion_Cork-003.uexp" 1441
"E:/DaleBruise_Repo/Unreal_Learning/Content/SanderAudio/Sources/Interactables/S_Consumables_HealthPotion_Cork-002.ubulk" 1442
"E:/DaleBruise_Repo/Unreal_Learning/Content/SanderAudio/Sources/Interactables/S_Consumables_HealthPotion_Cork-002.uasset" 1443
"E:/DaleBruise_Repo/Unreal_Learning/Content/SanderAudio/Sources/Interactables/S_Consumables_HealthPotion_Cork-002.uexp" 1444
"E:/DaleBruise_Repo/Unreal_Learning/Content/SanderAudio/Sources/Interactables/S_Consumables_HealthPotion_Cork-001.ubulk" 1445
"E:/DaleBruise_Repo/Unreal_Learning/Content/SanderAudio/Sources/Interactables/S_Consumables_HealthPotion_Cork-001.uasset" 1446
"E:/DaleBruise_Repo/Unreal_Learning/Content/SanderAudio/Sources/Interactables/S_Consumables_HealthPotion_Cork-001.uexp" 1447
"E:/DaleBruise_Repo/Unreal_Learning/Content/SanderAudio/Sources/Interactables/S_Consumables_HealthPotion_Bubbles-024.ubulk" 1448
"E:/DaleBruise_Repo/Unreal_Learning/Content/SanderAudio/Sources/Interactables/S_Consumables_HealthPotion_Bubbles-024.uasset" 1449
"E:/DaleBruise_Repo/Unreal_Learning/Content/SanderAudio/Sources/Interactables/S_Consumables_HealthPotion_Bubbles-024.uexp" 1450
"E:/DaleBruise_Repo/Unreal_Learning/Content/SanderAudio/Sources/Interactables/S_Consumables_HealthPotion_Bubbles-023.ubulk" 1451
"E:/DaleBruise_Repo/Unreal_Learning/Content/SanderAudio/Sources/Interactables/S_Consumables_HealthPotion_Bubbles-023.uasset" 1452
"E:/DaleBruise_Repo/Unreal_Learning/Content/SanderAudio/Sources/Interactables/S_Consumables_HealthPotion_Bubbles-023.uexp" 1453
"E:/DaleBruise_Repo/Unreal_Learning/Content/SanderAudio/Sources/Interactables/S_Consumables_HealthPotion_Bubbles-022.ubulk" 1454
"E:/DaleBruise_Repo/Unreal_Learning/Content/SanderAudio/Sources/Interactables/S_Consumables_HealthPotion_Bubbles-022.uasset" 1455
"E:/DaleBruise_Repo/Unreal_Learning/Content/SanderAudio/Sources/Interactables/S_Consumables_HealthPotion_Bubbles-022.uexp" 1456
"E:/DaleBruise_Repo/Unreal_Learning/Content/SanderAudio/Sources/Interactables/S_Consumables_HealthPotion_Bubbles-021.ubulk" 1457
"E:/DaleBruise_Repo/Unreal_Learning/Content/SanderAudio/Sources/Interactables/S_Consumables_HealthPotion_Bubbles-021.uasset" 1458
"E:/DaleBruise_Repo/Unreal_Learning/Content/SanderAudio/Sources/Interactables/S_Consumables_HealthPotion_Bubbles-021.uexp" 1459
"E:/DaleBruise_Repo/Unreal_Learning/Content/SanderAudio/Sources/Interactables/S_Consumables_HealthPotion_Bubbles-020.ubulk" 1460
"E:/DaleBruise_Repo/Unreal_Learning/Content/SanderAudio/Sources/Interactables/S_Consumables_HealthPotion_Bubbles-020.uasset" 1461
"E:/DaleBruise_Repo/Unreal_Learning/Content/SanderAudio/Sources/Interactables/S_Consumables_HealthPotion_Bubbles-020.uexp" 1462
"E:/DaleBruise_Repo/Unreal_Learning/Content/SanderAudio/Sources/Interactables/S_Consumables_HealthPotion_Bubbles-019.ubulk" 1463
"E:/DaleBruise_Repo/Unreal_Learning/Content/SanderAudio/Sources/Interactables/S_Consumables_HealthPotion_Bubbles-019.uasset" 1464
"E:/DaleBruise_Repo/Unreal_Learning/Content/SanderAudio/Sources/Interactables/S_Consumables_HealthPotion_Bubbles-019.uexp" 1465
"E:/DaleBruise_Repo/Unreal_Learning/Content/SanderAudio/Sources/Interactables/S_Consumables_HealthPotion_Bubbles-018.ubulk" 1466
"E:/DaleBruise_Repo/Unreal_Learning/Content/SanderAudio/Sources/Interactables/S_Consumables_HealthPotion_Bubbles-018.uasset" 1467
"E:/DaleBruise_Repo/Unreal_Learning/Content/SanderAudio/Sources/Interactables/S_Consumables_HealthPotion_Bubbles-018.uexp" 1468
"E:/DaleBruise_Repo/Unreal_Learning/Content/SanderAudio/Sources/Interactables/S_Consumables_HealthPotion_Bubbles-017.ubulk" 1469
"E:/DaleBruise_Repo/Unreal_Learning/Content/SanderAudio/Sources/Interactables/S_Consumables_HealthPotion_Bubbles-017.uasset" 1470
"E:/DaleBruise_Repo/Unreal_Learning/Content/SanderAudio/Sources/Interactables/S_Consumables_HealthPotion_Bubbles-017.uexp" 1471
"E:/DaleBruise_Repo/Unreal_Learning/Content/SanderAudio/Sources/Interactables/S_Consumables_HealthPotion_Bubbles-016.ubulk" 1472
"E:/DaleBruise_Repo/Unreal_Learning/Content/SanderAudio/Sources/Interactables/S_Consumables_HealthPotion_Bubbles-016.uasset" 1473
"E:/DaleBruise_Repo/Unreal_Learning/Content/SanderAudio/Sources/Interactables/S_Consumables_HealthPotion_Bubbles-016.uexp" 1474
"E:/DaleBruise_Repo/Unreal_Learning/Content/SanderAudio/Sources/Interactables/S_Consumables_HealthPotion_Bubbles-015.ubulk" 1475
"E:/DaleBruise_Repo/Unreal_Learning/Content/SanderAudio/Sources/Interactables/S_Consumables_HealthPotion_Bubbles-015.uasset" 1476
"E:/DaleBruise_Repo/Unreal_Learning/Content/SanderAudio/Sources/Interactables/S_Consumables_HealthPotion_Bubbles-015.uexp" 1477
"E:/DaleBruise_Repo/Unreal_Learning/Content/SanderAudio/Sources/Interactables/S_Consumables_HealthPotion_Bubbles-014.ubulk" 1478
"E:/DaleBruise_Repo/Unreal_Learning/Content/SanderAudio/Sources/Interactables/S_Consumables_HealthPotion_Bubbles-014.uasset" 1479
"E:/DaleBruise_Repo/Unreal_Learning/Content/SanderAudio/Sources/Interactables/S_Consumables_HealthPotion_Bubbles-014.uexp" 1480
"E:/DaleBruise_Repo/Unreal_Learning/Content/SanderAudio/Sources/Interactables/S_Consumables_HealthPotion_Bubbles-013.ubulk" 1481
"E:/DaleBruise_Repo/Unreal_Learning/Content/SanderAudio/Sources/Interactables/S_Consumables_HealthPotion_Bubbles-013.uasset" 1482
"E:/DaleBruise_Repo/Unreal_Learning/Content/SanderAudio/Sources/Interactables/S_Consumables_HealthPotion_Bubbles-013.uexp" 1483
"E:/DaleBruise_Repo/Unreal_Learning/Content/SanderAudio/Sources/Interactables/S_Consumables_HealthPotion_Bubbles-012.ubulk" 1484
"E:/DaleBruise_Repo/Unreal_Learning/Content/SanderAudio/Sources/Interactables/S_Consumables_HealthPotion_Bubbles-012.uasset" 1485
"E:/DaleBruise_Repo/Unreal_Learning/Content/SanderAudio/Sources/Interactables/S_Consumables_HealthPotion_Bubbles-012.uexp" 1486
"E:/DaleBruise_Repo/Unreal_Learning/Content/SanderAudio/Sources/Interactables/S_Consumables_HealthPotion_Bubbles-011.ubulk" 1487
"E:/DaleBruise_Repo/Unreal_Learning/Content/SanderAudio/Sources/Interactables/S_Consumables_HealthPotion_Bubbles-011.uasset" 1488
"E:/DaleBruise_Repo/Unreal_Learning/Content/SanderAudio/Sources/Interactables/S_Consumables_HealthPotion_Bubbles-011.uexp" 1489
"E:/DaleBruise_Repo/Unreal_Learning/Content/SanderAudio/Sources/Interactables/S_Consumables_HealthPotion_Bubbles-010.ubulk" 1490
"E:/DaleBruise_Repo/Unreal_Learning/Content/SanderAudio/Sources/Interactables/S_Consumables_HealthPotion_Bubbles-010.uasset" 1491
"E:/DaleBruise_Repo/Unreal_Learning/Content/SanderAudio/Sources/Interactables/S_Consumables_HealthPotion_Bubbles-010.uexp" 1492
"E:/DaleBruise_Repo/Unreal_Learning/Content/SanderAudio/Sources/Interactables/S_Consumables_HealthPotion_Bubbles-009.ubulk" 1493
"E:/DaleBruise_Repo/Unreal_Learning/Content/SanderAudio/Sources/Interactables/S_Consumables_HealthPotion_Bubbles-009.uasset" 1494
"E:/DaleBruise_Repo/Unreal_Learning/Content/SanderAudio/Sources/Interactables/S_Consumables_HealthPotion_Bubbles-009.uexp" 1495
"E:/DaleBruise_Repo/Unreal_Learning/Content/SanderAudio/Sources/Interactables/S_Consumables_HealthPotion_Bubbles-008.ubulk" 1496
"E:/DaleBruise_Repo/Unreal_Learning/Content/SanderAudio/Sources/Interactables/S_Consumables_HealthPotion_Bubbles-008.uasset" 1497
"E:/DaleBruise_Repo/Unreal_Learning/Content/SanderAudio/Sources/Interactables/S_Consumables_HealthPotion_Bubbles-008.uexp" 1498
"E:/DaleBruise_Repo/Unreal_Learning/Content/SanderAudio/Sources/Interactables/S_Consumables_HealthPotion_Bubbles-007.ubulk" 1499
"E:/DaleBruise_Repo/Unreal_Learning/Content/SanderAudio/Sources/Interactables/S_Consumables_HealthPotion_Bubbles-007.uasset" 1500
"E:/DaleBruise_Repo/Unreal_Learning/Content/SanderAudio/Sources/Interactables/S_Consumables_HealthPotion_Bubbles-007.uexp" 1501
"E:/DaleBruise_Repo/Unreal_Learning/Content/SanderAudio/Sources/Interactables/S_Consumables_HealthPotion_Bubbles-006.ubulk" 1502
"E:/DaleBruise_Repo/Unreal_Learning/Content/SanderAudio/Sources/Interactables/S_Consumables_HealthPotion_Bubbles-006.uasset" 1503
"E:/DaleBruise_Repo/Unreal_Learning/Content/SanderAudio/Sources/Interactables/S_Consumables_HealthPotion_Bubbles-006.uexp" 1504
"E:/DaleBruise_Repo/Unreal_Learning/Content/SanderAudio/Sources/Interactables/S_Consumables_HealthPotion_Bubbles-005.ubulk" 1505
"E:/DaleBruise_Repo/Unreal_Learning/Content/SanderAudio/Sources/Interactables/S_Consumables_HealthPotion_Bubbles-005.uasset" 1506
"E:/DaleBruise_Repo/Unreal_Learning/Content/SanderAudio/Sources/Interactables/S_Consumables_HealthPotion_Bubbles-005.uexp" 1507
"E:/DaleBruise_Repo/Unreal_Learning/Content/SanderAudio/Sources/Interactables/S_Consumables_HealthPotion_Bubbles-004.ubulk" 1508
"E:/DaleBruise_Repo/Unreal_Learning/Content/SanderAudio/Sources/Interactables/S_Consumables_HealthPotion_Bubbles-004.uasset" 1509
"E:/DaleBruise_Repo/Unreal_Learning/Content/SanderAudio/Sources/Interactables/S_Consumables_HealthPotion_Bubbles-004.uexp" 1510
"E:/DaleBruise_Repo/Unreal_Learning/Content/SanderAudio/Sources/Interactables/S_Consumables_HealthPotion_Bubbles-003.ubulk" 1511
"E:/DaleBruise_Repo/Unreal_Learning/Content/SanderAudio/Sources/Interactables/S_Consumables_HealthPotion_Bubbles-003.uasset" 1512
"E:/DaleBruise_Repo/Unreal_Learning/Content/SanderAudio/Sources/Interactables/S_Consumables_HealthPotion_Bubbles-003.uexp" 1513
"E:/DaleBruise_Repo/Unreal_Learning/Content/SanderAudio/Sources/Interactables/S_Consumables_HealthPotion_Bubbles-002.ubulk" 1514
"E:/DaleBruise_Repo/Unreal_Learning/Content/SanderAudio/Sources/Interactables/S_Consumables_HealthPotion_Bubbles-002.uasset" 1515
"E:/DaleBruise_Repo/Unreal_Learning/Content/SanderAudio/Sources/Interactables/S_Consumables_HealthPotion_Bubbles-002.uexp" 1516
"E:/DaleBruise_Repo/Unreal_Learning/Content/SanderAudio/Sources/Interactables/S_Consumables_HealthPotion_Bubbles-001.ubulk" 1517
"E:/DaleBruise_Repo/Unreal_Learning/Content/SanderAudio/Sources/Interactables/S_Consumables_HealthPotion_Bubbles-001.uasset" 1518
"E:/DaleBruise_Repo/Unreal_Learning/Content/SanderAudio/Sources/Interactables/S_Consumables_HealthPotion_Bubbles-001.uexp" 1519
"E:/DaleBruise_Repo/Unreal_Learning/Content/SanderAudio/Sources/Interactables/MSS_Consumables_HealthPotion.uasset" 1520
"E:/DaleBruise_Repo/Unreal_Learning/Content/SanderAudio/Sources/Interactables/MSS_Consumables_HealthPotion.uexp" 1521
"E:/DaleBruise_Repo/Unreal_Learning/Content/ActionRogueLike/World/BP_HealthPickUp.uasset" 1522
"E:/DaleBruise_Repo/Unreal_Learning/Content/ActionRogueLike/World/BP_HealthPickUp.uexp" 1523
"E:/DaleBruise_Repo/Unreal_Learning/Content/Troy/M_GlobalColor_Master.uasset" 1524
"E:/DaleBruise_Repo/Unreal_Learning/Content/Troy/M_GlobalColor_Master.uexp" 1525
"E:/DaleBruise_Repo/Unreal_Learning/Content/Troy/MI_GlobalColor_Orange.uasset" 1526
"E:/DaleBruise_Repo/Unreal_Learning/Content/Troy/MI_GlobalColor_Orange.uexp" 1527
"E:/DaleBruise_Repo/Unreal_Learning/Content/Troy/SM_OilBarrel.ubulk" 1528
"E:/DaleBruise_Repo/Unreal_Learning/Content/Troy/SM_OilBarrel.uasset" 1529
"E:/DaleBruise_Repo/Unreal_Learning/Content/Troy/SM_OilBarrel.uexp" 1530
"E:/DaleBruise_Repo/Unreal_Learning/Content/SanderAudio/Sources/Environment/S_Environmental_Barrel_Impact-024.ubulk" 1531
"E:/DaleBruise_Repo/Unreal_Learning/Content/SanderAudio/Sources/Environment/S_Environmental_Barrel_Impact-024.uasset" 1532
"E:/DaleBruise_Repo/Unreal_Learning/Content/SanderAudio/Sources/Environment/S_Environmental_Barrel_Impact-024.uexp" 1533
"E:/DaleBruise_Repo/Unreal_Learning/Content/SanderAudio/Sources/Environment/S_Environmental_Barrel_Impact-023.ubulk" 1534
"E:/DaleBruise_Repo/Unreal_Learning/Content/SanderAudio/Sources/Environment/S_Environmental_Barrel_Impact-023.uasset" 1535
"E:/DaleBruise_Repo/Unreal_Learning/Content/SanderAudio/Sources/Environment/S_Environmental_Barrel_Impact-023.uexp" 1536
"E:/DaleBruise_Repo/Unreal_Learning/Content/SanderAudio/Sources/Environment/S_Environmental_Barrel_Impact-022.ubulk" 1537
"E:/DaleBruise_Repo/Unreal_Learning/Content/SanderAudio/Sources/Environment/S_Environmental_Barrel_Impact-022.uasset" 1538
"E:/DaleBruise_Repo/Unreal_Learning/Content/SanderAudio/Sources/Environment/S_Environmental_Barrel_Impact-022.uexp" 1539
"E:/DaleBruise_Repo/Unreal_Learning/Content/SanderAudio/Sources/Environment/S_Environmental_Barrel_Impact-021.ubulk" 1540
"E:/DaleBruise_Repo/Unreal_Learning/Content/SanderAudio/Sources/Environment/S_Environmental_Barrel_Impact-021.uasset" 1541
"E:/DaleBruise_Repo/Unreal_Learning/Content/SanderAudio/Sources/Environment/S_Environmental_Barrel_Impact-021.uexp" 1542
"E:/DaleBruise_Repo/Unreal_Learning/Content/SanderAudio/Sources/Environment/S_Environmental_Barrel_Impact-020.ubulk" 1543
"E:/DaleBruise_Repo/Unreal_Learning/Content/SanderAudio/Sources/Environment/S_Environmental_Barrel_Impact-020.uasset" 1544
"E:/DaleBruise_Repo/Unreal_Learning/Content/SanderAudio/Sources/Environment/S_Environmental_Barrel_Impact-020.uexp" 1545
"E:/DaleBruise_Repo/Unreal_Learning/Content/SanderAudio/Sources/Environment/S_Environmental_Barrel_Impact-019.ubulk" 1546
"E:/DaleBruise_Repo/Unreal_Learning/Content/SanderAudio/Sources/Environment/S_Environmental_Barrel_Impact-019.uasset" 1547
"E:/DaleBruise_Repo/Unreal_Learning/Content/SanderAudio/Sources/Environment/S_Environmental_Barrel_Impact-019.uexp" 1548
"E:/DaleBruise_Repo/Unreal_Learning/Content/SanderAudio/Sources/Environment/S_Environmental_Barrel_Impact-018.ubulk" 1549
"E:/DaleBruise_Repo/Unreal_Learning/Content/SanderAudio/Sources/Environment/S_Environmental_Barrel_Impact-018.uasset" 1550
"E:/DaleBruise_Repo/Unreal_Learning/Content/SanderAudio/Sources/Environment/S_Environmental_Barrel_Impact-018.uexp" 1551
"E:/DaleBruise_Repo/Unreal_Learning/Content/SanderAudio/Sources/Environment/S_Environmental_Barrel_Impact-017.ubulk" 1552
"E:/DaleBruise_Repo/Unreal_Learning/Content/SanderAudio/Sources/Environment/S_Environmental_Barrel_Impact-017.uasset" 1553
"E:/DaleBruise_Repo/Unreal_Learning/Content/SanderAudio/Sources/Environment/S_Environmental_Barrel_Impact-017.uexp" 1554
"E:/DaleBruise_Repo/Unreal_Learning/Content/SanderAudio/Sources/Environment/S_Environmental_Barrel_Impact-016.ubulk" 1555
"E:/DaleBruise_Repo/Unreal_Learning/Content/SanderAudio/Sources/Environment/S_Environmental_Barrel_Impact-016.uasset" 1556
"E:/DaleBruise_Repo/Unreal_Learning/Content/SanderAudio/Sources/Environment/S_Environmental_Barrel_Impact-016.uexp" 1557
"E:/DaleBruise_Repo/Unreal_Learning/Content/SanderAudio/Sources/Environment/S_Environmental_Barrel_Impact-015.ubulk" 1558
"E:/DaleBruise_Repo/Unreal_Learning/Content/SanderAudio/Sources/Environment/S_Environmental_Barrel_Impact-015.uasset" 1559
"E:/DaleBruise_Repo/Unreal_Learning/Content/SanderAudio/Sources/Environment/S_Environmental_Barrel_Impact-015.uexp" 1560
"E:/DaleBruise_Repo/Unreal_Learning/Content/SanderAudio/Sources/Environment/S_Environmental_Barrel_Impact-014.ubulk" 1561
"E:/DaleBruise_Repo/Unreal_Learning/Content/SanderAudio/Sources/Environment/S_Environmental_Barrel_Impact-014.uasset" 1562
"E:/DaleBruise_Repo/Unreal_Learning/Content/SanderAudio/Sources/Environment/S_Environmental_Barrel_Impact-014.uexp" 1563
"E:/DaleBruise_Repo/Unreal_Learning/Content/SanderAudio/Sources/Environment/S_Environmental_Barrel_Impact-013.ubulk" 1564
"E:/DaleBruise_Repo/Unreal_Learning/Content/SanderAudio/Sources/Environment/S_Environmental_Barrel_Impact-013.uasset" 1565
"E:/DaleBruise_Repo/Unreal_Learning/Content/SanderAudio/Sources/Environment/S_Environmental_Barrel_Impact-013.uexp" 1566
"E:/DaleBruise_Repo/Unreal_Learning/Content/SanderAudio/Sources/Environment/S_Environmental_Barrel_Impact-012.ubulk" 1567
"E:/DaleBruise_Repo/Unreal_Learning/Content/SanderAudio/Sources/Environment/S_Environmental_Barrel_Impact-012.uasset" 1568
"E:/DaleBruise_Repo/Unreal_Learning/Content/SanderAudio/Sources/Environment/S_Environmental_Barrel_Impact-012.uexp" 1569
"E:/DaleBruise_Repo/Unreal_Learning/Content/SanderAudio/Sources/Environment/S_Environmental_Barrel_Impact-011.ubulk" 1570
"E:/DaleBruise_Repo/Unreal_Learning/Content/SanderAudio/Sources/Environment/S_Environmental_Barrel_Impact-011.uasset" 1571
"E:/DaleBruise_Repo/Unreal_Learning/Content/SanderAudio/Sources/Environment/S_Environmental_Barrel_Impact-011.uexp" 1572
"E:/DaleBruise_Repo/Unreal_Learning/Content/SanderAudio/Sources/Environment/S_Environmental_Barrel_Impact-010.ubulk" 1573
"E:/DaleBruise_Repo/Unreal_Learning/Content/SanderAudio/Sources/Environment/S_Environmental_Barrel_Impact-010.uasset" 1574
"E:/DaleBruise_Repo/Unreal_Learning/Content/SanderAudio/Sources/Environment/S_Environmental_Barrel_Impact-010.uexp" 1575
"E:/DaleBruise_Repo/Unreal_Learning/Content/SanderAudio/Sources/Environment/S_Environmental_Barrel_Impact-009.ubulk" 1576
"E:/DaleBruise_Repo/Unreal_Learning/Content/SanderAudio/Sources/Environment/S_Environmental_Barrel_Impact-009.uasset" 1577
"E:/DaleBruise_Repo/Unreal_Learning/Content/SanderAudio/Sources/Environment/S_Environmental_Barrel_Impact-009.uexp" 1578
"E:/DaleBruise_Repo/Unreal_Learning/Content/SanderAudio/Sources/Environment/S_Environmental_Barrel_Impact-008.ubulk" 1579
"E:/DaleBruise_Repo/Unreal_Learning/Content/SanderAudio/Sources/Environment/S_Environmental_Barrel_Impact-008.uasset" 1580
"E:/DaleBruise_Repo/Unreal_Learning/Content/SanderAudio/Sources/Environment/S_Environmental_Barrel_Impact-008.uexp" 1581
"E:/DaleBruise_Repo/Unreal_Learning/Content/SanderAudio/Sources/Environment/S_Environmental_Barrel_Impact-007.ubulk" 1582
"E:/DaleBruise_Repo/Unreal_Learning/Content/SanderAudio/Sources/Environment/S_Environmental_Barrel_Impact-007.uasset" 1583
"E:/DaleBruise_Repo/Unreal_Learning/Content/SanderAudio/Sources/Environment/S_Environmental_Barrel_Impact-007.uexp" 1584
"E:/DaleBruise_Repo/Unreal_Learning/Content/SanderAudio/Sources/Environment/S_Environmental_Barrel_Impact-006.ubulk" 1585
"E:/DaleBruise_Repo/Unreal_Learning/Content/SanderAudio/Sources/Environment/S_Environmental_Barrel_Impact-006.uasset" 1586
"E:/DaleBruise_Repo/Unreal_Learning/Content/SanderAudio/Sources/Environment/S_Environmental_Barrel_Impact-006.uexp" 1587
"E:/DaleBruise_Repo/Unreal_Learning/Content/SanderAudio/Sources/Environment/S_Environmental_Barrel_Impact-005.ubulk" 1588
"E:/DaleBruise_Repo/Unreal_Learning/Content/SanderAudio/Sources/Environment/S_Environmental_Barrel_Impact-005.uasset" 1589
"E:/DaleBruise_Repo/Unreal_Learning/Content/SanderAudio/Sources/Environment/S_Environmental_Barrel_Impact-005.uexp" 1590
"E:/DaleBruise_Repo/Unreal_Learning/Content/SanderAudio/Sources/Environment/S_Environmental_Barrel_Impact-004.ubulk" 1591
"E:/DaleBruise_Repo/Unreal_Learning/Content/SanderAudio/Sources/Environment/S_Environmental_Barrel_Impact-004.uasset" 1592
"E:/DaleBruise_Repo/Unreal_Learning/Content/SanderAudio/Sources/Environment/S_Environmental_Barrel_Impact-004.uexp" 1593
"E:/DaleBruise_Repo/Unreal_Learning/Content/SanderAudio/Sources/Environment/S_Environmental_Barrel_Impact-003.ubulk" 1594
"E:/DaleBruise_Repo/Unreal_Learning/Content/SanderAudio/Sources/Environment/S_Environmental_Barrel_Impact-003.uasset" 1595
"E:/DaleBruise_Repo/Unreal_Learning/Content/SanderAudio/Sources/Environment/S_Environmental_Barrel_Impact-003.uexp" 1596
"E:/DaleBruise_Repo/Unreal_Learning/Content/SanderAudio/Sources/Environment/S_Environmental_Barrel_Impact-002.ubulk" 1597
"E:/DaleBruise_Repo/Unreal_Learning/Content/SanderAudio/Sources/Environment/S_Environmental_Barrel_Impact-002.uasset" 1598
"E:/DaleBruise_Repo/Unreal_Learning/Content/SanderAudio/Sources/Environment/S_Environmental_Barrel_Impact-002.uexp" 1599
"E:/DaleBruise_Repo/Unreal_Learning/Content/SanderAudio/Sources/Environment/S_Environmental_Barrel_Impact-001.ubulk" 1600
"E:/DaleBruise_Repo/Unreal_Learning/Content/SanderAudio/Sources/Environment/S_Environmental_Barrel_Impact-001.uasset" 1601
"E:/DaleBruise_Repo/Unreal_Learning/Content/SanderAudio/Sources/Environment/S_Environmental_Barrel_Impact-001.uexp" 1602
"E:/DaleBruise_Repo/Unreal_Learning/Content/SanderAudio/Sources/Environment/S_Environmental_Barrel_Explosion-009.ubulk" 1603
"E:/DaleBruise_Repo/Unreal_Learning/Content/SanderAudio/Sources/Environment/S_Environmental_Barrel_Explosion-009.uasset" 1604
"E:/DaleBruise_Repo/Unreal_Learning/Content/SanderAudio/Sources/Environment/S_Environmental_Barrel_Explosion-009.uexp" 1605
"E:/DaleBruise_Repo/Unreal_Learning/Content/SanderAudio/Sources/Environment/S_Environmental_Barrel_Explosion-008.ubulk" 1606
"E:/DaleBruise_Repo/Unreal_Learning/Content/SanderAudio/Sources/Environment/S_Environmental_Barrel_Explosion-008.uasset" 1607
"E:/DaleBruise_Repo/Unreal_Learning/Content/SanderAudio/Sources/Environment/S_Environmental_Barrel_Explosion-008.uexp" 1608
"E:/DaleBruise_Repo/Unreal_Learning/Content/SanderAudio/Sources/Environment/S_Environmental_Barrel_Explosion-007.ubulk" 1609
"E:/DaleBruise_Repo/Unreal_Learning/Content/SanderAudio/Sources/Environment/S_Environmental_Barrel_Explosion-007.uasset" 1610
"E:/DaleBruise_Repo/Unreal_Learning/Content/SanderAudio/Sources/Environment/S_Environmental_Barrel_Explosion-007.uexp" 1611
"E:/DaleBruise_Repo/Unreal_Learning/Content/SanderAudio/Sources/Environment/S_Environmental_Barrel_Explosion-006.ubulk" 1612
"E:/DaleBruise_Repo/Unreal_Learning/Content/SanderAudio/Sources/Environment/S_Environmental_Barrel_Explosion-006.uasset" 1613
"E:/DaleBruise_Repo/Unreal_Learning/Content/SanderAudio/Sources/Environment/S_Environmental_Barrel_Explosion-006.uexp" 1614
"E:/DaleBruise_Repo/Unreal_Learning/Content/SanderAudio/Sources/Environment/S_Environmental_Barrel_Explosion-005.ubulk" 1615
"E:/DaleBruise_Repo/Unreal_Learning/Content/SanderAudio/Sources/Environment/S_Environmental_Barrel_Explosion-005.uasset" 1616
"E:/DaleBruise_Repo/Unreal_Learning/Content/SanderAudio/Sources/Environment/S_Environmental_Barrel_Explosion-005.uexp" 1617
"E:/DaleBruise_Repo/Unreal_Learning/Content/SanderAudio/Sources/Environment/S_Environmental_Barrel_Explosion-004.ubulk" 1618
"E:/DaleBruise_Repo/Unreal_Learning/Content/SanderAudio/Sources/Environment/S_Environmental_Barrel_Explosion-004.uasset" 1619
"E:/DaleBruise_Repo/Unreal_Learning/Content/SanderAudio/Sources/Environment/S_Environmental_Barrel_Explosion-004.uexp" 1620
"E:/DaleBruise_Repo/Unreal_Learning/Content/SanderAudio/Sources/Environment/S_Environmental_Barrel_Explosion-003.ubulk" 1621
"E:/DaleBruise_Repo/Unreal_Learning/Content/SanderAudio/Sources/Environment/S_Environmental_Barrel_Explosion-003.uasset" 1622
"E:/DaleBruise_Repo/Unreal_Learning/Content/SanderAudio/Sources/Environment/S_Environmental_Barrel_Explosion-003.uexp" 1623
"E:/DaleBruise_Repo/Unreal_Learning/Content/SanderAudio/Sources/Environment/S_Environmental_Barrel_Explosion-002.ubulk" 1624
"E:/DaleBruise_Repo/Unreal_Learning/Content/SanderAudio/Sources/Environment/S_Environmental_Barrel_Explosion-002.uasset" 1625
"E:/DaleBruise_Repo/Unreal_Learning/Content/SanderAudio/Sources/Environment/S_Environmental_Barrel_Explosion-002.uexp" 1626
"E:/DaleBruise_Repo/Unreal_Learning/Content/SanderAudio/Sources/Environment/S_Environmental_Barrel_Explosion-001.ubulk" 1627
"E:/DaleBruise_Repo/Unreal_Learning/Content/SanderAudio/Sources/Environment/S_Environmental_Barrel_Explosion-001.uasset" 1628
"E:/DaleBruise_Repo/Unreal_Learning/Content/SanderAudio/Sources/Environment/S_Environmental_Barrel_Explosion-001.uexp" 1629
"E:/DaleBruise_Repo/Unreal_Learning/Content/SanderAudio/Sources/Environment/MSS_Environmental_BarrelExplode.uasset" 1630
"E:/DaleBruise_Repo/Unreal_Learning/Content/SanderAudio/Sources/Environment/MSS_Environmental_BarrelExplode.uexp" 1631
"E:/DaleBruise_Repo/Unreal_Learning/Content/SanderAudio/AttenuationSettings/Att_015mBigInner.uasset" 1632
"E:/DaleBruise_Repo/Unreal_Learning/Content/SanderAudio/AttenuationSettings/Att_015mBigInner.uexp" 1633
"E:/DaleBruise_Repo/Unreal_Learning/Content/SanderAudio/Sources/Environment/S_Environmental_Barrel_FireAftermath-005.ubulk" 1634
"E:/DaleBruise_Repo/Unreal_Learning/Content/SanderAudio/Sources/Environment/S_Environmental_Barrel_FireAftermath-005.uasset" 1635
"E:/DaleBruise_Repo/Unreal_Learning/Content/SanderAudio/Sources/Environment/S_Environmental_Barrel_FireAftermath-005.uexp" 1636
"E:/DaleBruise_Repo/Unreal_Learning/Content/SanderAudio/Sources/Environment/S_Environmental_Barrel_FireAftermath-004.ubulk" 1637
"E:/DaleBruise_Repo/Unreal_Learning/Content/SanderAudio/Sources/Environment/S_Environmental_Barrel_FireAftermath-004.uasset" 1638
"E:/DaleBruise_Repo/Unreal_Learning/Content/SanderAudio/Sources/Environment/S_Environmental_Barrel_FireAftermath-004.uexp" 1639
"E:/DaleBruise_Repo/Unreal_Learning/Content/SanderAudio/Sources/Environment/S_Environmental_Barrel_FireAftermath-003.ubulk" 1640
"E:/DaleBruise_Repo/Unreal_Learning/Content/SanderAudio/Sources/Environment/S_Environmental_Barrel_FireAftermath-003.uasset" 1641
"E:/DaleBruise_Repo/Unreal_Learning/Content/SanderAudio/Sources/Environment/S_Environmental_Barrel_FireAftermath-003.uexp" 1642
"E:/DaleBruise_Repo/Unreal_Learning/Content/SanderAudio/Sources/Environment/S_Environmental_Barrel_FireAftermath-002.ubulk" 1643
"E:/DaleBruise_Repo/Unreal_Learning/Content/SanderAudio/Sources/Environment/S_Environmental_Barrel_FireAftermath-002.uasset" 1644
"E:/DaleBruise_Repo/Unreal_Learning/Content/SanderAudio/Sources/Environment/S_Environmental_Barrel_FireAftermath-002.uexp" 1645
"E:/DaleBruise_Repo/Unreal_Learning/Content/SanderAudio/Sources/Environment/S_Environmental_Barrel_FireAftermath-001.ubulk" 1646
"E:/DaleBruise_Repo/Unreal_Learning/Content/SanderAudio/Sources/Environment/S_Environmental_Barrel_FireAftermath-001.uasset" 1647
"E:/DaleBruise_Repo/Unreal_Learning/Content/SanderAudio/Sources/Environment/S_Environmental_Barrel_FireAftermath-001.uexp" 1648
"E:/DaleBruise_Repo/Unreal_Learning/Content/SanderAudio/Sources/Environment/MSS_Environmental_BarrelAftermath.uasset" 1649
"E:/DaleBruise_Repo/Unreal_Learning/Content/SanderAudio/Sources/Environment/MSS_Environmental_BarrelAftermath.uexp" 1650
"E:/DaleBruise_Repo/Unreal_Learning/Content/tharlevfx_tutorials/CharacterFX/ParagonSourceAssets/Textures/T_Fire_tile.ubulk" 1651
"E:/DaleBruise_Repo/Unreal_Learning/Content/tharlevfx_tutorials/CharacterFX/ParagonSourceAssets/Textures/T_Fire_tile.uasset" 1652
"E:/DaleBruise_Repo/Unreal_Learning/Content/tharlevfx_tutorials/CharacterFX/ParagonSourceAssets/Textures/T_Fire_tile.uexp" 1653
"E:/DaleBruise_Repo/Unreal_Learning/Content/tharlevfx_tutorials/CharacterFX/ParagonSourceAssets/Textures/T_Fire_subUV_01.ubulk" 1654
"E:/DaleBruise_Repo/Unreal_Learning/Content/tharlevfx_tutorials/CharacterFX/ParagonSourceAssets/Textures/T_Fire_subUV_01.uasset" 1655
"E:/DaleBruise_Repo/Unreal_Learning/Content/tharlevfx_tutorials/CharacterFX/ParagonSourceAssets/Textures/T_Fire_subUV_01.uexp" 1656
"E:/DaleBruise_Repo/Unreal_Learning/Content/tharlevfx_tutorials/CharacterFX/ParagonSourceAssets/Materials/M_Fire.uasset" 1657
"E:/DaleBruise_Repo/Unreal_Learning/Content/tharlevfx_tutorials/CharacterFX/ParagonSourceAssets/Materials/M_Fire.uexp" 1658
"E:/DaleBruise_Repo/Unreal_Learning/Content/tharlevfx_tutorials/CharacterFX/ParagonSourceAssets/Textures/T_Smoke_Tiled_D.ubulk" 1659
"E:/DaleBruise_Repo/Unreal_Learning/Content/tharlevfx_tutorials/CharacterFX/ParagonSourceAssets/Textures/T_Smoke_Tiled_D.uasset" 1660
"E:/DaleBruise_Repo/Unreal_Learning/Content/tharlevfx_tutorials/CharacterFX/ParagonSourceAssets/Textures/T_Smoke_Tiled_D.uexp" 1661
"E:/DaleBruise_Repo/Unreal_Learning/Content/tharlevfx_tutorials/CharacterFX/ParagonSourceAssets/Textures/T_SmokeSubUV_8X8.ubulk" 1662
"E:/DaleBruise_Repo/Unreal_Learning/Content/tharlevfx_tutorials/CharacterFX/ParagonSourceAssets/Textures/T_SmokeSubUV_8X8.uasset" 1663
"E:/DaleBruise_Repo/Unreal_Learning/Content/tharlevfx_tutorials/CharacterFX/ParagonSourceAssets/Textures/T_SmokeSubUV_8X8.uexp" 1664
"E:/DaleBruise_Repo/Unreal_Learning/Content/tharlevfx_tutorials/CharacterFX/ParagonSourceAssets/Materials/M_smoke_subUV.uasset" 1665
"E:/DaleBruise_Repo/Unreal_Learning/Content/tharlevfx_tutorials/CharacterFX/ParagonSourceAssets/Materials/M_smoke_subUV.uexp" 1666
"E:/DaleBruise_Repo/Unreal_Learning/Content/tharlevfx_tutorials/CharacterFX/ParagonSourceAssets/Niagara/NS_Flames.uasset" 1667
"E:/DaleBruise_Repo/Unreal_Learning/Content/tharlevfx_tutorials/CharacterFX/ParagonSourceAssets/Niagara/NS_Flames.uexp" 1668
"E:/DaleBruise_Repo/Unreal_Learning/Content/tharlevfx_tutorials/CharacterFX/ParagonSourceAssets/Textures/T_Burst_M.ubulk" 1669
"E:/DaleBruise_Repo/Unreal_Learning/Content/tharlevfx_tutorials/CharacterFX/ParagonSourceAssets/Textures/T_Burst_M.uasset" 1670
"E:/DaleBruise_Repo/Unreal_Learning/Content/tharlevfx_tutorials/CharacterFX/ParagonSourceAssets/Textures/T_Burst_M.uexp" 1671
"E:/DaleBruise_Repo/Unreal_Learning/Content/tharlevfx_tutorials/CharacterFX/ParagonSourceAssets/Materials/M_Burst.uasset" 1672
"E:/DaleBruise_Repo/Unreal_Learning/Content/tharlevfx_tutorials/CharacterFX/ParagonSourceAssets/Materials/M_Burst.uexp" 1673
"E:/DaleBruise_Repo/Unreal_Learning/Content/tharlevfx_tutorials/CharacterFX/ParagonSourceAssets/Materials/m_flare_01.uasset" 1674
"E:/DaleBruise_Repo/Unreal_Learning/Content/tharlevfx_tutorials/CharacterFX/ParagonSourceAssets/Materials/m_flare_01.uexp" 1675
"../../../Engine/Content/Functions/Engine_MaterialFunctions01/Gradient/RadialGradient.uasset" 1676
"../../../Engine/Content/Functions/Engine_MaterialFunctions01/Gradient/RadialGradient.uexp" 1677
"E:/DaleBruise_Repo/Unreal_Learning/Content/tharlevfx_tutorials/CharacterFX/ParagonSourceAssets/Materials/M_radial_ramp.uasset" 1678
"E:/DaleBruise_Repo/Unreal_Learning/Content/tharlevfx_tutorials/CharacterFX/ParagonSourceAssets/Materials/M_radial_ramp.uexp" 1679
"E:/DaleBruise_Repo/Unreal_Learning/Content/tharlevfx_tutorials/CharacterFX/ParagonSourceAssets/Niagara/NS_Explosion.uasset" 1680
"E:/DaleBruise_Repo/Unreal_Learning/Content/tharlevfx_tutorials/CharacterFX/ParagonSourceAssets/Niagara/NS_Explosion.uexp" 1681
"E:/DaleBruise_Repo/Unreal_Learning/Content/ActionRogueLike/World/BP_ExplosiveBarrel.uasset" 1682
"E:/DaleBruise_Repo/Unreal_Learning/Content/ActionRogueLike/World/BP_ExplosiveBarrel.uexp" 1683
"../../../Engine/Content/EngineResources/FilmGrains/Marcie_Grain_v3_128_M2_000.uasset" 1684
"../../../Engine/Content/EngineResources/FilmGrains/Marcie_Grain_v3_128_M2_000.uexp" 1685
"../../../Engine/Content/EngineResources/Development/ZenLogo_64.uasset" 1686
"../../../Engine/Content/EngineResources/Development/ZenLogo_64.uexp" 1687
"../../../Engine/Content/EngineMaterials/LTC/Sheen_LTC.uasset" 1688
"../../../Engine/Content/EngineMaterials/LTC/Sheen_LTC.uexp" 1689
"../../../Engine/Content/EngineMaterials/LTC/GGX_LTCMat.uasset" 1690
"../../../Engine/Content/EngineMaterials/LTC/GGX_LTCMat.uexp" 1691
"../../../Engine/Content/EngineMaterials/LTC/GGX_LTCAmp.uasset" 1692
"../../../Engine/Content/EngineMaterials/LTC/GGX_LTCAmp.uexp" 1693
"../../../Engine/Content/EngineMaterials/EnergyConservation/Sheen_Energy.uasset" 1694
"../../../Engine/Content/EngineMaterials/EnergyConservation/Sheen_Energy.uexp" 1695
"../../../Engine/Content/EngineMaterials/EnergyConservation/SheenLegacy_Energy.uasset" 1696
"../../../Engine/Content/EngineMaterials/EnergyConservation/SheenLegacy_Energy.uexp" 1697
"../../../Engine/Content/EngineMaterials/EnergyConservation/GGX_TransmissionEnergyArray.uasset" 1698
"../../../Engine/Content/EngineMaterials/EnergyConservation/GGX_TransmissionEnergyArray.uexp" 1699
"../../../Engine/Content/EngineMaterials/EnergyConservation/GGX_ReflectionEnergy.uasset" 1700
"../../../Engine/Content/EngineMaterials/EnergyConservation/GGX_ReflectionEnergy.uexp" 1701
"../../../Engine/Content/EngineMaterials/EnergyConservation/Diffuse_Energy.uasset" 1702
"../../../Engine/Content/EngineMaterials/EnergyConservation/Diffuse_Energy.uexp" 1703
"../../../Engine/Content/EditorResources/SequenceRecorder/RecordingIndicator.uasset" 1704
"../../../Engine/Content/EditorResources/SequenceRecorder/RecordingIndicator.uexp" 1705
"../../../Engine/Content/EditorResources/SequenceRecorder/Countdown.uasset" 1706
"../../../Engine/Content/EditorResources/SequenceRecorder/Countdown.uexp" 1707
"../../../Engine/Content/EditorMaterials/Camera/CineMat.uasset" 1708
"../../../Engine/Content/EditorMaterials/Camera/CineMat.uexp" 1709
"../../../Engine/Content/EditorMaterials/Camera/MI_CineMat_Rig.uasset" 1710
"../../../Engine/Content/EditorMaterials/Camera/MI_CineMat_Rig.uexp" 1711
"../../../Engine/Content/EditorMeshes/Camera/SM_RailRig_Track.ubulk" 1712
"../../../Engine/Content/EditorMeshes/Camera/SM_RailRig_Track.uasset" 1713
"../../../Engine/Content/EditorMeshes/Camera/SM_RailRig_Track.uexp" 1714
"../../../Engine/Content/EditorMeshes/Camera/SM_RailRig_Mount.ubulk" 1715
"../../../Engine/Content/EditorMeshes/Camera/SM_RailRig_Mount.uasset" 1716
"../../../Engine/Content/EditorMeshes/Camera/SM_RailRig_Mount.uexp" 1717
"../../../Engine/Content/EditorMeshes/Camera/SM_CraneRig_Mount.ubulk" 1718
"../../../Engine/Content/EditorMeshes/Camera/SM_CraneRig_Mount.uasset" 1719
"../../../Engine/Content/EditorMeshes/Camera/SM_CraneRig_Mount.uexp" 1720
"../../../Engine/Content/EditorMeshes/Camera/SM_CraneRig_Body.ubulk" 1721
"../../../Engine/Content/EditorMeshes/Camera/SM_CraneRig_Body.uasset" 1722
"../../../Engine/Content/EditorMeshes/Camera/SM_CraneRig_Body.uexp" 1723
"../../../Engine/Content/EditorMeshes/Camera/SM_CraneRig_Base.ubulk" 1724
"../../../Engine/Content/EditorMeshes/Camera/SM_CraneRig_Base.uasset" 1725
"../../../Engine/Content/EditorMeshes/Camera/SM_CraneRig_Base.uexp" 1726
"../../../Engine/Content/EditorMeshes/Camera/SM_CraneRig_Arm.ubulk" 1727
"../../../Engine/Content/EditorMeshes/Camera/SM_CraneRig_Arm.uasset" 1728
"../../../Engine/Content/EditorMeshes/Camera/SM_CraneRig_Arm.uexp" 1729
"../../../Engine/Content/EditorMaterials/ParticleSystems/PSysThumbnail_OOD.ubulk" 1730
"../../../Engine/Content/EditorMaterials/ParticleSystems/PSysThumbnail_OOD.uasset" 1731
"../../../Engine/Content/EditorMaterials/ParticleSystems/PSysThumbnail_OOD.uexp" 1732
"../../../Engine/Content/EditorMaterials/ParticleSystems/PSysThumbnail_NoImage.ubulk" 1733
"../../../Engine/Content/EditorMaterials/ParticleSystems/PSysThumbnail_NoImage.uasset" 1734
"../../../Engine/Content/EditorMaterials/ParticleSystems/PSysThumbnail_NoImage.uexp" 1735
"../../../Engine/Content/EditorMaterials/Dataflow/DataflowVertexMaterial.uasset" 1736
"../../../Engine/Content/EditorMaterials/Dataflow/DataflowVertexMaterial.uexp" 1737
"../../../Engine/Content/EditorMaterials/Dataflow/DataflowTwoSidedVertexMaterial.uasset" 1738
"../../../Engine/Content/EditorMaterials/Dataflow/DataflowTwoSidedVertexMaterial.uexp" 1739
"../../../Engine/Content/VREditor/TransformGizmo/Xray.uasset" 1740
"../../../Engine/Content/VREditor/TransformGizmo/Xray.uexp" 1741
"../../../Engine/Content/VREditor/TransformGizmo/Main.uasset" 1742
"../../../Engine/Content/VREditor/TransformGizmo/Main.uexp" 1743
"../../../Engine/Content/VREditor/TransformGizmo/SM_Sequencer_Node.ubulk" 1744
"../../../Engine/Content/VREditor/TransformGizmo/SM_Sequencer_Node.uasset" 1745
"../../../Engine/Content/VREditor/TransformGizmo/SM_Sequencer_Node.uexp" 1746
"../../../Engine/Content/VREditor/TransformGizmo/TranslucentTransformGizmoMaterial.uasset" 1747
"../../../Engine/Content/VREditor/TransformGizmo/TranslucentTransformGizmoMaterial.uexp" 1748
"../../../Engine/Content/VREditor/LaserPointer/VR_LaserPower_01.ubulk" 1749
"../../../Engine/Content/VREditor/LaserPointer/VR_LaserPower_01.uasset" 1750
"../../../Engine/Content/VREditor/LaserPointer/VR_LaserPower_01.uexp" 1751
"../../../Engine/Content/VREditor/TransformGizmo/TransformGizmoMaterial.uasset" 1752
"../../../Engine/Content/VREditor/TransformGizmo/TransformGizmoMaterial.uexp" 1753
"../../../Engine/Content/VREditor/TransformGizmo/BoundingBoxEdge.ubulk" 1754
"../../../Engine/Content/VREditor/TransformGizmo/BoundingBoxEdge.uasset" 1755
"../../../Engine/Content/VREditor/TransformGizmo/BoundingBoxEdge.uexp" 1756
"../../../Engine/Content/VREditor/TransformGizmo/BoundingBoxCorner.ubulk" 1757
"../../../Engine/Content/VREditor/TransformGizmo/BoundingBoxCorner.uasset" 1758
"../../../Engine/Content/VREditor/TransformGizmo/BoundingBoxCorner.uexp" 1759
"../../../Engine/Content/EngineMaterials/BlendFunc_DefBlend.uasset" 1760
"../../../Engine/Content/EngineMaterials/BlendFunc_DefBlend.uexp" 1761
"../../../Engine/Content/EngineMaterials/BlendFunc_DefBase.uasset" 1762
"../../../Engine/Content/EngineMaterials/BlendFunc_DefBase.uexp" 1763
"../../../Engine/Content/Functions/Engine_MaterialFunctions01/Gradient/LinearGradient.uasset" 1764
"../../../Engine/Content/Functions/Engine_MaterialFunctions01/Gradient/LinearGradient.uexp" 1765
"../../../Engine/Content/Functions/Engine_MaterialFunctions01/ImageAdjustment/CheapContrast.uasset" 1766
"../../../Engine/Content/Functions/Engine_MaterialFunctions01/ImageAdjustment/CheapContrast.uexp" 1767
"../../../Engine/Content/OpenWorldTemplate/LandscapeMaterial/T_GridChecker_A.ubulk" 1768
"../../../Engine/Content/OpenWorldTemplate/LandscapeMaterial/T_GridChecker_A.uasset" 1769
"../../../Engine/Content/OpenWorldTemplate/LandscapeMaterial/T_GridChecker_A.uexp" 1770
"../../../Engine/Content/Functions/Engine_MaterialFunctions03/Blends/Blend_Overlay.uasset" 1771
"../../../Engine/Content/Functions/Engine_MaterialFunctions03/Blends/Blend_Overlay.uexp" 1772
"../../../Engine/Content/OpenWorldTemplate/LandscapeMaterial/MF_ProcGrid.uasset" 1773
"../../../Engine/Content/OpenWorldTemplate/LandscapeMaterial/MF_ProcGrid.uexp" 1774
"../../../Engine/Content/OpenWorldTemplate/LandscapeMaterial/M_ProcGrid.uasset" 1775
"../../../Engine/Content/OpenWorldTemplate/LandscapeMaterial/M_ProcGrid.uexp" 1776
"../../../Engine/Content/EngineMaterials/Substrate/Glints2/AGlintTex2dArray2.uasset" 1777
"../../../Engine/Content/EngineMaterials/Substrate/Glints2/AGlintTex2dArray2.uexp" 1778
"../../../Engine/Content/EngineResources/DefaultTextureCube.uasset" 1779
"../../../Engine/Content/EngineResources/DefaultTextureCube.uexp" 1780
"../../../Engine/Content/Functions/Engine_MaterialFunctions01/Shading/PowerToRoughness.uasset" 1781
"../../../Engine/Content/Functions/Engine_MaterialFunctions01/Shading/PowerToRoughness.uexp" 1782
"../../../Engine/Content/Functions/Engine_MaterialFunctions01/Shading/ConvertFromDiffSpec.uasset" 1783
"../../../Engine/Content/Functions/Engine_MaterialFunctions01/Shading/ConvertFromDiffSpec.uexp" 1784
"../../../Engine/Content/EngineMaterials/Substrate/GLints/AGlintTex2dArray.uasset" 1785
"../../../Engine/Content/EngineMaterials/Substrate/GLints/AGlintTex2dArray.uexp" 1786
"../../../Engine/Content/ArtTools/RenderToTexture/Meshes/S_1_Unit_Plane.ubulk" 1787
"../../../Engine/Content/ArtTools/RenderToTexture/Meshes/S_1_Unit_Plane.uasset" 1788
"../../../Engine/Content/ArtTools/RenderToTexture/Meshes/S_1_Unit_Plane.uexp" 1789
"../../../Engine/Content/EngineMaterials/Substrate/Volume/SubstrateSimpleVolumeEnvLUT3D.uasset" 1790
"../../../Engine/Content/EngineMaterials/Substrate/Volume/SubstrateSimpleVolumeEnvLUT3D.uexp" 1791
"../../../Engine/Content/EngineMaterials/Substrate/Volume/SubstrateSimpleVolumeLUT3D.uasset" 1792
"../../../Engine/Content/EngineMaterials/Substrate/Volume/SubstrateSimpleVolumeLUT3D.uexp" 1793
"../../../Engine/Plugins/Interchange/Assets/Content/Utilities/New_LUT.uasset" 1794
"../../../Engine/Plugins/Interchange/Assets/Content/Utilities/New_LUT.uexp" 1795
"../../../Engine/Content/Functions/Engine_MaterialFunctions03/Math/RemapValueRange.uasset" 1796
"../../../Engine/Content/Functions/Engine_MaterialFunctions03/Math/RemapValueRange.uexp" 1797
"../../../Engine/Plugins/Interchange/Assets/Content/Functions/MF_Iridescence.uasset" 1798
"../../../Engine/Plugins/Interchange/Assets/Content/Functions/MF_Iridescence.uexp" 1799
"../../../Engine/Plugins/Interchange/Assets/Content/gltf/Textures/T_White_srgb.uasset" 1800
"../../../Engine/Plugins/Interchange/Assets/Content/gltf/Textures/T_White_srgb.uexp" 1801
"../../../Engine/Plugins/Interchange/Assets/Content/gltf/MaterialFunctions/MF_BaseColor.uasset" 1802
"../../../Engine/Plugins/Interchange/Assets/Content/gltf/MaterialFunctions/MF_BaseColor.uexp" 1803
"../../../Engine/Plugins/Interchange/Assets/Content/gltf/MaterialFunctions/MF_RotateV2.uasset" 1804
"../../../Engine/Plugins/Interchange/Assets/Content/gltf/MaterialFunctions/MF_RotateV2.uexp" 1805
"../../../Engine/Plugins/Interchange/Assets/Content/gltf/MaterialFunctions/MF_TransformUVs.uasset" 1806
"../../../Engine/Plugins/Interchange/Assets/Content/gltf/MaterialFunctions/MF_TransformUVs.uexp" 1807
"../../../Engine/Plugins/Interchange/Assets/Content/gltf/MaterialFunctions/MF_IOR.uasset" 1808
"../../../Engine/Plugins/Interchange/Assets/Content/gltf/MaterialFunctions/MF_IOR.uexp" 1809
"../../../Engine/Plugins/Interchange/Assets/Content/gltf/MaterialFunctions/MF_Iridescence.uasset" 1810
"../../../Engine/Plugins/Interchange/Assets/Content/gltf/MaterialFunctions/MF_Iridescence.uexp" 1811
"../../../Engine/Plugins/Interchange/Assets/Content/gltf/Textures/T_White_Linear.uasset" 1812
"../../../Engine/Plugins/Interchange/Assets/Content/gltf/Textures/T_White_Linear.uexp" 1813
"../../../Engine/Plugins/Interchange/Assets/Content/gltf/MaterialFunctions/MF_MetallicRoughness.uasset" 1814
"../../../Engine/Plugins/Interchange/Assets/Content/gltf/MaterialFunctions/MF_MetallicRoughness.uexp" 1815
"../../../Engine/Plugins/Interchange/Assets/Content/gltf/MaterialFunctions/MF_RotateNormals_TS.uasset" 1816
"../../../Engine/Plugins/Interchange/Assets/Content/gltf/MaterialFunctions/MF_RotateNormals_TS.uexp" 1817
"../../../Engine/Plugins/Interchange/Assets/Content/gltf/MaterialFunctions/MF_ScaleNormal.uasset" 1818
"../../../Engine/Plugins/Interchange/Assets/Content/gltf/MaterialFunctions/MF_ScaleNormal.uexp" 1819
"../../../Engine/Plugins/Interchange/Assets/Content/gltf/Textures/T_Generic_N.uasset" 1820
"../../../Engine/Plugins/Interchange/Assets/Content/gltf/Textures/T_Generic_N.uexp" 1821
"../../../Engine/Plugins/Interchange/Assets/Content/gltf/MaterialFunctions/MF_Normals.uasset" 1822
"../../../Engine/Plugins/Interchange/Assets/Content/gltf/MaterialFunctions/MF_Normals.uexp" 1823
"../../../Engine/Plugins/Interchange/Assets/Content/gltf/MaterialFunctions/MF_Occlusion.uasset" 1824
"../../../Engine/Plugins/Interchange/Assets/Content/gltf/MaterialFunctions/MF_Occlusion.uexp" 1825
"../../../Engine/Plugins/Interchange/Assets/Content/gltf/MaterialFunctions/MF_Specular.uasset" 1826
"../../../Engine/Plugins/Interchange/Assets/Content/gltf/MaterialFunctions/MF_Specular.uexp" 1827
"../../../Engine/Plugins/Interchange/Assets/Content/gltf/Textures/T_Anisotropy_Direction_Linear.uasset" 1828
"../../../Engine/Plugins/Interchange/Assets/Content/gltf/Textures/T_Anisotropy_Direction_Linear.uexp" 1829
"../../../Engine/Plugins/Interchange/Assets/Content/gltf/MaterialFunctions/MF_SpecularAnisotropy.uasset" 1830
"../../../Engine/Plugins/Interchange/Assets/Content/gltf/MaterialFunctions/MF_SpecularAnisotropy.uexp" 1831
"../../../Engine/Plugins/Interchange/Assets/Content/gltf/MaterialFunctions/MF_Emissive.uasset" 1832
"../../../Engine/Plugins/Interchange/Assets/Content/gltf/MaterialFunctions/MF_Emissive.uexp" 1833
"../../../Engine/Content/Functions/Engine_MaterialFunctions01/Texturing/FlattenNormal.uasset" 1834
"../../../Engine/Content/Functions/Engine_MaterialFunctions01/Texturing/FlattenNormal.uexp" 1835
"../../../Engine/Plugins/Interchange/Assets/Content/gltf/MaterialFunctions/MF_Clearcoat.uasset" 1836
"../../../Engine/Plugins/Interchange/Assets/Content/gltf/MaterialFunctions/MF_Clearcoat.uexp" 1837
"../../../Engine/Plugins/Interchange/Assets/Content/gltf/MaterialBodies/MF_ClearCoat_Body.uasset" 1838
"../../../Engine/Plugins/Interchange/Assets/Content/gltf/MaterialBodies/MF_ClearCoat_Body.uexp" 1839
"../../../Engine/Plugins/Interchange/Assets/Content/gltf/M_ClearCoat.uasset" 1840
"../../../Engine/Plugins/Interchange/Assets/Content/gltf/M_ClearCoat.uexp" 1841
"../../../Engine/Plugins/Interchange/Assets/Content/gltf/MaterialInstances/MI_ClearCoat_Blend.uasset" 1842
"../../../Engine/Plugins/Interchange/Assets/Content/gltf/MaterialInstances/MI_ClearCoat_Blend.uexp" 1843
"../../../Engine/Plugins/Interchange/Assets/Content/gltf/MaterialInstances/MI_ClearCoat_Blend_DS.uasset" 1844
"../../../Engine/Plugins/Interchange/Assets/Content/gltf/MaterialInstances/MI_ClearCoat_Blend_DS.uexp" 1845
"../../../Engine/Plugins/Interchange/Assets/Content/gltf/MaterialInstances/MI_ClearCoat_Mask.uasset" 1846
"../../../Engine/Plugins/Interchange/Assets/Content/gltf/MaterialInstances/MI_ClearCoat_Mask.uexp" 1847
"../../../Engine/Plugins/Interchange/Assets/Content/gltf/MaterialInstances/MI_ClearCoat_Mask_DS.uasset" 1848
"../../../Engine/Plugins/Interchange/Assets/Content/gltf/MaterialInstances/MI_ClearCoat_Mask_DS.uexp" 1849
"../../../Engine/Plugins/Interchange/Assets/Content/gltf/MaterialInstances/MI_ClearCoat_Opaque.uasset" 1850
"../../../Engine/Plugins/Interchange/Assets/Content/gltf/MaterialInstances/MI_ClearCoat_Opaque.uexp" 1851
"../../../Engine/Plugins/Interchange/Assets/Content/gltf/MaterialInstances/MI_ClearCoat_Opaque_DS.uasset" 1852
"../../../Engine/Plugins/Interchange/Assets/Content/gltf/MaterialInstances/MI_ClearCoat_Opaque_DS.uexp" 1853
"../../../Engine/Plugins/Interchange/Assets/Content/gltf/MaterialBodies/MF_Default_Body.uasset" 1854
"../../../Engine/Plugins/Interchange/Assets/Content/gltf/MaterialBodies/MF_Default_Body.uexp" 1855
"../../../Engine/Plugins/Interchange/Assets/Content/gltf/M_Default.uasset" 1856
"../../../Engine/Plugins/Interchange/Assets/Content/gltf/M_Default.uexp" 1857
"../../../Engine/Plugins/Interchange/Assets/Content/gltf/MaterialInstances/MI_Default_Blend.uasset" 1858
"../../../Engine/Plugins/Interchange/Assets/Content/gltf/MaterialInstances/MI_Default_Blend.uexp" 1859
"../../../Engine/Plugins/Interchange/Assets/Content/gltf/MaterialInstances/MI_Default_Blend_DS.uasset" 1860
"../../../Engine/Plugins/Interchange/Assets/Content/gltf/MaterialInstances/MI_Default_Blend_DS.uexp" 1861
"../../../Engine/Plugins/Interchange/Assets/Content/gltf/MaterialInstances/MI_Default_Mask.uasset" 1862
"../../../Engine/Plugins/Interchange/Assets/Content/gltf/MaterialInstances/MI_Default_Mask.uexp" 1863
"../../../Engine/Plugins/Interchange/Assets/Content/gltf/MaterialInstances/MI_Default_Mask_DS.uasset" 1864
"../../../Engine/Plugins/Interchange/Assets/Content/gltf/MaterialInstances/MI_Default_Mask_DS.uexp" 1865
"../../../Engine/Plugins/Interchange/Assets/Content/gltf/MaterialInstances/MI_Default_Opaque.uasset" 1866
"../../../Engine/Plugins/Interchange/Assets/Content/gltf/MaterialInstances/MI_Default_Opaque.uexp" 1867
"../../../Engine/Plugins/Interchange/Assets/Content/gltf/MaterialInstances/MI_Default_Opaque_DS.uasset" 1868
"../../../Engine/Plugins/Interchange/Assets/Content/gltf/MaterialInstances/MI_Default_Opaque_DS.uexp" 1869
"../../../Engine/Plugins/Interchange/Assets/Content/gltf/MaterialFunctions/MF_Sheen.uasset" 1870
"../../../Engine/Plugins/Interchange/Assets/Content/gltf/MaterialFunctions/MF_Sheen.uexp" 1871
"../../../Engine/Plugins/Interchange/Assets/Content/gltf/MaterialBodies/MF_Sheen_Body.uasset" 1872
"../../../Engine/Plugins/Interchange/Assets/Content/gltf/MaterialBodies/MF_Sheen_Body.uexp" 1873
"../../../Engine/Plugins/Interchange/Assets/Content/gltf/M_Sheen.uasset" 1874
"../../../Engine/Plugins/Interchange/Assets/Content/gltf/M_Sheen.uexp" 1875
"../../../Engine/Plugins/Interchange/Assets/Content/gltf/MaterialInstances/MI_Sheen_Blend.uasset" 1876
"../../../Engine/Plugins/Interchange/Assets/Content/gltf/MaterialInstances/MI_Sheen_Blend.uexp" 1877
"../../../Engine/Plugins/Interchange/Assets/Content/gltf/MaterialInstances/MI_Sheen_Blend_DS.uasset" 1878
"../../../Engine/Plugins/Interchange/Assets/Content/gltf/MaterialInstances/MI_Sheen_Blend_DS.uexp" 1879
"../../../Engine/Plugins/Interchange/Assets/Content/gltf/MaterialInstances/MI_Sheen_Mask.uasset" 1880
"../../../Engine/Plugins/Interchange/Assets/Content/gltf/MaterialInstances/MI_Sheen_Mask.uexp" 1881
"../../../Engine/Plugins/Interchange/Assets/Content/gltf/MaterialInstances/MI_Sheen_Mask_DS.uasset" 1882
"../../../Engine/Plugins/Interchange/Assets/Content/gltf/MaterialInstances/MI_Sheen_Mask_DS.uexp" 1883
"../../../Engine/Plugins/Interchange/Assets/Content/gltf/MaterialInstances/MI_Sheen_Opaque.uasset" 1884
"../../../Engine/Plugins/Interchange/Assets/Content/gltf/MaterialInstances/MI_Sheen_Opaque.uexp" 1885
"../../../Engine/Plugins/Interchange/Assets/Content/gltf/MaterialInstances/MI_Sheen_Opaque_DS.uasset" 1886
"../../../Engine/Plugins/Interchange/Assets/Content/gltf/MaterialInstances/MI_Sheen_Opaque_DS.uexp" 1887
"../../../Engine/Content/Functions/Engine_MaterialFunctions02/Math/AddComponents.uasset" 1888
"../../../Engine/Content/Functions/Engine_MaterialFunctions02/Math/AddComponents.uexp" 1889
"../../../Engine/Plugins/Interchange/Assets/Content/gltf/MaterialFunctions/MF_DiffuseSpecGloss.uasset" 1890
"../../../Engine/Plugins/Interchange/Assets/Content/gltf/MaterialFunctions/MF_DiffuseSpecGloss.uexp" 1891
"../../../Engine/Plugins/Interchange/Assets/Content/gltf/MaterialFunctions/MF_MaxComponentValue.uasset" 1892
"../../../Engine/Plugins/Interchange/Assets/Content/gltf/MaterialFunctions/MF_MaxComponentValue.uexp" 1893
"../../../Engine/Plugins/Interchange/Assets/Content/gltf/MaterialFunctions/MF_PerceivedBrightness.uasset" 1894
"../../../Engine/Plugins/Interchange/Assets/Content/gltf/MaterialFunctions/MF_PerceivedBrightness.uexp" 1895
"../../../Engine/Plugins/Interchange/Assets/Content/gltf/MaterialFunctions/MF_SpecGlossToMetalRoughness.uasset" 1896
"../../../Engine/Plugins/Interchange/Assets/Content/gltf/MaterialFunctions/MF_SpecGlossToMetalRoughness.uexp" 1897
"../../../Engine/Plugins/Interchange/Assets/Content/gltf/MaterialBodies/MF_SpecularGlossiness_Body.uasset" 1898
"../../../Engine/Plugins/Interchange/Assets/Content/gltf/MaterialBodies/MF_SpecularGlossiness_Body.uexp" 1899
"../../../Engine/Plugins/Interchange/Assets/Content/gltf/M_SpecularGlossiness.uasset" 1900
"../../../Engine/Plugins/Interchange/Assets/Content/gltf/M_SpecularGlossiness.uexp" 1901
"../../../Engine/Plugins/Interchange/Assets/Content/gltf/MaterialInstances/MI_SpecularGlossiness_Blend.uasset" 1902
"../../../Engine/Plugins/Interchange/Assets/Content/gltf/MaterialInstances/MI_SpecularGlossiness_Blend.uexp" 1903
"../../../Engine/Plugins/Interchange/Assets/Content/gltf/MaterialInstances/MI_SpecularGlossiness_Blend_DS.uasset" 1904
"../../../Engine/Plugins/Interchange/Assets/Content/gltf/MaterialInstances/MI_SpecularGlossiness_Blend_DS.uexp" 1905
"../../../Engine/Plugins/Interchange/Assets/Content/gltf/MaterialInstances/MI_SpecularGlossiness_Mask.uasset" 1906
"../../../Engine/Plugins/Interchange/Assets/Content/gltf/MaterialInstances/MI_SpecularGlossiness_Mask.uexp" 1907
"../../../Engine/Plugins/Interchange/Assets/Content/gltf/MaterialInstances/MI_SpecularGlossiness_Mask_DS.uasset" 1908
"../../../Engine/Plugins/Interchange/Assets/Content/gltf/MaterialInstances/MI_SpecularGlossiness_Mask_DS.uexp" 1909
"../../../Engine/Plugins/Interchange/Assets/Content/gltf/MaterialInstances/MI_SpecularGlossiness_Opaque.uasset" 1910
"../../../Engine/Plugins/Interchange/Assets/Content/gltf/MaterialInstances/MI_SpecularGlossiness_Opaque.uexp" 1911
"../../../Engine/Plugins/Interchange/Assets/Content/gltf/MaterialInstances/MI_SpecularGlossiness_Opaque_DS.uasset" 1912
"../../../Engine/Plugins/Interchange/Assets/Content/gltf/MaterialInstances/MI_SpecularGlossiness_Opaque_DS.uexp" 1913
"../../../Engine/Plugins/Interchange/Assets/Content/gltf/MaterialFunctions/MF_Fresnel_DS.uasset" 1914
"../../../Engine/Plugins/Interchange/Assets/Content/gltf/MaterialFunctions/MF_Fresnel_DS.uexp" 1915
"../../../Engine/Plugins/Interchange/Assets/Content/gltf/MaterialFunctions/MF_Temporal_Blur.uasset" 1916
"../../../Engine/Plugins/Interchange/Assets/Content/gltf/MaterialFunctions/MF_Temporal_Blur.uexp" 1917
"../../../Engine/Plugins/Interchange/Assets/Content/gltf/MaterialFunctions/MF_Transmission.uasset" 1918
"../../../Engine/Plugins/Interchange/Assets/Content/gltf/MaterialFunctions/MF_Transmission.uexp" 1919
"../../../Engine/Plugins/Interchange/Assets/Content/gltf/MaterialBodies/MF_Transmission_Body.uasset" 1920
"../../../Engine/Plugins/Interchange/Assets/Content/gltf/MaterialBodies/MF_Transmission_Body.uexp" 1921
"../../../Engine/Plugins/Interchange/Assets/Content/gltf/M_Transmission.uasset" 1922
"../../../Engine/Plugins/Interchange/Assets/Content/gltf/M_Transmission.uexp" 1923
"../../../Engine/Plugins/Interchange/Assets/Content/gltf/MaterialInstances/MI_Transmission.uasset" 1924
"../../../Engine/Plugins/Interchange/Assets/Content/gltf/MaterialInstances/MI_Transmission.uexp" 1925
"../../../Engine/Plugins/Interchange/Assets/Content/gltf/MaterialInstances/MI_Transmission_DS.uasset" 1926
"../../../Engine/Plugins/Interchange/Assets/Content/gltf/MaterialInstances/MI_Transmission_DS.uexp" 1927
"../../../Engine/Plugins/Interchange/Assets/Content/gltf/MaterialBodies/MF_Unlit_Body.uasset" 1928
"../../../Engine/Plugins/Interchange/Assets/Content/gltf/MaterialBodies/MF_Unlit_Body.uexp" 1929
"../../../Engine/Plugins/Interchange/Assets/Content/gltf/M_Unlit.uasset" 1930
"../../../Engine/Plugins/Interchange/Assets/Content/gltf/M_Unlit.uexp" 1931
"../../../Engine/Plugins/Interchange/Assets/Content/gltf/MaterialInstances/MI_Unlit_Blend.uasset" 1932
"../../../Engine/Plugins/Interchange/Assets/Content/gltf/MaterialInstances/MI_Unlit_Blend.uexp" 1933
"../../../Engine/Plugins/Interchange/Assets/Content/gltf/MaterialInstances/MI_Unlit_Blend_DS.uasset" 1934
"../../../Engine/Plugins/Interchange/Assets/Content/gltf/MaterialInstances/MI_Unlit_Blend_DS.uexp" 1935
"../../../Engine/Plugins/Interchange/Assets/Content/gltf/MaterialInstances/MI_Unlit_Mask.uasset" 1936
"../../../Engine/Plugins/Interchange/Assets/Content/gltf/MaterialInstances/MI_Unlit_Mask.uexp" 1937
"../../../Engine/Plugins/Interchange/Assets/Content/gltf/MaterialInstances/MI_Unlit_Mask_DS.uasset" 1938
"../../../Engine/Plugins/Interchange/Assets/Content/gltf/MaterialInstances/MI_Unlit_Mask_DS.uexp" 1939
"../../../Engine/Plugins/Interchange/Assets/Content/gltf/MaterialInstances/MI_Unlit_Opaque.uasset" 1940
"../../../Engine/Plugins/Interchange/Assets/Content/gltf/MaterialInstances/MI_Unlit_Opaque.uexp" 1941
"../../../Engine/Plugins/Interchange/Assets/Content/gltf/MaterialInstances/MI_Unlit_Opaque_DS.uasset" 1942
"../../../Engine/Plugins/Interchange/Assets/Content/gltf/MaterialInstances/MI_Unlit_Opaque_DS.uexp" 1943
"../../../Engine/Content/EngineSky/VolumetricClouds/VT_PerlinWorley_Balanced.uasset" 1944
"../../../Engine/Content/EngineSky/VolumetricClouds/VT_PerlinWorley_Balanced.uexp" 1945
"../../../Engine/Content/EngineSky/VolumetricClouds/T_Profile_08.ubulk" 1946
"../../../Engine/Content/EngineSky/VolumetricClouds/T_Profile_08.uasset" 1947
"../../../Engine/Content/EngineSky/VolumetricClouds/T_Profile_08.uexp" 1948
"../../../Engine/Content/EngineSky/VolumetricClouds/T_CloudPattern.ubulk" 1949
"../../../Engine/Content/EngineSky/VolumetricClouds/T_CloudPattern.uasset" 1950
"../../../Engine/Content/EngineSky/VolumetricClouds/T_CloudPattern.uexp" 1951
"../../../Engine/Content/EngineSky/VolumetricClouds/T_CloudMask.ubulk" 1952
"../../../Engine/Content/EngineSky/VolumetricClouds/T_CloudMask.uasset" 1953
"../../../Engine/Content/EngineSky/VolumetricClouds/T_CloudMask.uexp" 1954
"../../../Engine/Content/Functions/Engine_MaterialFunctions02/Utility/BreakOutFloat4Components.uasset" 1955
"../../../Engine/Content/Functions/Engine_MaterialFunctions02/Utility/BreakOutFloat4Components.uexp" 1956
"../../../Engine/Content/EngineResources/DefaultVolumeTexture2D.uasset" 1957
"../../../Engine/Content/EngineResources/DefaultVolumeTexture2D.uexp" 1958
"../../../Engine/Content/EngineResources/DefaultVolumeTexture.uasset" 1959
"../../../Engine/Content/EngineResources/DefaultVolumeTexture.uexp" 1960
"../../../Engine/Content/Functions/Engine_MaterialFunctions02/Utility/MakeFloat4.uasset" 1961
"../../../Engine/Content/Functions/Engine_MaterialFunctions02/Utility/MakeFloat4.uexp" 1962
"../../../Engine/Content/EngineSky/VolumetricClouds/VT_Lightning.uasset" 1963
"../../../Engine/Content/EngineSky/VolumetricClouds/VT_Lightning.uexp" 1964
"../../../Engine/Content/Functions/Engine_MaterialFunctions01/Units/Km-to-Cm.uasset" 1965
"../../../Engine/Content/Functions/Engine_MaterialFunctions01/Units/Km-to-Cm.uexp" 1966
"../../../Engine/Content/EngineSky/VolumetricClouds/m_SimpleVolumetricCloud.uasset" 1967
"../../../Engine/Content/EngineSky/VolumetricClouds/m_SimpleVolumetricCloud.uexp" 1968
"../../../Engine/Content/EngineSky/VolumetricClouds/m_SimpleVolumetricCloud_Inst.uasset" 1969
"../../../Engine/Content/EngineSky/VolumetricClouds/m_SimpleVolumetricCloud_Inst.uexp" 1970
"../../../Engine/Content/EngineResources/WhiteSquareTexture.uasset" 1971
"../../../Engine/Content/EngineResources/WhiteSquareTexture.uexp" 1972
"../../../Engine/Content/EngineMaterials/Widget3DPassThrough.uasset" 1973
"../../../Engine/Content/EngineMaterials/Widget3DPassThrough.uexp" 1974
"../../../Engine/Content/EngineMaterials/Widget3DPassThrough_Masked.uasset" 1975
"../../../Engine/Content/EngineMaterials/Widget3DPassThrough_Masked.uexp" 1976
"../../../Engine/Content/EngineMaterials/Widget3DPassThrough_Opaque.uasset" 1977
"../../../Engine/Content/EngineMaterials/Widget3DPassThrough_Opaque.uexp" 1978
"../../../Engine/Content/EngineMaterials/Widget3DPassThrough_Masked_OneSided.uasset" 1979
"../../../Engine/Content/EngineMaterials/Widget3DPassThrough_Masked_OneSided.uexp" 1980
"../../../Engine/Content/EngineMaterials/Widget3DPassThrough_Opaque_OneSided.uasset" 1981
"../../../Engine/Content/EngineMaterials/Widget3DPassThrough_Opaque_OneSided.uexp" 1982
"../../../Engine/Content/EngineMaterials/Widget3DPassThrough_Translucent.uasset" 1983
"../../../Engine/Content/EngineMaterials/Widget3DPassThrough_Translucent.uexp" 1984
"../../../Engine/Content/EngineMaterials/Widget3DPassThrough_Translucent_OneSided.uasset" 1985
"../../../Engine/Content/EngineMaterials/Widget3DPassThrough_Translucent_OneSided.uexp" 1986
"../../../Engine/Content/EditorLandscapeResources/ColorMaskBrushMaterial.uasset" 1987
"../../../Engine/Content/EditorLandscapeResources/ColorMaskBrushMaterial.uexp" 1988
"../../../Engine/Content/EditorLandscapeResources/ColorMaskBrushMaterial_MaskedRegion.uasset" 1989
"../../../Engine/Content/EditorLandscapeResources/ColorMaskBrushMaterial_MaskedRegion.uexp" 1990
"../../../Engine/Content/Functions/Engine_MaterialFunctions03/Math/WithinRangeFloat2.uasset" 1991
"../../../Engine/Content/Functions/Engine_MaterialFunctions03/Math/WithinRangeFloat2.uexp" 1992
"../../../Engine/Content/EditorLandscapeResources/MaskBrushMaterial.uasset" 1993
"../../../Engine/Content/EditorLandscapeResources/MaskBrushMaterial.uexp" 1994
"../../../Engine/Content/EditorLandscapeResources/MaskBrushMaterial_MaskedRegion.uasset" 1995
"../../../Engine/Content/EditorLandscapeResources/MaskBrushMaterial_MaskedRegion.uexp" 1996
"../../../Engine/Content/EditorLandscapeResources/SelectBrushMaterial.uasset" 1997
"../../../Engine/Content/EditorLandscapeResources/SelectBrushMaterial.uexp" 1998
"../../../Engine/Content/EditorLandscapeResources/SelectBrushMaterial_Selected.uasset" 1999
"../../../Engine/Content/EditorLandscapeResources/SelectBrushMaterial_Selected.uexp" 2000
"../../../Engine/Content/EditorLandscapeResources/SelectBrushMaterial_SelectedRegion.uasset" 2001
"../../../Engine/Content/EditorLandscapeResources/SelectBrushMaterial_SelectedRegion.uexp" 2002
"../../../Engine/Plugins/NNE/NNEDenoiser/Content/NNE_oidn2-3-0_rt_hdr_alb_nrm_small__dyn__fp16_opset11_DenoiseAlpha.uasset" 2003
"../../../Engine/Plugins/NNE/NNEDenoiser/Content/NNE_oidn2-3-0_rt_hdr_alb_nrm_small__dyn__fp16_opset11_DenoiseAlpha.uexp" 2004
"../../../Engine/Plugins/NNE/NNEDenoiser/Content/NNE_oidn2-3-0_rt_hdr_alb_nrm_small__dyn__fp16_opset11_ForwardAlpha.uasset" 2005
"../../../Engine/Plugins/NNE/NNEDenoiser/Content/NNE_oidn2-3-0_rt_hdr_alb_nrm_small__dyn__fp16_opset11_ForwardAlpha.uexp" 2006
"../../../Engine/Plugins/NNE/NNEDenoiser/Content/NNE_oidn2-3-0_rt_hdr_alb_nrm__dyn__fp16_opset11_DenoiseAlpha.uasset" 2007
"../../../Engine/Plugins/NNE/NNEDenoiser/Content/NNE_oidn2-3-0_rt_hdr_alb_nrm__dyn__fp16_opset11_DenoiseAlpha.uexp" 2008
"../../../Engine/Plugins/NNE/NNEDenoiser/Content/NNE_oidn2-3-0_rt_hdr_alb_nrm__dyn__fp16_opset11_ForwardAlpha.uasset" 2009
"../../../Engine/Plugins/NNE/NNEDenoiser/Content/NNE_oidn2-3-0_rt_hdr_alb_nrm__dyn__fp16_opset11_ForwardAlpha.uexp" 2010
"../../../Engine/Plugins/NNE/NNEDenoiser/Content/NNE_oidn2-3-0_rt_hdr_calb_cnrm_large__dyn__fp16_opset11_DenoiseAlpha.uasset" 2011
"../../../Engine/Plugins/NNE/NNEDenoiser/Content/NNE_oidn2-3-0_rt_hdr_calb_cnrm_large__dyn__fp16_opset11_DenoiseAlpha.uexp" 2012
"../../../Engine/Plugins/NNE/NNEDenoiser/Content/NNE_oidn2-3-0_rt_hdr_calb_cnrm_large__dyn__fp16_opset11_ForwardAlpha.uasset" 2013
"../../../Engine/Plugins/NNE/NNEDenoiser/Content/NNE_oidn2-3-0_rt_hdr_calb_cnrm_large__dyn__fp16_opset11_ForwardAlpha.uexp" 2014
"../../../Engine/Plugins/2D/Paper2D/Content/DefaultSpriteMaterial.uasset" 2015
"../../../Engine/Plugins/2D/Paper2D/Content/DefaultSpriteMaterial.uexp" 2016
"../../../Engine/Plugins/2D/Paper2D/Content/MaskedUnlitSpriteMaterial.uasset" 2017
"../../../Engine/Plugins/2D/Paper2D/Content/MaskedUnlitSpriteMaterial.uexp" 2018
"../../../Engine/Plugins/2D/Paper2D/Content/OpaqueUnlitSpriteMaterial.uasset" 2019
"../../../Engine/Plugins/2D/Paper2D/Content/OpaqueUnlitSpriteMaterial.uexp" 2020
"E:/DaleBruise_Repo/Unreal_Learning/Content/SanderAudio/Sources/Interactables/S_Interactables_Loot_Coin-021.ubulk" 2021
"E:/DaleBruise_Repo/Unreal_Learning/Content/SanderAudio/Sources/Interactables/S_Interactables_Loot_Coin-021.uasset" 2022
"E:/DaleBruise_Repo/Unreal_Learning/Content/SanderAudio/Sources/Interactables/S_Interactables_Loot_Coin-021.uexp" 2023
"E:/DaleBruise_Repo/Unreal_Learning/Content/SanderAudio/Sources/Interactables/S_Interactables_Loot_Coin-020.ubulk" 2024
"E:/DaleBruise_Repo/Unreal_Learning/Content/SanderAudio/Sources/Interactables/S_Interactables_Loot_Coin-020.uasset" 2025
"E:/DaleBruise_Repo/Unreal_Learning/Content/SanderAudio/Sources/Interactables/S_Interactables_Loot_Coin-020.uexp" 2026
"E:/DaleBruise_Repo/Unreal_Learning/Content/SanderAudio/Sources/Interactables/S_Interactables_Loot_Coin-019.ubulk" 2027
"E:/DaleBruise_Repo/Unreal_Learning/Content/SanderAudio/Sources/Interactables/S_Interactables_Loot_Coin-019.uasset" 2028
"E:/DaleBruise_Repo/Unreal_Learning/Content/SanderAudio/Sources/Interactables/S_Interactables_Loot_Coin-019.uexp" 2029
"E:/DaleBruise_Repo/Unreal_Learning/Content/SanderAudio/Sources/Interactables/S_Interactables_Loot_Coin-018.ubulk" 2030
"E:/DaleBruise_Repo/Unreal_Learning/Content/SanderAudio/Sources/Interactables/S_Interactables_Loot_Coin-018.uasset" 2031
"E:/DaleBruise_Repo/Unreal_Learning/Content/SanderAudio/Sources/Interactables/S_Interactables_Loot_Coin-018.uexp" 2032
"E:/DaleBruise_Repo/Unreal_Learning/Content/SanderAudio/Sources/Interactables/S_Interactables_Loot_Coin-017.ubulk" 2033
"E:/DaleBruise_Repo/Unreal_Learning/Content/SanderAudio/Sources/Interactables/S_Interactables_Loot_Coin-017.uasset" 2034
"E:/DaleBruise_Repo/Unreal_Learning/Content/SanderAudio/Sources/Interactables/S_Interactables_Loot_Coin-017.uexp" 2035
"E:/DaleBruise_Repo/Unreal_Learning/Content/SanderAudio/Sources/Interactables/S_Interactables_Loot_Coin-016.ubulk" 2036
"E:/DaleBruise_Repo/Unreal_Learning/Content/SanderAudio/Sources/Interactables/S_Interactables_Loot_Coin-016.uasset" 2037
"E:/DaleBruise_Repo/Unreal_Learning/Content/SanderAudio/Sources/Interactables/S_Interactables_Loot_Coin-016.uexp" 2038
"E:/DaleBruise_Repo/Unreal_Learning/Content/SanderAudio/Sources/Interactables/S_Interactables_Loot_Coin-015.ubulk" 2039
"E:/DaleBruise_Repo/Unreal_Learning/Content/SanderAudio/Sources/Interactables/S_Interactables_Loot_Coin-015.uasset" 2040
"E:/DaleBruise_Repo/Unreal_Learning/Content/SanderAudio/Sources/Interactables/S_Interactables_Loot_Coin-015.uexp" 2041
"E:/DaleBruise_Repo/Unreal_Learning/Content/SanderAudio/Sources/Interactables/S_Interactables_Loot_Coin-014.ubulk" 2042
"E:/DaleBruise_Repo/Unreal_Learning/Content/SanderAudio/Sources/Interactables/S_Interactables_Loot_Coin-014.uasset" 2043
"E:/DaleBruise_Repo/Unreal_Learning/Content/SanderAudio/Sources/Interactables/S_Interactables_Loot_Coin-014.uexp" 2044
"E:/DaleBruise_Repo/Unreal_Learning/Content/SanderAudio/Sources/Interactables/S_Interactables_Loot_Coin-013.ubulk" 2045
"E:/DaleBruise_Repo/Unreal_Learning/Content/SanderAudio/Sources/Interactables/S_Interactables_Loot_Coin-013.uasset" 2046
"E:/DaleBruise_Repo/Unreal_Learning/Content/SanderAudio/Sources/Interactables/S_Interactables_Loot_Coin-013.uexp" 2047
"E:/DaleBruise_Repo/Unreal_Learning/Content/SanderAudio/Sources/Interactables/S_Interactables_Loot_Coin-012.ubulk" 2048
"E:/DaleBruise_Repo/Unreal_Learning/Content/SanderAudio/Sources/Interactables/S_Interactables_Loot_Coin-012.uasset" 2049
"E:/DaleBruise_Repo/Unreal_Learning/Content/SanderAudio/Sources/Interactables/S_Interactables_Loot_Coin-012.uexp" 2050
"E:/DaleBruise_Repo/Unreal_Learning/Content/SanderAudio/Sources/Interactables/S_Interactables_Loot_Coin-011.ubulk" 2051
"E:/DaleBruise_Repo/Unreal_Learning/Content/SanderAudio/Sources/Interactables/S_Interactables_Loot_Coin-011.uasset" 2052
"E:/DaleBruise_Repo/Unreal_Learning/Content/SanderAudio/Sources/Interactables/S_Interactables_Loot_Coin-011.uexp" 2053
"E:/DaleBruise_Repo/Unreal_Learning/Content/SanderAudio/Sources/Interactables/S_Interactables_Loot_Coin-010.ubulk" 2054
"E:/DaleBruise_Repo/Unreal_Learning/Content/SanderAudio/Sources/Interactables/S_Interactables_Loot_Coin-010.uasset" 2055
"E:/DaleBruise_Repo/Unreal_Learning/Content/SanderAudio/Sources/Interactables/S_Interactables_Loot_Coin-010.uexp" 2056
"E:/DaleBruise_Repo/Unreal_Learning/Content/SanderAudio/Sources/Interactables/S_Interactables_Loot_Coin-009.ubulk" 2057
"E:/DaleBruise_Repo/Unreal_Learning/Content/SanderAudio/Sources/Interactables/S_Interactables_Loot_Coin-009.uasset" 2058
"E:/DaleBruise_Repo/Unreal_Learning/Content/SanderAudio/Sources/Interactables/S_Interactables_Loot_Coin-009.uexp" 2059
"E:/DaleBruise_Repo/Unreal_Learning/Content/SanderAudio/Sources/Interactables/S_Interactables_Loot_Coin-008.ubulk" 2060
"E:/DaleBruise_Repo/Unreal_Learning/Content/SanderAudio/Sources/Interactables/S_Interactables_Loot_Coin-008.uasset" 2061
"E:/DaleBruise_Repo/Unreal_Learning/Content/SanderAudio/Sources/Interactables/S_Interactables_Loot_Coin-008.uexp" 2062
"E:/DaleBruise_Repo/Unreal_Learning/Content/SanderAudio/Sources/Interactables/S_Interactables_Loot_Coin-007.ubulk" 2063
"E:/DaleBruise_Repo/Unreal_Learning/Content/SanderAudio/Sources/Interactables/S_Interactables_Loot_Coin-007.uasset" 2064
"E:/DaleBruise_Repo/Unreal_Learning/Content/SanderAudio/Sources/Interactables/S_Interactables_Loot_Coin-007.uexp" 2065
"E:/DaleBruise_Repo/Unreal_Learning/Content/SanderAudio/Sources/Interactables/S_Interactables_Loot_Coin-006.ubulk" 2066
"E:/DaleBruise_Repo/Unreal_Learning/Content/SanderAudio/Sources/Interactables/S_Interactables_Loot_Coin-006.uasset" 2067
"E:/DaleBruise_Repo/Unreal_Learning/Content/SanderAudio/Sources/Interactables/S_Interactables_Loot_Coin-006.uexp" 2068
"E:/DaleBruise_Repo/Unreal_Learning/Content/SanderAudio/Sources/Interactables/S_Interactables_Loot_Coin-005.ubulk" 2069
"E:/DaleBruise_Repo/Unreal_Learning/Content/SanderAudio/Sources/Interactables/S_Interactables_Loot_Coin-005.uasset" 2070
"E:/DaleBruise_Repo/Unreal_Learning/Content/SanderAudio/Sources/Interactables/S_Interactables_Loot_Coin-005.uexp" 2071
"E:/DaleBruise_Repo/Unreal_Learning/Content/SanderAudio/Sources/Interactables/S_Interactables_Loot_Coin-004.ubulk" 2072
"E:/DaleBruise_Repo/Unreal_Learning/Content/SanderAudio/Sources/Interactables/S_Interactables_Loot_Coin-004.uasset" 2073
"E:/DaleBruise_Repo/Unreal_Learning/Content/SanderAudio/Sources/Interactables/S_Interactables_Loot_Coin-004.uexp" 2074
"E:/DaleBruise_Repo/Unreal_Learning/Content/SanderAudio/Sources/Interactables/S_Interactables_Loot_Coin-003.ubulk" 2075
"E:/DaleBruise_Repo/Unreal_Learning/Content/SanderAudio/Sources/Interactables/S_Interactables_Loot_Coin-003.uasset" 2076
"E:/DaleBruise_Repo/Unreal_Learning/Content/SanderAudio/Sources/Interactables/S_Interactables_Loot_Coin-003.uexp" 2077
"E:/DaleBruise_Repo/Unreal_Learning/Content/SanderAudio/Sources/Interactables/S_Interactables_Loot_Coin-002.ubulk" 2078
"E:/DaleBruise_Repo/Unreal_Learning/Content/SanderAudio/Sources/Interactables/S_Interactables_Loot_Coin-002.uasset" 2079
"E:/DaleBruise_Repo/Unreal_Learning/Content/SanderAudio/Sources/Interactables/S_Interactables_Loot_Coin-002.uexp" 2080
"E:/DaleBruise_Repo/Unreal_Learning/Content/SanderAudio/Sources/Interactables/S_Interactables_Loot_Coin-001.ubulk" 2081
"E:/DaleBruise_Repo/Unreal_Learning/Content/SanderAudio/Sources/Interactables/S_Interactables_Loot_Coin-001.uasset" 2082
"E:/DaleBruise_Repo/Unreal_Learning/Content/SanderAudio/Sources/Interactables/S_Interactables_Loot_Coin-001.uexp" 2083
"E:/DaleBruise_Repo/Unreal_Learning/Content/SanderAudio/Sources/Interactables/MSS_Interactables_CurrencyPickup.uasset" 2084
"E:/DaleBruise_Repo/Unreal_Learning/Content/SanderAudio/Sources/Interactables/MSS_Interactables_CurrencyPickup.uexp" 2085
"E:/DaleBruise_Repo/Unreal_Learning/Content/ActionRogueLike/InputAction/IMC_DefaultPlayer.uasset" 2086
"E:/DaleBruise_Repo/Unreal_Learning/Content/ActionRogueLike/InputAction/IMC_DefaultPlayer.uexp" 2087
"../../../Engine/Content/EngineResources/LandscapeVisibilityLayerInfo.uasset" 2088
"../../../Engine/Content/EngineResources/LandscapeVisibilityLayerInfo.uexp" 2089
"../../../Engine/Content/VREditor/Sounds/UI/Drop_Item_From_ContentBrowser.ubulk" 2090
"../../../Engine/Content/VREditor/Sounds/UI/Drop_Item_From_ContentBrowser.uasset" 2091
"../../../Engine/Content/VREditor/Sounds/UI/Drop_Item_From_ContentBrowser.uexp" 2092
"../../../Engine/Content/VREditor/TransformGizmo/TransformGizmoMaterial_Inst.uasset" 2093
"../../../Engine/Content/VREditor/TransformGizmo/TransformGizmoMaterial_Inst.uexp" 2094
"../../../Engine/Content/VREditor/TransformGizmo/TranslucentTransformGizmoMaterial_Inst.uasset" 2095
"../../../Engine/Content/VREditor/TransformGizmo/TranslucentTransformGizmoMaterial_Inst.uexp" 2096
"../../../Engine/Content/Functions/Engine_MaterialFunctions02/SplitComponents.uasset" 2097
"../../../Engine/Content/Functions/Engine_MaterialFunctions02/SplitComponents.uexp" 2098
"../../../Engine/Content/VREditor/SnapGrid/SnapGridMaterial.uasset" 2099
"../../../Engine/Content/VREditor/SnapGrid/SnapGridMaterial.uexp" 2100
"../../../Engine/Content/VREditor/SnapGrid/SnapGridPlaneMesh.ubulk" 2101
"../../../Engine/Content/VREditor/SnapGrid/SnapGridPlaneMesh.uasset" 2102
"../../../Engine/Content/VREditor/SnapGrid/SnapGridPlaneMesh.uexp" 2103
"../../../Engine/Content/VREditor/Sounds/UI/Gizmo_Handle_Clicked.ubulk" 2104
"../../../Engine/Content/VREditor/Sounds/UI/Gizmo_Handle_Clicked.uasset" 2105
"../../../Engine/Content/VREditor/Sounds/UI/Gizmo_Handle_Clicked.uexp" 2106
"../../../Engine/Content/VREditor/Sounds/UI/Object_PickUp.ubulk" 2107
"../../../Engine/Content/VREditor/Sounds/UI/Object_PickUp.uasset" 2108
"../../../Engine/Content/VREditor/Sounds/UI/Object_PickUp.uexp" 2109
"../../../Engine/Content/VREditor/Sounds/UI/Object_Snaps_To_Another_Actor.ubulk" 2110
"../../../Engine/Content/VREditor/Sounds/UI/Object_Snaps_To_Another_Actor.uasset" 2111
"../../../Engine/Content/VREditor/Sounds/UI/Object_Snaps_To_Another_Actor.uexp" 2112
"../../../Engine/Content/VREditor/Sounds/UI/Object_Snaps_To_Grid.ubulk" 2113
"../../../Engine/Content/VREditor/Sounds/UI/Object_Snaps_To_Grid.uasset" 2114
"../../../Engine/Content/VREditor/Sounds/UI/Object_Snaps_To_Grid.uexp" 2115
"../../../Engine/Content/VREditor/Sounds/UI/Scaling_Down.ubulk" 2116
"../../../Engine/Content/VREditor/Sounds/UI/Scaling_Down.uasset" 2117
"../../../Engine/Content/VREditor/Sounds/UI/Scaling_Down.uexp" 2118
"../../../Engine/Content/VREditor/Sounds/UI/Scaling_Up.ubulk" 2119
"../../../Engine/Content/VREditor/Sounds/UI/Scaling_Up.uasset" 2120
"../../../Engine/Content/VREditor/Sounds/UI/Scaling_Up.uexp" 2121
"../../../Engine/Content/VREditor/Sounds/UI/Selection_Changes.ubulk" 2122
"../../../Engine/Content/VREditor/Sounds/UI/Selection_Changes.uasset" 2123
"../../../Engine/Content/VREditor/Sounds/UI/Selection_Changes.uexp" 2124
"../../../Engine/Content/VREditor/TransformGizmo/PlaneTranslationHandle.ubulk" 2125
"../../../Engine/Content/VREditor/TransformGizmo/PlaneTranslationHandle.uasset" 2126
"../../../Engine/Content/VREditor/TransformGizmo/PlaneTranslationHandle.uexp" 2127
"../../../Engine/Content/VREditor/TransformGizmo/RotationHandleFull.ubulk" 2128
"../../../Engine/Content/VREditor/TransformGizmo/RotationHandleFull.uasset" 2129
"../../../Engine/Content/VREditor/TransformGizmo/RotationHandleFull.uexp" 2130
"../../../Engine/Content/VREditor/TransformGizmo/RotationHandleIndicator.ubulk" 2131
"../../../Engine/Content/VREditor/TransformGizmo/RotationHandleIndicator.uasset" 2132
"../../../Engine/Content/VREditor/TransformGizmo/RotationHandleIndicator.uexp" 2133
"../../../Engine/Content/VREditor/TransformGizmo/RotationHandleQuarter.ubulk" 2134
"../../../Engine/Content/VREditor/TransformGizmo/RotationHandleQuarter.uasset" 2135
"../../../Engine/Content/VREditor/TransformGizmo/RotationHandleQuarter.uexp" 2136
"../../../Engine/Content/VREditor/TransformGizmo/StartRotationHandleIndicator.ubulk" 2137
"../../../Engine/Content/VREditor/TransformGizmo/StartRotationHandleIndicator.uasset" 2138
"../../../Engine/Content/VREditor/TransformGizmo/StartRotationHandleIndicator.uexp" 2139
"../../../Engine/Content/VREditor/TransformGizmo/TransformGizmoFreeRotation.ubulk" 2140
"../../../Engine/Content/VREditor/TransformGizmo/TransformGizmoFreeRotation.uasset" 2141
"../../../Engine/Content/VREditor/TransformGizmo/TransformGizmoFreeRotation.uexp" 2142
"../../../Engine/Content/VREditor/TransformGizmo/TranslateArrowHandle.ubulk" 2143
"../../../Engine/Content/VREditor/TransformGizmo/TranslateArrowHandle.uasset" 2144
"../../../Engine/Content/VREditor/TransformGizmo/TranslateArrowHandle.uexp" 2145
"../../../Engine/Content/VREditor/TransformGizmo/UniformScaleHandle.ubulk" 2146
"../../../Engine/Content/VREditor/TransformGizmo/UniformScaleHandle.uasset" 2147
"../../../Engine/Content/VREditor/TransformGizmo/UniformScaleHandle.uexp" 2148
"../../../Engine/Plugins/Animation/DeformerGraph/Content/DeformerFunctions/DG_Function_LinearBlendSkin_Morph_Cloth.uasset" 2149
"../../../Engine/Plugins/Animation/DeformerGraph/Content/DeformerFunctions/DG_Function_LinearBlendSkin_Morph_Cloth.uexp" 2150
"../../../Engine/Plugins/Animation/DeformerGraph/Content/Deformers/DG_LinearBlendSkin_Morph_Cloth.uasset" 2151
"../../../Engine/Plugins/Animation/DeformerGraph/Content/Deformers/DG_LinearBlendSkin_Morph_Cloth.uexp" 2152
"../../../Engine/Plugins/Animation/DeformerGraph/Content/DeformerFunctions/DG_Function_LinearBlendSkin_Morph_Cloth_PositionOnly.uasset" 2153
"../../../Engine/Plugins/Animation/DeformerGraph/Content/DeformerFunctions/DG_Function_LinearBlendSkin_Morph_Cloth_PositionOnly.uexp" 2154
"../../../Engine/Plugins/Animation/DeformerGraph/Content/DeformerFunctions/DG_Function_ComputeNormalsTangents.uasset" 2155
"../../../Engine/Plugins/Animation/DeformerGraph/Content/DeformerFunctions/DG_Function_ComputeNormalsTangents.uexp" 2156
"../../../Engine/Plugins/Animation/DeformerGraph/Content/Deformers/DG_LinearBlendSkin_Morph_Cloth_RecomputeNormals.uasset" 2157
"../../../Engine/Plugins/Animation/DeformerGraph/Content/Deformers/DG_LinearBlendSkin_Morph_Cloth_RecomputeNormals.uexp" 2158
"../../../Engine/Plugins/NNE/NNEDenoiser/Content/NNEDT_Oidn2-3_Balanced.uasset" 2159
"../../../Engine/Plugins/NNE/NNEDenoiser/Content/NNEDT_Oidn2-3_Balanced.uexp" 2160
"../../../Engine/Plugins/NNE/NNEDenoiser/Content/NNEDT_Oidn2-3_Balanced_Alpha.uasset" 2161
"../../../Engine/Plugins/NNE/NNEDenoiser/Content/NNEDT_Oidn2-3_Balanced_Alpha.uexp" 2162
"../../../Engine/Plugins/NNE/NNEDenoiser/Content/NNED_Oidn2-3_Balanced.uasset" 2163
"../../../Engine/Plugins/NNE/NNEDenoiser/Content/NNED_Oidn2-3_Balanced.uexp" 2164
"../../../Engine/Plugins/NNE/NNEDenoiser/Content/NNED_Oidn2-3_Balanced_Alpha.uasset" 2165
"../../../Engine/Plugins/NNE/NNEDenoiser/Content/NNED_Oidn2-3_Balanced_Alpha.uexp" 2166
"../../../Engine/Plugins/NNE/NNEDenoiser/Content/NNED_Oidn2-3_Fast.uasset" 2167
"../../../Engine/Plugins/NNE/NNEDenoiser/Content/NNED_Oidn2-3_Fast.uexp" 2168
"../../../Engine/Plugins/NNE/NNEDenoiser/Content/NNED_Oidn2-3_Fast_Alpha.uasset" 2169
"../../../Engine/Plugins/NNE/NNEDenoiser/Content/NNED_Oidn2-3_Fast_Alpha.uexp" 2170
"../../../Engine/Plugins/NNE/NNEDenoiser/Content/NNED_Oidn2-3_HighQuality.uasset" 2171
"../../../Engine/Plugins/NNE/NNEDenoiser/Content/NNED_Oidn2-3_HighQuality.uexp" 2172
"../../../Engine/Plugins/NNE/NNEDenoiser/Content/NNED_Oidn2-3_HighQuality_Alpha.uasset" 2173
"../../../Engine/Plugins/NNE/NNEDenoiser/Content/NNED_Oidn2-3_HighQuality_Alpha.uexp" 2174
"../../../Engine/Content/Maps/Entry_BuiltData.uasset" 2175
"../../../Engine/Content/Maps/Entry_BuiltData.uexp" 2176
"../../../Engine/Content/Maps/Entry.uexp" 2177
"../../../Engine/Content/Maps/Entry.umap" 2178
"E:/DaleBruise_Repo/Unreal_Learning/Content/ActionRogueLike/World/BP_ItemLeverCoin.uasset" 2179
"E:/DaleBruise_Repo/Unreal_Learning/Content/ActionRogueLike/World/BP_ItemLeverCoin.uexp" 2180
"E:/DaleBruise_Repo/Unreal_Learning/Content/ActionRogueLike/Maps/Map1.uexp" 2181
"E:/DaleBruise_Repo/Unreal_Learning/Content/ActionRogueLike/Maps/Map1.ubulk" 2182
"E:/DaleBruise_Repo/Unreal_Learning/Content/ActionRogueLike/Maps/Map1.umap" 2183
"E:/DaleBruise_Repo/Unreal_Learning/Content/ActionRogueLike/Maps/Map1/_Generated_/7B70KJCT4U1X97ETXF4D4QR7R.uexp" 2184
"E:/DaleBruise_Repo/Unreal_Learning/Content/ActionRogueLike/Maps/Map1/_Generated_/7B70KJCT4U1X97ETXF4D4QR7R.ubulk" 2185
"E:/DaleBruise_Repo/Unreal_Learning/Content/ActionRogueLike/Maps/Map1/_Generated_/7B70KJCT4U1X97ETXF4D4QR7R.umap" 2186
"E:/DaleBruise_Repo/Unreal_Learning/Content/ActionRogueLike/Maps/Map1/_Generated_/C8Y0ZE2GPX44ID784A7QO0CWF.uexp" 2187
"E:/DaleBruise_Repo/Unreal_Learning/Content/ActionRogueLike/Maps/Map1/_Generated_/C8Y0ZE2GPX44ID784A7QO0CWF.ubulk" 2188
"E:/DaleBruise_Repo/Unreal_Learning/Content/ActionRogueLike/Maps/Map1/_Generated_/C8Y0ZE2GPX44ID784A7QO0CWF.umap" 2189
"E:/DaleBruise_Repo/Unreal_Learning/Content/ActionRogueLike/Maps/Map1/_Generated_/7ZKUHEVZUPEHXGCO3EB5FFE69.uexp" 2190
"E:/DaleBruise_Repo/Unreal_Learning/Content/ActionRogueLike/Maps/Map1/_Generated_/7ZKUHEVZUPEHXGCO3EB5FFE69.ubulk" 2191
"E:/DaleBruise_Repo/Unreal_Learning/Content/ActionRogueLike/Maps/Map1/_Generated_/7ZKUHEVZUPEHXGCO3EB5FFE69.umap" 2192
"E:/DaleBruise_Repo/Unreal_Learning/Content/ActionRogueLike/Maps/Map1/_Generated_/3DQ5Y56FVKLK5FEJMCAWIKGKQ.uexp" 2193
"E:/DaleBruise_Repo/Unreal_Learning/Content/ActionRogueLike/Maps/Map1/_Generated_/3DQ5Y56FVKLK5FEJMCAWIKGKQ.ubulk" 2194
"E:/DaleBruise_Repo/Unreal_Learning/Content/ActionRogueLike/Maps/Map1/_Generated_/3DQ5Y56FVKLK5FEJMCAWIKGKQ.umap" 2195
"E:/DaleBruise_Repo/Unreal_Learning/Content/ActionRogueLike/Maps/Map1/_Generated_/E3NFI1KS3P2T17Y6LDQWKDTS3.uexp" 2196
"E:/DaleBruise_Repo/Unreal_Learning/Content/ActionRogueLike/Maps/Map1/_Generated_/E3NFI1KS3P2T17Y6LDQWKDTS3.ubulk" 2197
"E:/DaleBruise_Repo/Unreal_Learning/Content/ActionRogueLike/Maps/Map1/_Generated_/E3NFI1KS3P2T17Y6LDQWKDTS3.umap" 2198
