"E:/DaleBruise_Repo/Unreal_Learning/UnrealProjects56.uproject" 1
"../../../../../DaleBruise_Repo/Unreal_Learning/Binaries/Win64/UnrealEditor-Win64-DebugGame.modules" 2
"../../../Engine/Plugins/AudioInsights/AudioInsights.uplugin" 3
"../../../Engine/Plugins/AudioGameplayVolume/AudioGameplayVolume.uplugin" 4
"../../../Engine/Plugins/ChaosCloth/ChaosCloth.uplugin" 5
"../../../Engine/Plugins/AudioGameplay/AudioGameplay.uplugin" 6
"../../../Engine/Plugins/ChaosClothAssetEditor/ChaosClothAssetEditor.uplugin" 7
"../../../Engine/Plugins/ChaosClothAsset/ChaosClothAsset.uplugin" 8
"../../../Engine/Plugins/BlueprintFileUtils/BlueprintFileUtils.uplugin" 9
"../../../Engine/Plugins/ChaosInsights/ChaosInsights.uplugin" 10
"../../../Engine/Plugins/ChaosVD/ChaosVD.uplugin" 11
"../../../Engine/Plugins/DiscoveryBeaconReceiver/DiscoveryBeaconReceiver.uplugin" 12
"../../../Engine/Plugins/CmdLinkServer/CmdLinkServer.uplugin" 13
"../../../Engine/Plugins/Chooser/Chooser.uplugin" 14
"../../../Engine/Plugins/FastBuildController/FastBuildController.uplugin" 15
"../../../Engine/Plugins/EnhancedInput/EnhancedInput.uplugin" 16
"../../../Engine/Plugins/IoStoreInsights/IoStoreInsights.uplugin" 17
"../../../Engine/Plugins/JsonBlueprintUtilities/JsonBlueprintUtilities.uplugin" 18
"../../../Engine/Plugins/LightWeightInstancesEditor/LightWeightInstancesEditor.uplugin" 19
"../../../Engine/Plugins/MassInsights/MassInsights.uplugin" 20
"../../../Engine/Plugins/MemoryUsageQueries/MemoryUsageQueries.uplugin" 21
"../../../Engine/Plugins/Mutable/Mutable.uplugin" 22
"../../../Engine/Plugins/PCG/PCG.uplugin" 23
"../../../Engine/Plugins/RenderGraphInsights/RenderGraphInsights.uplugin" 24
"../../../Engine/Plugins/TextureGraph/TextureGraph.uplugin" 25
"../../../Engine/Plugins/UbaController/UbaController.uplugin" 26
"../../../Engine/Plugins/WorldMetrics/WorldMetrics.uplugin" 27
"../../../Engine/Plugins/TraceUtilities/TraceUtilities.uplugin" 28
"../../../Engine/Plugins/XGEController/XGEController.uplugin" 29
"../../../Engine/Plugins/ScriptPlugin/ScriptPlugin.uplugin" 30
"../../../Engine/Plugins/PCGInterops/PCGGeometryScriptInterop/PCGGeometryScriptInterop.uplugin" 31
"../../../Engine/Plugins/Performance/AutomatedPerfTesting/AutomatedPerfTesting.uplugin" 32
"../../../Engine/Plugins/MeshPainting/MeshPainting.uplugin" 33
"../../../Engine/Plugins/PCGInterops/PCGExternalDataInterop/PCGExternalDataInterop.uplugin" 34
"../../../Engine/Plugins/Performance/PerformanceMonitor/PerformanceMonitor.uplugin" 35
"../../../Engine/Plugins/Runtime/ActorLayerUtilities/ActorLayerUtilities.uplugin" 36
"../../../Engine/Plugins/Protocols/MQTT/MQTT.uplugin" 37
"../../../Engine/Plugins/Runtime/AndroidFileServer/AndroidFileServer.uplugin" 38
"../../../Engine/Plugins/Runtime/ADM/ADM.uplugin" 39
"../../../Engine/Plugins/Runtime/AndroidPermission/AndroidPermission.uplugin" 40
"../../../Engine/Plugins/Runtime/AndroidBackgroundService/AndroidBackgroundService.uplugin" 41
"../../../Engine/Plugins/Runtime/AndroidMoviePlayer/AndroidMoviePlayer.uplugin" 42
"../../../Engine/Plugins/Runtime/AnimationBudgetAllocator/AnimationBudgetAllocator.uplugin" 43
"../../../Engine/Plugins/Runtime/ApexDestruction/ApexDestruction.uplugin" 44
"../../../Engine/Plugins/Runtime/AppleImageUtils/AppleImageUtils.uplugin" 45
"../../../Engine/Plugins/Runtime/AppleMoviePlayer/AppleMoviePlayer.uplugin" 46
"../../../Engine/Plugins/Runtime/ArchVisCharacter/ArchVisCharacter.uplugin" 47
"../../../Engine/Plugins/Runtime/AudioCapture/AudioCapture.uplugin" 48
"../../../Engine/Plugins/Runtime/AudioModulation/AudioModulation.uplugin" 49
"../../../Engine/Plugins/Runtime/AssetTags/AssetTags.uplugin" 50
"../../../Engine/Plugins/Runtime/AudioSynesthesia/AudioSynesthesia.uplugin" 51
"../../../Engine/Plugins/Runtime/AudioWidgets/AudioWidgets.uplugin" 52
"../../../Engine/Plugins/Runtime/CableComponent/CableComponent.uplugin" 53
"../../../Engine/Plugins/Runtime/ChunkDownloader/ChunkDownloader.uplugin" 54
"../../../Engine/Plugins/Runtime/CommonUI/CommonUI.uplugin" 55
"../../../Engine/Plugins/Runtime/AndroidDeviceProfileSelector/AndroidDeviceProfileSelector.uplugin" 56
"../../../Engine/Plugins/Runtime/CustomMeshComponent/CustomMeshComponent.uplugin" 57
"../../../Engine/Plugins/Runtime/DataRegistry/DataRegistry.uplugin" 58
"../../../Engine/Plugins/Runtime/ExampleDeviceProfileSelector/ExampleDeviceProfileSelector.uplugin" 59
"../../../Engine/Plugins/Runtime/Firebase/Firebase.uplugin" 60
"../../../Engine/Plugins/Runtime/GameFeatures/GameFeatures.uplugin" 61
"../../../Engine/Plugins/Runtime/ComputeFramework/ComputeFramework.uplugin" 62
"../../../Engine/Plugins/Runtime/GameplayAbilities/GameplayAbilities.uplugin" 63
"../../../Engine/Plugins/Runtime/AudioMotorSim/AudioMotorSim.uplugin" 64
"../../../Engine/Plugins/Runtime/GameplayInteractions/GameplayInteractions.uplugin" 65
"../../../Engine/Plugins/Runtime/GameplayBehaviorSmartObjects/GameplayBehaviorSmartObjects.uplugin" 66
"../../../Engine/Plugins/Runtime/GameplayStateTree/GameplayStateTree.uplugin" 67
"../../../Engine/Plugins/Runtime/GeometryCache/GeometryCache.uplugin" 68
"../../../Engine/Plugins/Runtime/GeometryScripting/GeometryScripting.uplugin" 69
"../../../Engine/Plugins/Runtime/GeometryProcessing/GeometryProcessing.uplugin" 70
"../../../Engine/Plugins/Runtime/GeoReferencing/GeoReferencing.uplugin" 71
"../../../Engine/Plugins/Runtime/GooglePAD/GooglePAD.uplugin" 72
"../../../Engine/Plugins/Runtime/HairStrands/HairStrands.uplugin" 73
"../../../Engine/Plugins/Runtime/GameInput/GameInput.uplugin" 74
"../../../Engine/Plugins/Runtime/GoogleCloudMessaging/GoogleCloudMessaging.uplugin" 75
"../../../Engine/Plugins/Runtime/HTTPChunkInstaller/HTTPChunkInstaller.uplugin" 76
"../../../Engine/Plugins/Runtime/HDRIBackdrop/HDRIBackdrop.uplugin" 77
"../../../Engine/Plugins/Runtime/Harmonix/Harmonix.uplugin" 78
"../../../Engine/Plugins/Runtime/InputDebugging/InputDebugging.uplugin" 79
"../../../Engine/Plugins/Runtime/IOSDeviceProfileSelector/IOSDeviceProfileSelector.uplugin" 80
"../../../Engine/Plugins/Runtime/LinuxDeviceProfileSelector/LinuxDeviceProfileSelector.uplugin" 81
"../../../Engine/Plugins/Runtime/InstancedActors/InstancedActors.uplugin" 82
"../../../Engine/Plugins/Runtime/IOSReplayKit/IOSReplayKit.uplugin" 83
"../../../Engine/Plugins/Runtime/LevelStreamingPersistence/LevelStreamingPersistence.uplugin" 84
"../../../Engine/Plugins/Runtime/LiveLinkOvernDisplay/LiveLinkOverNDisplay.uplugin" 85
"../../../Engine/Plugins/Runtime/HPMotionController/HPMotionController.uplugin" 86
"../../../Engine/Plugins/Runtime/LocationServicesAndroidImpl/LocationServicesAndroidImpl.uplugin" 87
"../../../Engine/Plugins/Runtime/LocationServicesIOSImpl/LocationServicesIOSImpl.uplugin" 88
"../../../Engine/Plugins/Runtime/LocationServicesBPLibrary/LocationServicesBPLibrary.uplugin" 89
"../../../Engine/Plugins/Runtime/MassEntity/MassEntity.uplugin" 90
"../../../Engine/Plugins/Runtime/MassGameplay/MassGameplay.uplugin" 91
"../../../Engine/Plugins/Runtime/MeshModelingToolset/MeshModelingToolset.uplugin" 92
"../../../Engine/Plugins/Runtime/Metasound/Metasound.uplugin" 93
"../../../Engine/Plugins/Runtime/MixedRealityCaptureFramework/MixedRealityCaptureFramework.uplugin" 94
"../../../Engine/Plugins/Runtime/MIDIDevice/MIDIDevice.uplugin" 95
"../../../Engine/Plugins/Runtime/MobileFSR/MobileFSR.uplugin" 96
"../../../Engine/Plugins/Runtime/ModularGameplay/ModularGameplay.uplugin" 97
"../../../Engine/Plugins/Runtime/MsQuic/MsQuic.uplugin" 98
"../../../Engine/Plugins/Runtime/MultiServerReplication/MultiServerReplication.uplugin" 99
"../../../Engine/Plugins/Runtime/MicrosoftSpatialAudio/MicroSoftSpatialSound.uplugin" 100
"../../../Engine/Plugins/Runtime/MusicEnvironment/MusicEnvironment.uplugin" 101
"../../../Engine/Plugins/Runtime/NavCorridor/NavCorridor.uplugin" 102
"../../../Engine/Plugins/Runtime/ModelViewViewModel/ModelViewViewModel.uplugin" 103
"../../../Engine/Plugins/Runtime/nDisplay/nDisplay.uplugin" 104
"../../../Engine/Plugins/Runtime/NetworkPrediction/NetworkPrediction.uplugin" 105
"../../../Engine/Plugins/Runtime/MobilePatchingUtils/MobilePatchingUtils.uplugin" 106
"../../../Engine/Plugins/Runtime/NetworkPredictionExtras/NetworkPredictionExtras.uplugin" 107
"../../../Engine/Plugins/Runtime/OpenCV/OpenCV.uplugin" 108
"../../../Engine/Plugins/Runtime/OpenXR/OpenXR.uplugin" 109
"../../../Engine/Plugins/Runtime/nDisplayModularFeatures/nDisplayModularFeatures.uplugin" 110
"../../../Engine/Plugins/Runtime/OpenXRHandTracking/OpenXRHandTracking.uplugin" 111
"../../../Engine/Plugins/Runtime/OpenXREyeTracker/OpenXREyeTracker.uplugin" 112
"../../../Engine/Plugins/Runtime/OpenXRViveTracker/OpenXRViveTracker.uplugin" 113
"../../../Engine/Plugins/Runtime/OpenXRMsftHandInteraction/OpenXRMsftHandInteraction.uplugin" 114
"../../../Engine/Plugins/Runtime/NetworkPredictionInsights/NetworkPredictionInsights.uplugin" 115
"../../../Engine/Plugins/Runtime/OptionalMobileFeaturesBPLibrary/OptionalMobileFeaturesBPLibrary.uplugin" 116
"../../../Engine/Plugins/Runtime/OSC/OSC.uplugin" 117
"../../../Engine/Plugins/Runtime/PropertyAccess/PropertyAccessEditor.uplugin" 118
"../../../Engine/Plugins/Runtime/PreLoadScreenMoviePlayer/PreLoadScreenMoviePlayer.uplugin" 119
"../../../Engine/Plugins/Runtime/ProceduralMeshComponent/ProceduralMeshComponent.uplugin" 120
"../../../Engine/Plugins/Runtime/PropertyBindingUtils/PropertyBindingUtils.uplugin" 121
"../../../Engine/Plugins/Runtime/ReplicationGraph/ReplicationGraph.uplugin" 122
"../../../Engine/Plugins/Runtime/RenderTrace/RenderTrace.uplugin" 123
"../../../Engine/Plugins/Runtime/ResonanceAudio/ResonanceAudio.uplugin" 124
"../../../Engine/Plugins/Runtime/RigVM/RigVM.uplugin" 125
"../../../Engine/Plugins/Runtime/ReplicationSystemTestPlugin/ReplicationSystemTestPlugin.uplugin" 126
"../../../Engine/Plugins/Runtime/ScriptableToolsFramework/ScriptableToolsFramework.uplugin" 127
"../../../Engine/Plugins/Runtime/SignificanceManager/SignificanceManager.uplugin" 128
"../../../Engine/Plugins/Runtime/SoundFields/SoundFields.uplugin" 129
"../../../Engine/Plugins/Runtime/SoundCueTemplates/SoundCueTemplates.uplugin" 130
"../../../Engine/Plugins/Runtime/SmartObjects/SmartObjects.uplugin" 131
"../../../Engine/Plugins/Runtime/SkeletalMerging/SkeletalMerging.uplugin" 132
"../../../Engine/Plugins/Runtime/Soundscape/Soundscape.uplugin" 133
"../../../Engine/Plugins/Runtime/SoundUtilities/SoundUtilities.uplugin" 134
"../../../Engine/Plugins/Runtime/SunPosition/SunPosition.uplugin" 135
"../../../Engine/Plugins/Runtime/StateTree/StateTree.uplugin" 136
"../../../Engine/Plugins/Runtime/SoundMod/SoundMod.uplugin" 137
"../../../Engine/Plugins/Runtime/Synthesis/Synthesis.uplugin" 138
"../../../Engine/Plugins/Runtime/WarpUtils/WarpUtils.uplugin" 139
"../../../Engine/Plugins/Runtime/USDCore/USDCore.uplugin" 140
"../../../Engine/Plugins/Runtime/WaveTable/WaveTable.uplugin" 141
"../../../Engine/Plugins/Runtime/Spatialization/Spatialization.uplugin" 142
"../../../Engine/Plugins/Runtime/WebMMoviePlayer/WebMMoviePlayer.uplugin" 143
"../../../Engine/Plugins/Runtime/WebBrowserWidget/WebBrowserWidget.uplugin" 144
"../../../Engine/Plugins/Runtime/WindowsDeviceProfileSelector/WindowsDeviceProfileSelector.uplugin" 145
"../../../Engine/Plugins/Runtime/WindowsMoviePlayer/WindowsMoviePlayer.uplugin" 146
"../../../Engine/Plugins/Runtime/WorldConditions/WorldConditions.uplugin" 147
"../../../Engine/Plugins/Runtime/XRBase/XRBase.uplugin" 148
"../../../Engine/Plugins/Runtime/ZoneGraph/ZoneGraph.uplugin" 149
"../../../Engine/Plugins/VirtualProduction/ActorModifier/ActorModifier.uplugin" 150
"../../../Engine/Plugins/VirtualProduction/CameraCalibration/CameraCalibration.uplugin" 151
"../../../Engine/Plugins/VirtualProduction/CameraCalibrationCore/CameraCalibrationCore.uplugin" 152
"../../../Engine/Plugins/Runtime/ZoneGraphAnnotations/ZoneGraphAnnotations.uplugin" 153
"../../../Engine/Plugins/Runtime/WebBrowserNativeProxy/WebBrowserNativeProxy.uplugin" 154
"../../../Engine/Plugins/VirtualProduction/CameraCalibrationML/CameraCalibrationML.uplugin" 155
"../../../Engine/Plugins/VirtualProduction/CaptureData/CaptureData.uplugin" 156
"../../../Engine/Plugins/VirtualProduction/Avalanche/Avalanche.uplugin" 157
"../../../Engine/Plugins/VirtualProduction/ActorModifierCore/ActorModifierCore.uplugin" 158
"../../../Engine/Plugins/VirtualProduction/ClonerEffector/ClonerEffector.uplugin" 159
"../../../Engine/Plugins/VirtualProduction/CinematicAssemblyTools/CinematicAssemblyTools.uplugin" 160
"../../../Engine/Plugins/VirtualProduction/CustomDetailsView/CustomDetailsView.uplugin" 161
"../../../Engine/Plugins/VirtualProduction/EpicStageApp/EpicStageApp.uplugin" 162
"../../../Engine/Plugins/VirtualProduction/DynamicMaterial/DynamicMaterial.uplugin" 163
"../../../Engine/Plugins/VirtualProduction/GeometryMask/GeometryMask.uplugin" 164
"../../../Engine/Plugins/VirtualProduction/ICVFX/ICVFX.uplugin" 165
"../../../Engine/Plugins/VirtualProduction/LensComponent/LensComponent.uplugin" 166
"../../../Engine/Plugins/VirtualProduction/ICVFXTesting/ICVFXTesting.uplugin" 167
"../../../Engine/Plugins/VirtualProduction/DataCharts/DataCharts.uplugin" 168
"../../../Engine/Plugins/VirtualProduction/LiveLinkCamera/LiveLinkCamera.uplugin" 169
"../../../Engine/Plugins/VirtualProduction/LevelSnapshots/LevelSnapshots.uplugin" 170
"../../../Engine/Plugins/VirtualProduction/LiveLinkFreeD/LiveLinkFreeD.uplugin" 171
"../../../Engine/Plugins/VirtualProduction/LiveLinkInputDevice/LiveLinkInputDevice.uplugin" 172
"../../../Engine/Plugins/VirtualProduction/LiveLinkLens/LiveLinkLens.uplugin" 173
"../../../Engine/Plugins/VirtualProduction/CompositePlane/CompositePlane.uplugin" 174
"../../../Engine/Plugins/VirtualProduction/LiveLinkMasterLockit/LiveLinkMasterLockit.uplugin" 175
"../../../Engine/Plugins/VirtualProduction/LiveLinkOpenTrackIO/LiveLinkOpenTrackIO.uplugin" 176
"../../../Engine/Plugins/VirtualProduction/OperatorStack/OperatorStack.uplugin" 177
"../../../Engine/Plugins/VirtualProduction/LiveLinkXR/LiveLinkXR.uplugin" 178
"../../../Engine/Plugins/VirtualProduction/LiveLinkPrestonMDR/LiveLinkPrestonMDR.uplugin" 179
"../../../Engine/Plugins/VirtualProduction/PerformanceCaptureWorkflow/PerformanceCaptureWorkflow.uplugin" 180
"../../../Engine/Plugins/VirtualProduction/LiveLinkVRPN/LiveLinkVRPN.uplugin" 181
"../../../Engine/Plugins/VirtualProduction/PropertyAnimator/PropertyAnimator.uplugin" 182
"../../../Engine/Plugins/VirtualProduction/MultiUserTakes/MultiUserTakes.uplugin" 183
"../../../Engine/Plugins/VirtualProduction/RemoteControl/RemoteControl.uplugin" 184
"../../../Engine/Plugins/VirtualProduction/RemoteControlInterception/RemoteControlInterception.uplugin" 185
"../../../Engine/Plugins/VirtualProduction/RemoteControlProtocolDMX/RemoteControlProtocolDMX.uplugin" 186
"../../../Engine/Plugins/VirtualProduction/RemoteControlProtocolMIDI/RemoteControlProtocolMIDI.uplugin" 187
"../../../Engine/Plugins/VirtualProduction/RemoteControlProtocolOSC/RemoteControlProtocolOSC.uplugin" 188
"../../../Engine/Plugins/VirtualProduction/PropertyAnimatorCore/PropertyAnimatorCore.uplugin" 189
"../../../Engine/Plugins/VirtualProduction/RemoteControlWebInterface/RemoteControlWebInterface.uplugin" 190
"../../../Engine/Plugins/VirtualProduction/StageMonitoring/StageMonitoring.uplugin" 191
"../../../Engine/Plugins/VirtualProduction/SequencerPlaylists/SequencerPlaylists.uplugin" 192
"../../../Engine/Plugins/VirtualProduction/StormSyncAvalancheBridge/StormSyncAvalancheBridge.uplugin" 193
"../../../Engine/Plugins/VirtualProduction/Switchboard/Switchboard.uplugin" 194
"../../../Engine/Plugins/VirtualProduction/Takes/Takes.uplugin" 195
"../../../Engine/Plugins/VirtualProduction/TextureShare/TextureShare.uplugin" 196
"../../../Engine/Plugins/VirtualProduction/TimedDataMonitor/TimedDataMonitor.uplugin" 197
"../../../Engine/Plugins/VirtualProduction/VirtualScouting/VirtualScouting.uplugin" 198
"../../../Engine/Plugins/Web/HttpBlueprint/HttpBlueprint.uplugin" 199
"../../../Engine/Plugins/VirtualProduction/VirtualCameraCore/VirtualCameraCore.uplugin" 200
"../../../Engine/Plugins/AI/AISupport/AISupport.uplugin" 201
"../../../Engine/Plugins/2D/Paper2D/Paper2D.uplugin" 202
"../../../Engine/Plugins/AI/EnvironmentQueryEditor/EnvironmentQueryEditor.uplugin" 203
"../../../Engine/Plugins/VirtualProduction/VirtualCamera/VirtualCamera.uplugin" 204
"../../../Engine/Plugins/AI/MassAI/MassAI.uplugin" 205
"../../../Engine/Plugins/AI/MassCrowd/MassCrowd.uplugin" 206
"../../../Engine/Plugins/AI/MLAdapter/MLAdapter.uplugin" 207
"../../../Engine/Plugins/Animation/AnimationData/AnimationData.uplugin" 208
"../../../Engine/Plugins/AI/HTNPlanner/HTNPlanner.uplugin" 209
"../../../Engine/Plugins/VirtualProduction/StormSync/StormSync.uplugin" 210
"../../../Engine/Plugins/Animation/AnimationModifierLibrary/AnimationModifierLibrary.uplugin" 211
"../../../Engine/Plugins/Animation/AnimationLocomotionLibrary/AnimationLocomotionLibrary.uplugin" 212
"../../../Engine/Plugins/Animation/AnimatorKit/AnimatorKit.uplugin" 213
"../../../Engine/Plugins/Animation/BlendSpaceMotionAnalysis/BlendSpaceMotionAnalysis.uplugin" 214
"../../../Engine/Plugins/Animation/BlendStack/BlendStack.uplugin" 215
"../../../Engine/Plugins/Animation/AnimationWarping/AnimationWarping.uplugin" 216
"../../../Engine/Plugins/Animation/ControlRigModules/ControlRigModules.uplugin" 217
"../../../Engine/Plugins/Animation/ControlRigSpline/ControlRigSpline.uplugin" 218
"../../../Engine/Plugins/Animation/DeformerGraph/DeformerGraph.uplugin" 219
"../../../Engine/Plugins/Animation/DNACalib/DNACalib.uplugin" 220
"../../../Engine/Plugins/Animation/ControlRig/ControlRig.uplugin" 221
"../../../Engine/Plugins/Animation/ACLPlugin/ACLPlugin.uplugin" 222
"../../../Engine/Plugins/Animation/GameplayInsights/GameplayInsights.uplugin" 223
"../../../Engine/Plugins/Animation/GeneSplicer/GeneSplicer.uplugin" 224
"../../../Engine/Plugins/Animation/IKRig/IKRig.uplugin" 225
"../../../Engine/Plugins/Animation/LiveLink/LiveLink.uplugin" 226
"../../../Engine/Plugins/Animation/LiveLinkCurveDebugUI/LiveLinkCurveDebugUI.uplugin" 227
"../../../Engine/Plugins/Animation/LiveLinkDevice/LiveLinkDevice.uplugin" 228
"../../../Engine/Plugins/Animation/LiveLinkExampleDevice/LiveLinkExampleDevice.uplugin" 229
"../../../Engine/Plugins/Animation/LiveLinkHub/LiveLinkHub.uplugin" 230
"../../../Engine/Plugins/Animation/MotionWarping/MotionWarping.uplugin" 231
"../../../Engine/Plugins/Animation/TweeningUtils/TweeningUtils.uplugin" 232
"../../../Engine/Plugins/Animation/PerformanceCaptureCore/PerformanceCaptureCore.uplugin" 233
"../../../Engine/Plugins/Cameras/GameplayCameras/GameplayCameras.uplugin" 234
"../../../Engine/Plugins/Compositing/LensDistortion/LensDistortion.uplugin" 235
"../../../Engine/Plugins/Cameras/EngineCameras/EngineCameras.uplugin" 236
"../../../Engine/Plugins/Compositing/OpenColorIO/OpenColorIO.uplugin" 237
"../../../Engine/Plugins/Animation/SkeletalMeshModelingTools/SkeletalMeshModelingTools.uplugin" 238
"../../../Engine/Plugins/Animation/PoseSearch/PoseSearch.uplugin" 239
"../../../Engine/Plugins/Animation/RigLogic/RigLogic.uplugin" 240
"../../../Engine/Plugins/Compositing/Composure/Composure.uplugin" 241
"../../../Engine/Plugins/Compression/OodleNetwork/OodleNetwork.uplugin" 242
"../../../Engine/Plugins/Compositing/OpenCVLensDistortion/OpenCVLensDistortion.uplugin" 243
"../../../Engine/Plugins/Developer/BlankPlugin/BlankPlugin.uplugin" 244
"../../../Engine/Plugins/Developer/AnimationSharing/AnimationSharing.uplugin" 245
"../../../Engine/Plugins/Developer/CLionSourceCodeAccess/CLionSourceCodeAccess.uplugin" 246
"../../../Engine/Plugins/Developer/DirectoryPlaceholder/DirectoryPlaceholder.uplugin" 247
"../../../Engine/Plugins/Developer/DumpGPUServices/DumpGPUServices.uplugin" 248
"../../../Engine/Plugins/Developer/FieldNotificationTrace/FieldNotificationTrace.uplugin" 249
"../../../Engine/Plugins/Developer/CodeLiteSourceCodeAccess/CodeLiteSourceCodeAccess.uplugin" 250
"../../../Engine/Plugins/Developer/KDevelopSourceCodeAccess/KDevelopSourceCodeAccess.uplugin" 251
"../../../Engine/Plugins/Developer/NullSourceCodeAccess/NullSourceCodeAccess.uplugin" 252
"../../../Engine/Plugins/Developer/NamingTokens/NamingTokens.uplugin" 253
"../../../Engine/Plugins/Cameras/CameraShakePreviewer/CameraShakePreviewer.uplugin" 254
"../../../Engine/Plugins/Developer/PlasticSourceControl/PlasticSourceControl.uplugin" 255
"../../../Engine/Plugins/Developer/PerforceSourceControl/PerforceSourceControl.uplugin" 256
"../../../Engine/Plugins/Developer/N10XSourceCodeAccess/N10XSourceCodeAccess.uplugin" 257
"../../../Engine/Plugins/Developer/OneSkyLocalizationService/OneSkyLocalizationService.uplugin" 258
"../../../Engine/Plugins/Developer/PropertyAccessNode/PropertyAccessNode.uplugin" 259
"../../../Engine/Plugins/Developer/PluginUtils/PluginUtils.uplugin" 260
"../../../Engine/Plugins/Developer/ProjectLauncher/ProjectLauncher.uplugin" 261
"../../../Engine/Plugins/Developer/GitSourceControl/GitSourceControl.uplugin" 262
"../../../Engine/Plugins/Developer/PixWinPlugin/PixWinPlugin.uplugin" 263
"../../../Engine/Plugins/Developer/RenderDocPlugin/RenderDocPlugin.uplugin" 264
"../../../Engine/Plugins/Developer/RiderSourceCodeAccess/RiderSourceCodeAccess.uplugin" 265
"../../../Engine/Plugins/Developer/TraceDataFiltering/TraceDataFilters.uplugin" 266
"../../../Engine/Plugins/Developer/TextureFormatOodle/TextureFormatOodle.uplugin" 267
"../../../Engine/Plugins/Developer/UObjectPlugin/UObjectPlugin.uplugin" 268
"../../../Engine/Plugins/Developer/VisualStudioCodeSourceCodeAccess/VisualStudioCodeSourceCodeAccess.uplugin" 269
"../../../Engine/Plugins/Developer/SubversionSourceControl/SubversionSourceControl.uplugin" 270
"../../../Engine/Plugins/Developer/TraceSourceFiltering/TraceSourceFilters.uplugin" 271
"../../../Engine/Plugins/Developer/XcodeGPUDebuggerPlugin/XcodeGPUDebuggerPlugin.uplugin" 272
"../../../Engine/Plugins/Editor/AssetManagerEditor/AssetManagerEditor.uplugin" 273
"../../../Engine/Plugins/Editor/AssetReferenceRestrictions/AssetReferenceRestrictions.uplugin" 274
"../../../Engine/Plugins/Developer/VisualStudioSourceCodeAccess/VisualStudioSourceCodeAccess.uplugin" 275
"../../../Engine/Plugins/Editor/AssetRegistryExport/AssetRegistryExport.uplugin" 276
"../../../Engine/Plugins/Editor/BlueprintHeaderView/BlueprintHeaderView.uplugin" 277
"../../../Engine/Plugins/Developer/XCodeSourceCodeAccess/XCodeSourceCodeAccess.uplugin" 278
"../../../Engine/Plugins/Editor/AssetSearch/AssetSearch.uplugin" 279
"../../../Engine/Plugins/Editor/ChangelistReview/ChangelistReview.uplugin" 280
"../../../Engine/Plugins/Editor/ConsoleVariablesEditor/ConsoleVariables.uplugin" 281
"../../../Engine/Plugins/Editor/ColorGrading/ColorGrading.uplugin" 282
"../../../Engine/Plugins/Editor/CryptoKeys/CryptoKeys.uplugin" 283
"../../../Engine/Plugins/Editor/DataValidation/DataValidation.uplugin" 284
"../../../Engine/Plugins/Editor/CurveEditorTools/CurveEditorTools.uplugin" 285
"../../../Engine/Plugins/Editor/EditorDebugTools/EditorDebugTools.uplugin" 286
"../../../Engine/Plugins/Editor/DisplayClusterLaunch/DisplayClusterLaunch.uplugin" 287
"../../../Engine/Plugins/Editor/EditorSysConfigAssistant/EditorSysConfigAssistant.uplugin" 288
"../../../Engine/Plugins/Editor/EditorScriptingUtilities/EditorScriptingUtilities.uplugin" 289
"../../../Engine/Plugins/Editor/EngineAssetDefinitions/EngineAssetDefinitions.uplugin" 290
"../../../Engine/Plugins/Editor/GameplayTagsEditor/GameplayTagsEditor.uplugin" 291
"../../../Engine/Plugins/Editor/GuidedTutorials/GuidedTutorials.uplugin" 292
"../../../Engine/Plugins/Editor/BlueprintMaterialTextureNodes/BlueprintMaterialTextureNodes.uplugin" 293
"../../../Engine/Plugins/Editor/MacGraphicsSwitching/MacGraphicsSwitching.uplugin" 294
"../../../Engine/Plugins/Editor/MaterialAnalyzer/MaterialAnalyzer.uplugin" 295
"../../../Engine/Plugins/Editor/FacialAnimation/FacialAnimation.uplugin" 296
"../../../Engine/Plugins/Editor/LiveUpdateForSlate/LiveUpdateForSlate.uplugin" 297
"../../../Engine/Plugins/Editor/MeshLODToolset/MeshLODToolset.uplugin" 298
"../../../Engine/Plugins/Editor/ModelViewViewModelPreview/ModelViewViewModelPreview.uplugin" 299
"../../../Engine/Plugins/Editor/MakeCookedEditorAsDLC/MakeCookedEditorAsDLC.uplugin" 300
"../../../Engine/Plugins/Editor/ModelingToolsEditorMode/ModelingToolsEditorMode.uplugin" 301
"../../../Engine/Plugins/Editor/MobileLauncherProfileWizard/MobileLauncherProfileWizard.uplugin" 302
"../../../Engine/Plugins/Editor/PluginBrowser/PluginBrowser.uplugin" 303
"../../../Engine/Plugins/Editor/ProxyLODPlugin/ProxyLODPlugin.uplugin" 304
"../../../Engine/Plugins/Editor/SampleToolsEditorMode/SampleToolsEditorMode.uplugin" 305
"../../../Engine/Plugins/Editor/SequencerAnimTools/SequencerAnimTools.uplugin" 306
"../../../Engine/Plugins/Editor/StylusInput/StylusInput.uplugin" 307
"../../../Engine/Plugins/Editor/SpeedTreeImporter/SpeedTreeImporter.uplugin" 308
"../../../Engine/Plugins/Editor/ScriptableToolsEditorMode/ScriptableToolsEditorMode.uplugin" 309
"../../../Engine/Plugins/Editor/UVEditor/UVEditor.uplugin" 310
"../../../Engine/Plugins/Editor/WaveformEditor/WaveformEditor.uplugin" 311
"../../../Engine/Plugins/Editor/UMGWidgetPreview/UMGWidgetPreview.uplugin" 312
"../../../Engine/Plugins/Editor/WorldPartitionHLODUtilities/WorldPartitionHLODUtilities.uplugin" 313
"../../../Engine/Plugins/Enterprise/AxFImporter/AxFImporter.uplugin" 314
"../../../Engine/Plugins/Enterprise/DataprepEditor/DataprepEditor.uplugin" 315
"../../../Engine/Plugins/Editor/StaticMeshEditorModeling/StaticMeshEditorModeling.uplugin" 316
"../../../Engine/Plugins/Enterprise/DatasmithFBXImporter/DatasmithFBXImporter.uplugin" 317
"../../../Engine/Plugins/Enterprise/DatasmithContent/DatasmithContent.uplugin" 318
"../../../Engine/Plugins/Enterprise/LidarPointCloud/LidarPointCloud.uplugin" 319
"../../../Engine/Plugins/Enterprise/DatasmithCADImporter/DatasmithCADImporter.uplugin" 320
"../../../Engine/Plugins/Editor/GeometryMode/GeometryMode.uplugin" 321
"../../../Engine/Plugins/Enterprise/DatasmithImporter/DatasmithImporter.uplugin" 322
"../../../Engine/Plugins/Enterprise/MDLImporter/MDLImporter.uplugin" 323
"../../../Engine/Plugins/Enterprise/VariantManager/VariantManager.uplugin" 324
"../../../Engine/Plugins/Experimental/AbilitySystemGameFeatureActions/AbilitySystemGameFeatureActions.uplugin" 325
"../../../Engine/Plugins/Enterprise/VariantManagerContent/VariantManagerContent.uplugin" 326
"../../../Engine/Plugins/Enterprise/DatasmithC4DImporter/DatasmithC4DImporter.uplugin" 327
"../../../Engine/Plugins/Experimental/ActorPalette/ActorPalette.uplugin" 328
"../../../Engine/Plugins/Experimental/AdvancedRenamer/AdvancedRenamer.uplugin" 329
"../../../Engine/Plugins/Experimental/AnimNext/AnimNext.uplugin" 330
"../../../Engine/Plugins/Enterprise/GLTFExporter/GLTFExporter.uplugin" 331
"../../../Engine/Plugins/Experimental/AnimNextChooser/AnimNextChooser.uplugin" 332
"../../../Engine/Plugins/Experimental/AnimNextPoseSearch/AnimNextPoseSearch.uplugin" 333
"../../../Engine/Plugins/Experimental/AnimNextControlRig/AnimNextControlRig.uplugin" 334
"../../../Engine/Plugins/Experimental/AnimNextAnimGraph/AnimNextAnimGraph.uplugin" 335
"../../../Engine/Plugins/Experimental/AnimToTexture/AnimToTexture.uplugin" 336
"../../../Engine/Plugins/Experimental/AutomationUtils/AutomationUtils.uplugin" 337
"../../../Engine/Plugins/Experimental/AsyncMessageSystemTests/AsyncMessageSystemTests.uplugin" 338
"../../../Engine/Plugins/Experimental/AvalancheDataLink/AvalancheDataLink.uplugin" 339
"../../../Engine/Plugins/Experimental/AvalancheDisplayCluster/AvalancheDisplayCluster.uplugin" 340
"../../../Engine/Plugins/Experimental/BackChannel/BackChannel.uplugin" 341
"../../../Engine/Plugins/Experimental/AvalancheSceneState/AvalancheSceneState.uplugin" 342
"../../../Engine/Plugins/Experimental/BlueprintStats/BlueprintStats.uplugin" 343
"../../../Engine/Plugins/Experimental/BlueprintSnapNodes/BlueprintSnapNodes.uplugin" 344
"../../../Engine/Plugins/Experimental/Buoyancy/Buoyancy.uplugin" 345
"../../../Engine/Plugins/Experimental/CelestialVault/CelestialVault.uplugin" 346
"../../../Engine/Plugins/Experimental/AvalancheSequenceNavigator/AvalancheSequenceNavigator.uplugin" 347
"../../../Engine/Plugins/Experimental/ChaosCaching/ChaosCaching.uplugin" 348
"../../../Engine/Plugins/Experimental/ChaosCachingUSD/ChaosCachingUSD.uplugin" 349
"../../../Engine/Plugins/Experimental/ChaosClothEditor/ChaosClothEditor.uplugin" 350
"../../../Engine/Plugins/Experimental/ChaosFlesh/ChaosFlesh.uplugin" 351
"../../../Engine/Plugins/Experimental/AnimNextStateTree/AnimNextStateTree.uplugin" 352
"../../../Engine/Plugins/Experimental/ChaosModularVehicle/ChaosModularVehicle.uplugin" 353
"../../../Engine/Plugins/Experimental/ChaosNiagara/ChaosNiagara.uplugin" 354
"../../../Engine/Plugins/Experimental/ChaosModularVehicleExamples/ChaosModularVehicleExamples.uplugin" 355
"../../../Engine/Plugins/Experimental/ChaosMover/ChaosMover.uplugin" 356
"../../../Engine/Plugins/Experimental/ChaosOutfitAsset/ChaosOutfitAsset.uplugin" 357
"../../../Engine/Plugins/Experimental/ChaosSolverPlugin/ChaosSolverPlugin.uplugin" 358
"../../../Engine/Plugins/Experimental/ChaosUserDataPT/ChaosUserDataPT.uplugin" 359
"../../../Engine/Plugins/Experimental/ChaosVehiclesPlugin/ChaosVehiclesPlugin.uplugin" 360
"../../../Engine/Plugins/Experimental/CharacterAI/CharacterAI.uplugin" 361
"../../../Engine/Plugins/Experimental/CineCameraRigs/CineCameraRigs.uplugin" 362
"../../../Engine/Plugins/Experimental/AnimNextWarping/AnimNextWarping.uplugin" 363
"../../../Engine/Plugins/Experimental/CinematicPrestreaming/CinematicPrestreaming.uplugin" 364
"../../../Engine/Plugins/Experimental/CineCameraSceneCapture/CineCameraSceneCapture.uplugin" 365
"../../../Engine/Plugins/Experimental/CodeEditor/CodeEditor.uplugin" 366
"../../../Engine/Plugins/Experimental/CodeView/CodeView.uplugin" 367
"../../../Engine/Plugins/Experimental/ControlFlows/ControlFlows.uplugin" 368
"../../../Engine/Plugins/Experimental/CommonConversation/CommonConversation.uplugin" 369
"../../../Engine/Plugins/Experimental/DataLinkOAuth/DataLinkOAuth.uplugin" 370
"../../../Engine/Plugins/Experimental/DataLink/DataLink.uplugin" 371
"../../../Engine/Plugins/Experimental/DaySequence/DaySequence.uplugin" 372
"../../../Engine/Plugins/Experimental/AsyncMessageSystem/AsyncMessageSystem.uplugin" 373
"../../../Engine/Plugins/Experimental/ChaosEditor/ChaosEditor.uplugin" 374
"../../../Engine/Plugins/Experimental/Dataflow/Dataflow.uplugin" 375
"../../../Engine/Plugins/Experimental/DynamicMaterialMediaStreamBridge/DynamicMaterialMediaStreamBridge.uplugin" 376
"../../../Engine/Plugins/Experimental/ColorCorrectRegions/ColorCorrectRegions.uplugin" 377
"../../../Engine/Plugins/Experimental/EditorPerformance/EditorPerformance.uplugin" 378
"../../../Engine/Plugins/Experimental/EditorTelemetry/EditorTelemetry.uplugin" 379
"../../../Engine/Plugins/Experimental/EditorDataStorageFeatures/EditorDataStorageFeatures.uplugin" 380
"../../../Engine/Plugins/Experimental/EditorDataStorage/EditorDataStorage.uplugin" 381
"../../../Engine/Plugins/Experimental/DefaultInstallBundleManager/DefaultInstallBundleManager.uplugin" 382
"../../../Engine/Plugins/Experimental/EvaluationNotifies/EvaluationNotifies.uplugin" 383
"../../../Engine/Plugins/Experimental/FastGeoStreaming/FastGeoStreaming.uplugin" 384
"../../../Engine/Plugins/Experimental/FieldSystemPlugin/FieldSystemPlugin.uplugin" 385
"../../../Engine/Plugins/Experimental/Fracture/Fracture.uplugin" 386
"../../../Engine/Plugins/Experimental/GameInputWindows/GameInputWindows.uplugin" 387
"../../../Engine/Plugins/Experimental/FullBodyIK/FullBodyIK.uplugin" 388
"../../../Engine/Plugins/Experimental/FloatingProperties/FloatingProperties.uplugin" 389
"../../../Engine/Plugins/Experimental/GameplayGraph/GameplayGraph.uplugin" 390
"../../../Engine/Plugins/Experimental/Gauntlet/Gauntlet.uplugin" 391
"../../../Engine/Plugins/Experimental/GeometryCacheAbcFile/GeometryCacheAbcFile.uplugin" 392
"../../../Engine/Plugins/Experimental/GameplayBehaviors/GameplayBehaviors.uplugin" 393
"../../../Engine/Plugins/Experimental/GeometryCacheLevelSequenceBaker/GeometryCacheLevelSequenceBaker.uplugin" 394
"../../../Engine/Plugins/Experimental/GeometryCollectionPlugin/GeometryCollectionPlugin.uplugin" 395
"../../../Engine/Plugins/Experimental/GeometryDataflow/GeometryDataflow.uplugin" 396
"../../../Engine/Plugins/Experimental/GizmoEdMode/GizmoEdMode.uplugin" 397
"../../../Engine/Plugins/Experimental/GeometryFlow/GeometryFlow.uplugin" 398
"../../../Engine/Plugins/Experimental/GizmoFramework/GizmoFramework.uplugin" 399
"../../../Engine/Plugins/Experimental/GPULightmass/GPULightmass.uplugin" 400
"../../../Engine/Plugins/Experimental/GameplayTargetingSystem/TargetingSystem.uplugin" 401
"../../../Engine/Plugins/Experimental/HairModelingToolset/HairModelingToolset.uplugin" 402
"../../../Engine/Plugins/Experimental/HairCardGenerator/HairCardGenerator.uplugin" 403
"../../../Engine/Plugins/Experimental/HairStrandsMutable/HairStrandsMutable.uplugin" 404
"../../../Engine/Plugins/Experimental/ImageWidgets/ImageWidgets.uplugin" 405
"../../../Engine/Plugins/Experimental/ImagePlate/ImagePlate.uplugin" 406
"../../../Engine/Plugins/Experimental/ImpostorBaker/ImpostorBaker.uplugin" 407
"../../../Engine/Plugins/Experimental/InlineMaterialInstance/InlineMaterialInstance.uplugin" 408
"../../../Engine/Plugins/Experimental/LandscapePatch/LandscapePatch.uplugin" 409
"../../../Engine/Plugins/Experimental/Landmass/Landmass.uplugin" 410
"../../../Engine/Plugins/Experimental/InteractionInterface/InteractionInterface.uplugin" 411
"../../../Engine/Plugins/Experimental/Iris/Iris.uplugin" 412
"../../../Engine/Plugins/Experimental/LiveLinkControlRig/LiveLinkControlRig.uplugin" 413
"../../../Engine/Plugins/Experimental/JWT/JWT.uplugin" 414
"../../../Engine/Plugins/Experimental/LiveLinkFaceImporter/LiveLinkFaceImporter.uplugin" 415
"../../../Engine/Plugins/Experimental/LevelSequenceNavigatorBridge/LevelSequenceNavigatorBridge.uplugin" 416
"../../../Engine/Plugins/Experimental/LearningAgents/LearningAgents.uplugin" 417
"../../../Engine/Plugins/Experimental/InstanceDataObjectFixupTool/InstanceDataObjectFixupTool.uplugin" 418
"../../../Engine/Plugins/Experimental/LiveLinkOpenVR/LiveLinkOpenVR.uplugin" 419
"../../../Engine/Plugins/Experimental/LocalizableMessage/LocalizableMessage.uplugin" 420
"../../../Engine/Plugins/Experimental/MediaStream/MediaStream.uplugin" 421
"../../../Engine/Plugins/Experimental/MediaViewer/MediaViewer.uplugin" 422
"../../../Engine/Plugins/Experimental/LowLevelNetTrace/LowLevelNetTrace.uplugin" 423
"../../../Engine/Plugins/Experimental/MeshModelingToolsetExp/MeshModelingToolsetExp.uplugin" 424
"../../../Engine/Plugins/Experimental/MLflow/MLflow.uplugin" 425
"../../../Engine/Plugins/Experimental/MeshResizing/MeshResizing.uplugin" 426
"../../../Engine/Plugins/Experimental/MetasoundExperimental/MetasoundExperimental.uplugin" 427
"../../../Engine/Plugins/Experimental/MotoSynth/MotoSynth.uplugin" 428
"../../../Engine/Plugins/Experimental/MoverAnimNext/MoverAnimNext.uplugin" 429
"../../../Engine/Plugins/Experimental/MotorSimOutputMotoSynth/MotorSimOutputMotoSynth.uplugin" 430
"../../../Engine/Plugins/Experimental/Mover/Mover.uplugin" 431
"../../../Engine/Plugins/Experimental/MoverIntegrations/MoverIntegrations.uplugin" 432
"../../../Engine/Plugins/Experimental/MoverExamples/MoverExamples.uplugin" 433
"../../../Engine/Plugins/Experimental/MoverTests/MoverTests.uplugin" 434
"../../../Engine/Plugins/Experimental/MovieScenePoseSearchTracks/MovieScenePoseSearchTracks.uplugin" 435
"../../../Engine/Plugins/Experimental/MutablePopulation/MutablePopulation.uplugin" 436
"../../../Engine/Plugins/Experimental/MutableClothing/MutableClothing.uplugin" 437
"../../../Engine/Plugins/Experimental/NeuralRendering/NeuralRendering.uplugin" 438
"../../../Engine/Plugins/Experimental/NNERuntimeBasicCpu/NNERuntimeBasicCpu.uplugin" 439
"../../../Engine/Plugins/Experimental/NNERuntimeCoreML/NNERuntimeCoreML.uplugin" 440
"../../../Engine/Plugins/Experimental/NNERuntimeRDG/NNERuntimeRDG.uplugin" 441
"../../../Engine/Plugins/Experimental/NFORDenoise/NFORDenoise.uplugin" 442
"../../../Engine/Plugins/Experimental/PCGBiomeCore/PCGBiomeCore.uplugin" 443
"../../../Engine/Plugins/Experimental/PanoramicCapture/PanoramicCapture.uplugin" 444
"../../../Engine/Plugins/Experimental/OptiXDenoise/OptiXDenoise.uplugin" 445
"../../../Engine/Plugins/Experimental/PhysicsControl/PhysicsControl.uplugin" 446
"../../../Engine/Plugins/Experimental/PlainPropsUObject/PlainPropsUObject.uplugin" 447
"../../../Engine/Plugins/Experimental/PlainProps/PlainProps.uplugin" 448
"../../../Engine/Plugins/Experimental/PlatformCrypto/PlatformCrypto.uplugin" 449
"../../../Engine/Plugins/Experimental/PixelStreamingPlayer/PixelStreamingPlayer.uplugin" 450
"../../../Engine/Plugins/Experimental/PluginAudit/PluginAudit.uplugin" 451
"../../../Engine/Plugins/Experimental/NaniteDisplacedMesh/NaniteDisplacedMesh.uplugin" 452
"../../../Engine/Plugins/Experimental/NNERuntimeIREE/NNERuntimeIREE.uplugin" 453
"../../../Engine/Plugins/Experimental/PluginReferenceViewer/PluginReferenceViewer.uplugin" 454
"../../../Engine/Plugins/Experimental/PluginTemplateTool/PluginTemplateTool.uplugin" 455
"../../../Engine/Plugins/Experimental/PlanarCutPlugin/PlanarCut.uplugin" 456
"../../../Engine/Plugins/Experimental/PostProcessMaterialChainGraph/PostProcessMaterialChainGraph.uplugin" 457
"../../../Engine/Plugins/Experimental/PythonFoundationPackages/PythonFoundationPackages.uplugin" 458
"../../../Engine/Plugins/Experimental/PythonScriptPlugin/PythonScriptPlugin.uplugin" 459
"../../../Engine/Plugins/Experimental/PSDImporterMaterialDesignerBridge/PSDImporterMaterialDesignerBridge.uplugin" 460
"../../../Engine/Plugins/Experimental/QuicMessaging/QuicMessaging.uplugin" 461
"../../../Engine/Plugins/Experimental/PCGBiomeSample/PCGBiomeSample.uplugin" 462
"../../../Engine/Plugins/Experimental/PSDImporter/PSDImporter.uplugin" 463
"../../../Engine/Plugins/Experimental/OpenImageDenoise/OpenImageDenoise.uplugin" 464
"../../../Engine/Plugins/Experimental/RawInput/RawInput.uplugin" 465
"../../../Engine/Plugins/Experimental/RazerChromaDevices/RazerChromaDevices.uplugin" 466
"../../../Engine/Plugins/Experimental/RenderGrid/RenderGrid.uplugin" 467
"../../../Engine/Plugins/Experimental/RemoteSession/RemoteSession.uplugin" 468
"../../../Engine/Plugins/Experimental/RigLogicAnimNext/RigLogicAnimNext.uplugin" 469
"../../../Engine/Plugins/Experimental/RuntimeTelemetry/RuntimeTelemetry.uplugin" 470
"../../../Engine/Plugins/Experimental/RigLogicMutable/RigLogicMutable.uplugin" 471
"../../../Engine/Plugins/Experimental/SceneState/SceneState.uplugin" 472
"../../../Engine/Plugins/Experimental/SerializationUtils/SerializationUtils.uplugin" 473
"../../../Engine/Plugins/Experimental/SecuritySandbox/SecuritySandbox.uplugin" 474
"../../../Engine/Plugins/Experimental/Shotgrid/Shotgrid.uplugin" 475
"../../../Engine/Plugins/Experimental/SequenceNavigator/SequenceNavigator.uplugin" 476
"../../../Engine/Plugins/Experimental/RemoteControlComponents/RemoteControlComponents.uplugin" 477
"../../../Engine/Plugins/Experimental/SlateIM/SlateIM.uplugin" 478
"../../../Engine/Plugins/Experimental/SkeletalReduction/SkeletalReduction.uplugin" 479
"../../../Engine/Plugins/Experimental/SlateModelViewViewModel/SlateModelViewViewModel.uplugin" 480
"../../../Engine/Plugins/Experimental/SimpleHMD/SimpleHMD.uplugin" 481
"../../../Engine/Plugins/Experimental/ScreenReader/ScreenReader.uplugin" 482
"../../../Engine/Plugins/Experimental/SlateScreenReader/SlateScreenReader.uplugin" 483
"../../../Engine/Plugins/Experimental/StateGraph/StateGraph.uplugin" 484
"../../../Engine/Plugins/Experimental/StructUtils/StructUtils.uplugin" 485
"../../../Engine/Plugins/Experimental/SpatialReadiness/SpatialReadiness.uplugin" 486
"../../../Engine/Plugins/Experimental/SurfaceEffects/SurfaceEffects.uplugin" 487
"../../../Engine/Plugins/Experimental/SubtitlesAndClosedCaptions/SubtitlesAndClosedCaptions.uplugin" 488
"../../../Engine/Plugins/Experimental/TargetDeviceServicesScripting/TargetDeviceServicesScripting.uplugin" 489
"../../../Engine/Plugins/Experimental/SubmitToolEditor/SubmitToolEditor.uplugin" 490
"../../../Engine/Plugins/Experimental/Text3D/Text3D.uplugin" 491
"../../../Engine/Plugins/Experimental/TextureMediaPlayer/TextureMediaPlayer.uplugin" 492
"../../../Engine/Plugins/Experimental/ToolPresets/ToolPresets.uplugin" 493
"../../../Engine/Plugins/Experimental/TetMeshing/TetMeshing.uplugin" 494
"../../../Engine/Plugins/Experimental/UIFramework/UIFramework.uplugin" 495
"../../../Engine/Plugins/Experimental/Tensorboard/Tensorboard.uplugin" 496
"../../../Engine/Plugins/Experimental/UserToolBoxCore/UserToolBoxCore.uplugin" 497
"../../../Engine/Plugins/Experimental/VirtualHeightfieldMesh/VirtualHeightfieldMesh.uplugin" 498
"../../../Engine/Plugins/Experimental/TechAudioTools/TechAudioTools.uplugin" 499
"../../../Engine/Plugins/Experimental/VirtualProductionUtilities/VirtualProductionUtilities.uplugin" 500
"../../../Engine/Plugins/Experimental/Volumetrics/Volumetrics.uplugin" 501
"../../../Engine/Plugins/Experimental/WaterAdvanced/WaterAdvanced.uplugin" 502
"../../../Engine/Plugins/Experimental/Water/Water.uplugin" 503
"../../../Engine/Plugins/Experimental/SVGImporter/SVGImporter.uplugin" 504
"../../../Engine/Plugins/Experimental/UserToolBoxBasicCommand/UserToolBoxBasicCommand.uplugin" 505
"../../../Engine/Plugins/Experimental/WebSocketMessaging/WebSocketMessaging.uplugin" 506
"../../../Engine/Plugins/Experimental/TextToSpeech/TextToSpeech.uplugin" 507
"../../../Engine/Plugins/Experimental/WebSocketNetworking/WebSocketNetworking.uplugin" 508
"../../../Engine/Plugins/Experimental/WaterExtras/WaterExtras.uplugin" 509
"../../../Engine/Plugins/Experimental/WidgetEditorToolPalette/WidgetEditorToolPalette.uplugin" 510
"../../../Engine/Plugins/Experimental/XRCreativeFramework/XRCreativeFramework.uplugin" 511
"../../../Engine/Plugins/Experimental/WaveFunctionCollapse/WaveFunctionCollapse.uplugin" 512
"../../../Engine/Plugins/FX/Niagara/Niagara.uplugin" 513
"../../../Engine/Plugins/FX/NiagaraFluids/NiagaraFluids.uplugin" 514
"../../../Engine/Plugins/FX/ExampleCustomDataInterface/ExampleCustomDataInterface.uplugin" 515
"../../../Engine/Plugins/FX/NiagaraSimCaching/NiagaraSimCaching.uplugin" 516
"../../../Engine/Plugins/FX/NiagaraMRQ/NiagaraMRQ.uplugin" 517
"../../../Engine/Plugins/Importers/AlembicHairImporter/AlembicHairImporter.uplugin" 518
"../../../Engine/Plugins/Importers/USDImporter/USDImporter.uplugin" 519
"../../../Engine/Plugins/Importers/AlembicImporter/AlembicImporter.uplugin" 520
"../../../Engine/Plugins/Importers/USDImporterMDL/USDImporterMDL.uplugin" 521
"../../../Engine/Plugins/FX/CascadeToNiagaraConverter/CascadeToNiagaraConverter.uplugin" 522
"../../../Engine/Plugins/Importers/USDMultiUser/USDMultiUser.uplugin" 523
"../../../Engine/Plugins/Interchange/Assets/InterchangeAssets.uplugin" 524
"../../../Engine/Plugins/Interchange/Editor/InterchangeEditor.uplugin" 525
"../../../Engine/Plugins/FX/Cascade/Cascade.uplugin" 526
"../../../Engine/Plugins/Media/AndroidCamera/AndroidCamera.uplugin" 527
"../../../Engine/Plugins/Interchange/Runtime/Interchange.uplugin" 528
"../../../Engine/Plugins/Media/AndroidMedia/AndroidMedia.uplugin" 529
"../../../Engine/Plugins/Experimental/MovieSceneAnimMixer/MovieSceneAnimMixer.uplugin" 530
"../../../Engine/Plugins/Media/AjaMedia/AjaMedia.uplugin" 531
"../../../Engine/Plugins/Media/AppleProResDecoderElectra/AppleProResDecoderElectra.uplugin" 532
"../../../Engine/Plugins/Media/AppleProResMedia/AppleProResMedia.uplugin" 533
"../../../Engine/Plugins/Media/AvidDNxHDDecoderElectra/AvidDNxHDDecoderElectra.uplugin" 534
"../../../Engine/Plugins/Media/AvidDNxMedia/AvidDNxMedia.uplugin" 535
"../../../Engine/Plugins/Media/AudioCaptureTimecodeProvider/AudioCaptureTimecodeProvider.uplugin" 536
"../../../Engine/Plugins/Media/BinkMedia/BinkMedia.uplugin" 537
"../../../Engine/Plugins/Media/BlackmagicMedia/BlackmagicMedia.uplugin" 538
"../../../Engine/Plugins/Experimental/Workspace/Workspace.uplugin" 539
"../../../Engine/Plugins/Media/AvfMedia/AvfMedia.uplugin" 540
"../../../Engine/Plugins/Media/ElectraSubtitles/ElectraSubtitles.uplugin" 541
"../../../Engine/Plugins/Media/D3D12VideoDecodersElectra/D3D12VideoDecodersElectra.uplugin" 542
"../../../Engine/Plugins/Media/HAPDecoderElectra/HAPDecoderElectra.uplugin" 543
"../../../Engine/Plugins/Media/ElectraCDM/ElectraCDM.uplugin" 544
"../../../Engine/Plugins/Media/ElectraCodecs/ElectraCodecs.uplugin" 545
"../../../Engine/Plugins/Media/ElectraUtil/ElectraUtil.uplugin" 546
"../../../Engine/Plugins/Media/HAPMedia/HAPMedia.uplugin" 547
"../../../Engine/Plugins/Media/LinearTimecode/LinearTimecode.uplugin" 548
"../../../Engine/Plugins/Media/HardwareEncoders/HardwareEncoders.uplugin" 549
"../../../Engine/Plugins/Media/ImgMedia/ImgMedia.uplugin" 550
"../../../Engine/Plugins/Media/MediaCompositing/MediaCompositing.uplugin" 551
"../../../Engine/Plugins/Media/FlacDecoderElectra/FlacDecoderElectra.uplugin" 552
"../../../Engine/Plugins/Media/MediaIOFramework/MediaIOFramework.uplugin" 553
"../../../Engine/Plugins/Media/MediaMovieStreamer/MediaMovieStreamer.uplugin" 554
"../../../Engine/Plugins/Media/MediaPlate/MediaPlate.uplugin" 555
"../../../Engine/Plugins/Media/MfMedia/MfMedia.uplugin" 556
"../../../Engine/Plugins/Media/NDIMedia/NDIMedia.uplugin" 557
"../../../Engine/Plugins/Media/ElectraPlayer/ElectraPlayer.uplugin" 558
"../../../Engine/Plugins/Media/MediaFrameworkUtilities/MediaFrameworkUtilities.uplugin" 559
"../../../Engine/Plugins/Media/MediaPlayerEditor/MediaPlayerEditor.uplugin" 560
"../../../Engine/Plugins/Media/PixelStreaming/PixelStreaming.uplugin" 561
"../../../Engine/Plugins/Media/PixelStreaming2/PixelStreaming2.uplugin" 562
"../../../Engine/Plugins/Media/PixelCapture/PixelCapture.uplugin" 563
"../../../Engine/Plugins/Media/TimecodeSynchronizer/TimecodeSynchronizer.uplugin" 564
"../../../Engine/Plugins/Media/VPxDecoderElectra/VPxDecoderElectra.uplugin" 565
"../../../Engine/Plugins/Media/WebMMedia/WebMMedia.uplugin" 566
"../../../Engine/Plugins/Messaging/MessagingDebugger/MessagingDebugger.uplugin" 567
"../../../Engine/Plugins/Media/WmfMedia/WmfMedia.uplugin" 568
"../../../Engine/Plugins/Messaging/TcpMessaging/TcpMessaging.uplugin" 569
"../../../Engine/Plugins/MetaHuman/MetaHumanCalibrationProcessing/MetaHumanCalibrationProcessing.uplugin" 570
"../../../Engine/Plugins/Media/OpusDecoderElectra/OpusDecoderElectra.uplugin" 571
"../../../Engine/Plugins/MetaHuman/MetaHumanCoreTechLib/MetaHumanCoreTech.uplugin" 572
"../../../Engine/Plugins/MetaHuman/MetaHumanAnimator/MetaHuman.uplugin" 573
"../../../Engine/Plugins/MetaHuman/MetaHumanCharacter/MetaHumanCharacter.uplugin" 574
"../../../Engine/Plugins/MetaHuman/MetaHumanSDK/MetaHumanSDK.uplugin" 575
"../../../Engine/Plugins/MetaHuman/MetaHumanLiveLink/MetaHumanLiveLink.uplugin" 576
"../../../Engine/Plugins/MovieScene/CustomizableSequencerTracks/CustomizableSequencerTracks.uplugin" 577
"../../../Engine/Plugins/MovieScene/ActorSequence/ActorSequence.uplugin" 578
"../../../Engine/Plugins/Messaging/UdpMessaging/UdpMessaging.uplugin" 579
"../../../Engine/Plugins/MovieScene/LevelSequenceEditor/LevelSequenceEditor.uplugin" 580
"../../../Engine/Plugins/MovieScene/MoviePipelineMaskRenderPass/MoviePipelineMaskRenderPass.uplugin" 581
"../../../Engine/Plugins/MovieScene/MovieRenderPipeline/MovieRenderPipeline.uplugin" 582
"../../../Engine/Plugins/MovieScene/ReplayTracks/ReplayTracks.uplugin" 583
"../../../Engine/Plugins/MovieScene/MovieSceneTextTrack/MovieSceneTextTrack.uplugin" 584
"../../../Engine/Plugins/MovieScene/SequencerScripting/SequencerScripting.uplugin" 585
"../../../Engine/Plugins/MovieScene/TemplateSequence/TemplateSequence.uplugin" 586
"../../../Engine/Plugins/NetcodeUnitTest/NetcodeUnitTest/NetcodeUnitTest.uplugin" 587
"../../../Engine/Plugins/NNE/NNEDenoiser/NNEDenoiser.uplugin" 588
"../../../Engine/Plugins/NetcodeUnitTest/NUTUnrealEngine/NUTUnrealEngine.uplugin" 589
"../../../Engine/Plugins/NNE/NNERuntimeORT/NNERuntimeORT.uplugin" 590
"../../../Engine/Plugins/Online/EOSOverlayInputProvider/EOSOverlayInputProvider.uplugin" 591
"../../../Engine/Plugins/Online/OnlineBase/OnlineBase.uplugin" 592
"../../../Engine/Plugins/Online/EOSShared/EOSShared.uplugin" 593
"../../../Engine/Plugins/Online/OnlineFramework/OnlineFramework.uplugin" 594
"../../../Engine/Plugins/Online/OnlineServices/OnlineServices.uplugin" 595
"../../../Engine/Plugins/Online/OnlineServicesEOSGS/OnlineServicesEOSGS.uplugin" 596
"../../../Engine/Plugins/Online/OnlineServicesEOS/OnlineServicesEOS.uplugin" 597
"../../../Engine/Plugins/Online/OnlineServicesEpicCommon/OnlineServicesEpicCommon.uplugin" 598
"../../../Engine/Plugins/Online/OnlineServicesNull/OnlineServicesNull.uplugin" 599
"../../../Engine/Plugins/Online/OnlineServicesOSSAdapter/OnlineServicesOSSAdapter.uplugin" 600
"../../../Engine/Plugins/Online/OnlineSubsystem/OnlineSubsystem.uplugin" 601
"../../../Engine/Plugins/Online/OnlineSubsystemApple/OnlineSubsystemApple.uplugin" 602
"../../../Engine/Plugins/Online/OnlineSubsystemAmazon/OnlineSubsystemAmazon.uplugin" 603
"../../../Engine/Plugins/Online/OnlineSubsystemFacebook/OnlineSubsystemFacebook.uplugin" 604
"../../../Engine/Plugins/Online/OnlineSubsystemEOS/OnlineSubsystemEOS.uplugin" 605
"../../../Engine/Plugins/Online/OnlineSubsystemTencent/OnlineSubsystemTencent.uplugin" 606
"../../../Engine/Plugins/Online/OnlineSubsystemGoogle/OnlineSubsystemGoogle.uplugin" 607
"../../../Engine/Plugins/Online/OnlineSubsystemSteam/OnlineSubsystemSteam.uplugin" 608
"../../../Engine/Plugins/Online/SocketSubsystemSteamIP/SocketSubsystemSteamIP.uplugin" 609
"../../../Engine/Plugins/Online/WebAuth/WebAuth.uplugin" 610
"../../../Engine/Plugins/Online/SocketSubsystemEOS/SocketSubsystemEOS.uplugin" 611
"../../../Engine/Plugins/Online/OnlineSubsystemUtils/OnlineSubsystemUtils.uplugin" 612
"../../../Engine/Plugins/Tests/CQTest/CQTest.uplugin" 613
"../../../Engine/Plugins/Slate/SlateInsights/SlateInsights.uplugin" 614
"../../../Engine/Plugins/Slate/SlateScripting/SlateScripting.uplugin" 615
"../../../Engine/Plugins/Portal/LauncherChunkInstaller/LauncherChunkInstaller.uplugin" 616
"../../../Engine/Plugins/Tests/FunctionalTestingEditor/FunctionalTestingEditor.uplugin" 617
"../../../Engine/Plugins/Tests/FbxAutomationTestBuilder/FbxAutomationTestBuilder.uplugin" 618
"../../../Engine/Plugins/Tests/AutomationDriverTests/AutomationDriverTests.uplugin" 619
"../../../Engine/Plugins/Tests/InterchangeTests/InterchangeTests.uplugin" 620
"../../../Engine/Plugins/Tests/PythonAutomationTest/PythonAutomationTest.uplugin" 621
"../../../Engine/Plugins/Tests/RHITests/RHITests.uplugin" 622
"../../../Engine/Plugins/Tests/EditorTests/EditorTests.uplugin" 623
"../../../Engine/Plugins/Tests/RuntimeTests/RuntimeTests.uplugin" 624
"../../../Engine/Plugins/Tests/TestFramework/TestFramework.uplugin" 625
"../../../Engine/Plugins/Tests/CQTestEnhancedInput/CQTestEnhancedInput.uplugin" 626
"../../../Engine/Plugins/Tests/TestSamples/TestSamples.uplugin" 627
"../../../Engine/Plugins/Online/OnlineSubsystemNull/OnlineSubsystemNull.uplugin" 628
"../../../Engine/Plugins/Tests/WidgetAutomationTests/WidgetAutomationTests.uplugin" 629
"../../../Engine/Plugins/Editor/ObjectMixer/LightMixer/LightMixer.uplugin" 630
"../../../Engine/Plugins/Editor/Localization/PortableObjectFileDataSource/PortableObjectFileDataSource.uplugin" 631
"../../../Engine/Plugins/Developer/Concert/ConcertMain/ConcertMain.uplugin" 632
"../../../Engine/Plugins/Editor/ObjectMixer/ObjectMixer/ObjectMixer.uplugin" 633
"../../../Engine/Plugins/Experimental/Animation/CurveExpression/CurveExpression.uplugin" 634
"../../../Engine/Plugins/Experimental/Animation/ContextualAnimation/ContextualAnimation.uplugin" 635
"../../../Engine/Plugins/Experimental/Animation/HierarchyTableAnimation/HierarchyTableAnimation.uplugin" 636
"../../../Engine/Plugins/Experimental/Animation/Locomotor/Locomotor.uplugin" 637
"../../../Engine/Plugins/Experimental/Animation/HierarchyTable/HierarchyTable.uplugin" 638
"../../../Engine/Plugins/Experimental/Animation/MotionTrajectory/MotionTrajectory.uplugin" 639
"../../../Engine/Plugins/Experimental/Animation/Optimus/Optimus.uplugin" 640
"../../../Engine/Plugins/Experimental/Animation/PackedAttributes/PackedAttributes.uplugin" 641
"../../../Engine/Plugins/Experimental/Animation/SkeletalMeshMorphTargetEditingTools/SkeletalMeshMorphTargetEditingTools.uplugin" 642
"../../../Engine/Plugins/Experimental/Animation/RigMapper/RigMapper.uplugin" 643
"../../../Engine/Plugins/Experimental/Animation/TrajectoryTools/TrajectoryTools.uplugin" 644
"../../../Engine/Plugins/Experimental/Animation/SkeletonTemplateFramework/SkeletonTemplateFramework.uplugin" 645
"../../../Engine/Plugins/Experimental/AVCodecs/AVCodecsCore/AVCodecsCore.uplugin" 646
"../../../Engine/Plugins/Experimental/AVCodecs/VTCodecs/VTCodecs.uplugin" 647
"../../../Engine/Plugins/Experimental/CharacterFXEditor/BaseCharacterFXEditor/BaseCharacterFXEditor.uplugin" 648
"../../../Engine/Plugins/Experimental/AVCodecs/WMFCodecs/WMFCodecs.uplugin" 649
"../../../Engine/Plugins/Experimental/Compositing/CompositeCore/CompositeCore.uplugin" 650
"../../../Engine/Plugins/Experimental/Enterprise/DataprepGeometryOperations/DataprepGeometryOperations.uplugin" 651
"../../../Engine/Plugins/Experimental/Compositing/HoldoutComposite/HoldoutComposite.uplugin" 652
"../../../Engine/Plugins/Experimental/Enterprise/DatasmithInterchange/DatasmithInterchange.uplugin" 653
"../../../Engine/Plugins/Experimental/CharacterFXEditor/ExampleCharacterFXEditor/ExampleCharacterFXEditor.uplugin" 654
"../../../Engine/Plugins/Experimental/Enterprise/DatasmithRuntime/DatasmithRuntime.uplugin" 655
"../../../Engine/Plugins/Experimental/AVCodecs/AMFCodecs/AMFCodecs.uplugin" 656
"../../../Engine/Plugins/Experimental/MetaHuman/MetaHumanRuntime/MetaHumanRuntime.uplugin" 657
"../../../Engine/Plugins/Experimental/PCGInterops/PCGInstancedActorsInterop/PCGInstancedActorsInterop.uplugin" 658
"../../../Engine/Plugins/Experimental/AVCodecs/LibVpxCodecs/LibVpxCodecs.uplugin" 659
"../../../Engine/Plugins/Experimental/PCGInterops/PCGNiagaraInterop/PCGNiagaraInterop.uplugin" 660
"../../../Engine/Plugins/Online/Android/AndroidFetchBackgroundDownload/AndroidFetchBackgroundDownload.uplugin" 661
"../../../Engine/Plugins/Runtime/XR/XRVisualization/XRVisualization.uplugin" 662
"../../../Engine/Plugins/Experimental/PCGInterops/PCGWaterInterop/PCGWaterInterop.uplugin" 663
"../../../Engine/Plugins/Online/Android/OnlineSubsystemGooglePlay/OnlineSubsystemGooglePlay.uplugin" 664
"../../../Engine/Plugins/Experimental/AVCodecs/NVCodecs/NVCodecs.uplugin" 665
"../../../Engine/Plugins/VirtualProduction/DMX/DMXDisplayCluster/DMXDisplayCluster.uplugin" 666
"../../../Engine/Plugins/VirtualProduction/DMX/DMXEngine/DMXEngine.uplugin" 667
"../../../Engine/Plugins/VirtualProduction/DMX/DatasmithMVR/DatasmithMVR.uplugin" 668
"../../../Engine/Plugins/VirtualProduction/DMX/DMXControlConsole/DMXControlConsole.uplugin" 669
"../../../Engine/Plugins/VirtualProduction/DMX/DMXModularFeatures/DMXModularFeatures.uplugin" 670
"../../../Engine/Plugins/VirtualProduction/DMX/DMXGDTF/DMXGDTF.uplugin" 671
"../../../Engine/Plugins/VirtualProduction/DMX/DMXFixtures/DMXFixtures.uplugin" 672
"../../../Engine/Plugins/Online/IOS/OnlineSubsystemIOS/OnlineSubsystemIOS.uplugin" 673
"../../../Engine/Plugins/VirtualProduction/DMX/DMXPixelMapping/DMXPixelMapping.uplugin" 674
"../../../Engine/Plugins/Online/VoiceChat/EOSVoiceChat/EOSVoiceChat.uplugin" 675
"../../../Engine/Plugins/VirtualProduction/DMX/DMXProtocol/DMXProtocol.uplugin" 676
"../../../Engine/Plugins/Online/VoiceChat/VoiceChat/VoiceChat.uplugin" 677
"../../../Engine/Plugins/Marketplace/Developer/RiderLink/RiderLink.uplugin" 678
"../../../Engine/Plugins/Runtime/Advertising/IOSTapJoy/IOSTapJoy.uplugin" 679
"../../../Engine/Plugins/Runtime/Analytics/AnalyticsBlueprintLibrary/AnalyticsBlueprintLibrary.uplugin" 680
"../../../Engine/Plugins/Runtime/AR/ARUtilities/ARUtilities.uplugin" 681
"../../../Engine/Plugins/Experimental/Web/WebAPI/WebAPI.uplugin" 682
"../../../Engine/Plugins/Runtime/Analytics/FileLogging/FileLogging.uplugin" 683
"../../../Engine/Plugins/Runtime/XR/XRScribe/XRScribe.uplugin" 684
"../../../Engine/Plugins/Runtime/Analytics/Adjust/Adjust.uplugin" 685
"../../../Engine/Plugins/Runtime/Database/ADOSupport/ADOSupport.uplugin" 686
"../../../Engine/Plugins/Runtime/Database/DatabaseSupport/DatabaseSupport.uplugin" 687
"../../../Engine/Plugins/Runtime/Database/SQLiteCore/SQLiteCore.uplugin" 688
"../../../Engine/Plugins/Runtime/Database/SQLiteSupport/SQLiteSupport.uplugin" 689
"../../../Engine/Plugins/Runtime/Database/RemoteDatabaseSupport/RemoteDatabaseSupport.uplugin" 690
"../../../Engine/Plugins/Runtime/Nvidia/Reflex/Reflex.uplugin" 691
"../../../Engine/Plugins/Runtime/MeshReconstruction/DummyMeshReconstructor/DummyMeshReconstructor.uplugin" 692
"../../../Engine/Plugins/Runtime/Steam/SteamAudio/SteamAudio.uplugin" 693
"../../../Engine/Plugins/Runtime/Steam/SteamShared/SteamShared.uplugin" 694
"../../../Engine/Plugins/Runtime/Steam/SteamController/SteamController.uplugin" 695
"../../../Engine/Plugins/Runtime/Nvidia/GeForceNOWWrapper/GeForceNOWWrapper.uplugin" 696
"../../../Engine/Plugins/Runtime/Steam/SteamSockets/SteamSockets.uplugin" 697
"../../../Engine/Plugins/Runtime/PacketHandlers/AESGCMHandlerComponent/AESGCMHandlerComponent.uplugin" 698
"../../../Engine/Plugins/Runtime/Windows/WinDualShock/WinDualShock.uplugin" 699
"../../../Engine/Plugins/Runtime/PacketHandlers/DTLSHandlerComponent/DTLSHandlerComponent.uplugin" 700
"../../../Engine/Plugins/VirtualProduction/CaptureManager/CaptureManagerDevices/CaptureManagerDevices.uplugin" 701
"../../../Engine/Plugins/Runtime/Analytics/AnalyticsMulticast/AnalyticsMulticast.uplugin" 702
"../../../Engine/Plugins/Runtime/PacketHandlers/AESHandlerComponent/AESHandlerComponent.uplugin" 703
"../../../Engine/Plugins/VirtualProduction/Rivermax/RivermaxCore/RivermaxCore.uplugin" 704
"../../../Engine/Plugins/VirtualProduction/CaptureManager/CaptureManagerApp/CaptureManagerApp.uplugin" 705
"../../../Engine/Plugins/VirtualProduction/Rivermax/RivermaxMedia/RivermaxMedia.uplugin" 706
"../../../Engine/Plugins/VirtualProduction/Rivermax/RivermaxSync/RivermaxSync.uplugin" 707
"../../../Engine/Plugins/VirtualProduction/CaptureManager/CaptureManagerEditor/CaptureManagerEditor.uplugin" 708
"../../../Engine/Plugins/Animation/MLDeformer/ChaosClothGenerator/ChaosClothGenerator.uplugin" 709
"../../../Engine/Plugins/Animation/MLDeformer/MLDeformerFramework/MLDeformerFramework.uplugin" 710
"../../../Engine/Plugins/Animation/MLDeformer/NeuralMorphModel/NeuralMorphModel.uplugin" 711
"../../../Engine/Plugins/Editor/ContentBrowser/ContentBrowserAliasDataSource/ContentBrowserAliasDataSource.uplugin" 712
"../../../Engine/Plugins/Animation/MLDeformer/NearestNeighborModel/NearestNeighborModel.uplugin" 713
"../../../Engine/Plugins/Runtime/Windows/XInputDevice/XInputDevice.uplugin" 714
"../../../Engine/Plugins/Editor/ContentBrowser/ContentBrowserAssetDataSource/ContentBrowserAssetDataSource.uplugin" 715
"../../../Engine/Plugins/Animation/MLDeformer/VertexDeltaModel/VertexDeltaModel.uplugin" 716
"../../../Engine/Plugins/Editor/ContentBrowser/ContentBrowserFileDataSource/ContentBrowserFileDataSource.uplugin" 717
"../../../Engine/Plugins/VirtualProduction/CaptureManager/CaptureManagerCore/CaptureManagerCore.uplugin" 718
"../../../Engine/Plugins/Experimental/VirtualProduction/LedWallCalibration/LedWallCalibration.uplugin" 719
"../../../Engine/Plugins/Editor/ContentBrowser/ContentBrowserClassDataSource/ContentBrowserClassDataSource.uplugin" 720
"../../../Engine/Plugins/Interchange/Extensions/OpenUSD/InterchangeOpenUSD.uplugin" 721
"../../../Engine/Plugins/Experimental/VirtualProduction/VPRoles/VPRoles.uplugin" 722
"../../../Engine/Plugins/Experimental/VirtualProduction/VPSettings/VPSettings.uplugin" 723
"../../../Engine/Plugins/Interchange/Extensions/OpenVDB/InterchangeOpenVDB.uplugin" 724
"../../../Engine/Plugins/Runtime/AR/AppleAR/AppleARKitFaceSupport/AppleARKitFaceSupport.uplugin" 725
"../../../Engine/Plugins/Developer/Concert/ConcertUI/ConcertSharedSlate/ConcertSharedSlate.uplugin" 726
"../../../Engine/Plugins/Developer/Concert/ConcertUI/ConcertClientSharedSlate/ConcertClientSharedSlate.uplugin" 727
"../../../Engine/Plugins/Animation/MLDeformer/ChaosFleshGenerator/ChaosFleshGenerator.uplugin" 728
"../../../Engine/Plugins/Runtime/AR/Google/GoogleARCoreServices/GoogleARCoreServices.uplugin" 729
"../../../Engine/Plugins/Runtime/AR/Google/GoogleARCore/GoogleARCore.uplugin" 730
"../../../Engine/Plugins/Developer/Concert/ConcertApp/MultiUserServer/MultiUserServer.uplugin" 731
"../../../Engine/Plugins/Experimental/Animation/MLDeformer/DetailPoseModel/DetailPoseModel.uplugin" 732
"../../../Engine/Plugins/Runtime/AR/AppleAR/AppleARKit/AppleARKit.uplugin" 733
"../../../Engine/Plugins/Developer/Concert/ConcertInsights/ConcertInsightsClient/ConcertInsightsClient.uplugin" 734
"../../../Engine/Plugins/Developer/Concert/ConcertApp/MultiUserClient/MultiUserClient.uplugin" 735
"../../../Engine/Plugins/Developer/Concert/ConcertInsights/ConcertInsightsVisualizer/ConcertInsightsVisualizer.uplugin" 736
"../../../Engine/Plugins/Developer/Concert/ConcertInsights/ConcertInsightsServer/ConcertInsightsServer.uplugin" 737
"../../../Engine/Plugins/Developer/Concert/ConcertApp/DisasterRecoveryClient/DisasterRecoveryClient.uplugin" 738
"../../../Engine/Plugins/Developer/Concert/ConcertScripting/ConcertReplicationScripting/ConcertReplicationScripting.uplugin" 739
"../../../Engine/Plugins/Developer/Concert/ConcertSync/ConcertSyncClient/ConcertSyncClient.uplugin" 740
"../../../Engine/Plugins/Developer/Concert/ConcertInsights/ConcertInsightsCore/ConcertInsightsCore.uplugin" 741
"../../../Engine/Plugins/Developer/Concert/ConcertSync/ConcertSyncTest/ConcertSyncTest.uplugin" 742
"../../../Engine/Plugins/Developer/Concert/ConcertSync/ConcertSyncCore/ConcertSyncCore.uplugin" 743
"../../../Engine/Plugins/Developer/Concert/ConcertSync/ConcertSyncServer/ConcertSyncServer.uplugin" 744
"../../../Engine/Platforms/Android/Plugins/RigLogic/RigLogic_Android.uplugin" 745
"../../../Engine/Platforms/Android/Plugins/Animation/ACLPlugin/ACLPlugin_Android.uplugin" 746
"../../../Engine/Platforms/IOS/Plugins/RigLogic/RigLogic_IOS.uplugin" 747
"../../../Engine/Content/Internationalization/icudt64l/cnvalias.icu" 748
"../../../Engine/Content/Internationalization/icudt64l/res_index.res" 749
"../../../Engine/Content/Internationalization/icudt64l/plurals.res" 750
"../../../Engine/Content/Internationalization/icudt64l/lang/zh_CN.res" 751
"../../../Engine/Content/Internationalization/icudt64l/lang/pool.res" 752
"../../../Engine/Content/Internationalization/icudt64l/lang/zh_Hans_CN.res" 753
"../../../Engine/Content/Internationalization/icudt64l/lang/zh_Hans.res" 754
"../../../Engine/Content/Internationalization/icudt64l/lang/zh.res" 755
"../../../Engine/Content/Internationalization/icudt64l/lang/root.res" 756
"../../../Engine/Content/Internationalization/icudt64l/region/zh_CN.res" 757
"../../../Engine/Content/Internationalization/icudt64l/region/pool.res" 758
"../../../Engine/Content/Internationalization/icudt64l/region/zh_Hans_CN.res" 759
"../../../Engine/Content/Internationalization/icudt64l/region/zh_Hans.res" 760
"../../../Engine/Content/Internationalization/icudt64l/region/zh.res" 761
"../../../Engine/Content/Internationalization/icudt64l/region/root.res" 762
"../../../Engine/Content/Internationalization/icudt64l/lang/en.res" 763
"../../../Engine/Content/Internationalization/icudt64l/region/en.res" 764
"../../../Engine/Content/Internationalization/icudt64l/windowsZones.res" 765
"../../../Engine/Content/Internationalization/icudt64l/zoneinfo64.res" 766
"../../../Engine/Content/Internationalization/icudt64l/keyTypeData.res" 767
"../../../Engine/Content/Internationalization/icudt64l/timezoneTypes.res" 768
"../../../Engine/Content/Internationalization/icudt64l/likelySubtags.res" 769
"../../../Engine/Content/Internationalization/icudt64l/zh_CN.res" 770
"../../../Engine/Content/Internationalization/icudt64l/pool.res" 771
"../../../Engine/Content/Internationalization/icudt64l/zh_Hans_CN.res" 772
"../../../Engine/Content/Internationalization/icudt64l/zh_Hans.res" 773
"../../../Engine/Content/Internationalization/icudt64l/zh.res" 774
"../../../Engine/Content/Internationalization/icudt64l/root.res" 775
"../../../Engine/Content/Internationalization/icudt64l/supplementalData.res" 776
"../../../Engine/Config/ConfigRedirects.ini" 777
"C:/Users/DaleB/AppData/Local/UnrealEngine/5.6/Saved/Config/WindowsEditor/Manifest.ini" 778
"../../../Engine/Config/BaseEngine.ini" 779
"../../../Engine/Config/Windows/BaseWindowsEngine.ini" 780
"../../../../../DaleBruise_Repo/Unreal_Learning/Config/DefaultEngine.ini" 781
"../../../Engine/Config/BaseGame.ini" 782
"../../../../../DaleBruise_Repo/Unreal_Learning/Config/DefaultGame.ini" 783
"../../../Engine/Config/Windows/WindowsGame.ini" 784
"../../../Engine/Config/BaseInput.ini" 785
"../../../Engine/Config/Windows/BaseWindowsInput.ini" 786
"../../../../../DaleBruise_Repo/Unreal_Learning/Config/DefaultInput.ini" 787
"../../../Engine/Config/Windows/WindowsInput.ini" 788
"E:/DaleBruise_Repo/Unreal_Learning/Saved/Config/WindowsEditor/Input.ini" 789
"../../../Engine/Config/BaseDeviceProfiles.ini" 790
"../../../Engine/Config/BaseGameUserSettings.ini" 791
"E:/DaleBruise_Repo/Unreal_Learning/Saved/Config/WindowsEditor/GameUserSettings.ini" 792
"../../../Engine/Config/BaseScalability.ini" 793
"../../../Engine/Config/BaseRuntimeOptions.ini" 794
"../../../Engine/Config/BaseInstallBundle.ini" 795
"../../../Engine/Config/BaseHardware.ini" 796
"../../../../../DaleBruise_Repo/Unreal_Learning/Config/DefaultGameplayTags.ini" 797
"../../../Engine/Config/BaseCompat.ini" 798
"../../../Engine/Config/BaseLightmass.ini" 799
"../../../Engine/Config/BaseEditor.ini" 800
"../../../../../DaleBruise_Repo/Unreal_Learning/Config/DefaultEditor.ini" 801
"E:/DaleBruise_Repo/Unreal_Learning/Saved/Config/WindowsEditor/Editor.ini" 802
"../../../Engine/Config/BaseMaterialExpressions.ini" 803
"../../../Engine/Config/BaseEditorPerProjectUserSettings.ini" 804
"../../../Engine/Config/Windows/WindowsEditorPerProjectUserSettings.ini" 805
"E:/DaleBruise_Repo/Unreal_Learning/Saved/Config/WindowsEditor/EditorPerProjectUserSettings.ini" 806
"../../../Engine/Config/BaseEditorSettings.ini" 807
"../../../Engine/Config/Windows/WindowsEditorSettings.ini" 808
"C:/Users/DaleB/AppData/Local/UnrealEngine/5.6/Saved/Config/WindowsEditor/EditorSettings.ini" 809
"../../../Engine/Config/BaseEditorKeyBindings.ini" 810
"C:/Users/DaleB/AppData/Local/UnrealEngine/5.6/Saved/Config/WindowsEditor/EditorLayout.ini" 811
"../../../Engine/Config/IOS/BaseIOSEngine.ini" 812
"../../../Engine/Config/Android/BaseAndroidEngine.ini" 813
"../../../Engine/Config/Android/AndroidEngine.ini" 814
"../../../Engine/Config/TVOS/TVOSEngine.ini" 815
"../../../Engine/Config/Linux/BaseLinuxEngine.ini" 816
"../../../Engine/Config/Mac/BaseMacEngine.ini" 817
"../../../Engine/Config/Unix/UnixEngine.ini" 818
"../../../Engine/Config/Linux/LinuxEngine.ini" 819
"../../../Engine/Config/IOS/BaseIOSGame.ini" 820
"../../../Engine/Config/IOS/IOSGame.ini" 821
"../../../Engine/Config/Linux/LinuxGame.ini" 822
"../../../Engine/Config/Android/BaseAndroidGame.ini" 823
"../../../Engine/Config/IOS/BaseIOSInput.ini" 824
"../../../Engine/Config/Mac/MacGame.ini" 825
"../../../../../DaleBruise_Repo/Unreal_Learning/Binaries/Win64/UnrealProjects56Editor-Win64-DebugGame.target" 826
"../../../Engine/Config/Android/BaseAndroidInput.ini" 827
"../../../Engine/Config/Mac/BaseMacInput.ini" 828
"../../../Engine/Config/IOS/IOSScalability.ini" 829
"../../../Engine/Config/Android/AndroidScalability.ini" 830
"../../../Engine/Config/PluginBase.ini" 831
"../../../Engine/Plugins/ChaosVD/Config/DefaultChaosVD.ini" 832
"../../../Engine/Plugins/EnhancedInput/Config/BaseEnhancedInput.ini" 833
"../../../Engine/Plugins/TraceUtilities/Config/BaseTraceUtilities.ini" 834
"../../../Engine/Config/Android/BaseAndroidInstallBundle.ini" 835
"../../../Engine/Config/IOS/BaseIOSInstallBundle.ini" 836
"../../../Engine/Platforms/VisionOS/Config/BaseVisionOSEngine.ini" 837
"../../../Engine/Plugins/Runtime/HairStrands/Config/BaseHairStrands.ini" 838
"../../../Engine/Platforms/VisionOS/Config/VisionOSEngine.ini" 839
"../../../Engine/Plugins/Runtime/Metasound/Config/BaseMetasound.ini" 840
"../../../Engine/Plugins/Runtime/Metasound/Config/DefaultMetasound.ini" 841
"../../../Engine/Plugins/Runtime/PropertyBindingUtils/Config/BasePropertyBindingUtils.ini" 842
"../../../Engine/Plugins/Runtime/RigVM/Config/BaseRigVM.ini" 843
"../../../Engine/Plugins/Runtime/StateTree/Config/BaseStateTree.ini" 844
"../../../Engine/Plugins/Runtime/Synthesis/Config/BaseSynthesis.ini" 845
"../../../Engine/Plugins/VirtualProduction/CameraCalibrationCore/Config/BaseCameraCalibrationCore.ini" 846
"../../../Engine/Plugins/VirtualProduction/Takes/Config/BaseTakes.ini" 847
"../../../Engine/Plugins/2D/Paper2D/Config/BasePaper2D.ini" 848
"../../../Engine/Plugins/Animation/ControlRig/Config/BaseControlRig.ini" 849
"../../../Engine/Plugins/Animation/DeformerGraph/Config/BaseDeformerGraph.ini" 850
"../../../Engine/Plugins/Animation/IKRig/Config/BaseIKRig.ini" 851
"../../../Engine/Plugins/Cameras/GameplayCameras/Config/BaseGameplayCameras.ini" 852
"../../../Engine/Plugins/Editor/EditorScriptingUtilities/Config/BaseEditorScriptingUtilities.ini" 853
"../../../Engine/Plugins/Enterprise/DatasmithContent/Config/BaseDatasmithContent.ini" 854
"../../../Engine/Plugins/Enterprise/VariantManagerContent/Config/BaseVariantManagerContent.ini" 855
"../../../Engine/Plugins/Enterprise/GLTFExporter/Config/BaseGLTFExporter.ini" 856
"../../../Engine/Plugins/Enterprise/GLTFExporter/Config/DefaultGLTFExporter.ini" 857
"../../../Engine/Plugins/Experimental/FullBodyIK/Config/BaseFullBodyIK.ini" 858
"../../../Engine/Plugins/Experimental/ToolPresets/Config/BaseToolPresets.ini" 859
"../../../Engine/Plugins/FX/Niagara/Config/BaseNiagara.ini" 860
"E:/DaleBruise_Repo/Unreal_Learning/Saved/Config/WindowsEditor/Niagara.ini" 861
"../../../Engine/Plugins/Interchange/Assets/Config/BaseInterchangeAssets.ini" 862
"../../../Engine/Plugins/Interchange/Runtime/Config/BaseInterchange.ini" 863
"../../../Engine/Plugins/MetaHuman/MetaHumanSDK/Config/BaseMetaHumanSDK.ini" 864
"../../../Engine/Plugins/Experimental/Compositing/CompositeCore/Config/BaseCompositeCore.ini" 865
"../../../Engine/Plugins/ChaosVD/Config/Engine.ini" 866
"../../../Engine/Plugins/EnhancedInput/Config/Input.ini" 867
"../../../Engine/Plugins/Runtime/InputDebugging/Config/Input.ini" 868
"../../../Engine/Plugins/Runtime/Windows/XInputDevice/Config/Input.ini" 869
"../../../Engine/Plugins/Runtime/RigVM/Config/Editor.ini" 870
"../../../Engine/Plugins/Online/OnlineSubsystemUtils/Config/Editor.ini" 871
"../../../Engine/Plugins/NNE/NNEDenoiser/Config/Game.ini" 872
"../../../Engine/Plugins/Editor/ModelingToolsEditorMode/Binaries/Win64/UnrealEditor.modules" 873
"../../../Engine/Plugins/Runtime/MeshModelingToolset/Binaries/Win64/UnrealEditor.modules" 874
"../../../Engine/Plugins/Experimental/MeshModelingToolsetExp/Binaries/Win64/UnrealEditor.modules" 875
"../../../Engine/Plugins/Editor/MeshLODToolset/Binaries/Win64/UnrealEditor.modules" 876
"../../../Engine/Plugins/Experimental/ToolPresets/Binaries/Win64/UnrealEditor.modules" 877
"../../../Engine/Plugins/Editor/StylusInput/Binaries/Win64/UnrealEditor.modules" 878
"../../../Engine/Plugins/Runtime/GeometryProcessing/Binaries/Win64/UnrealEditor.modules" 879
"../../../Engine/Plugins/Editor/ProxyLODPlugin/Binaries/Win64/UnrealEditor.modules" 880
"../../../Engine/Plugins/Experimental/PlanarCutPlugin/Binaries/Win64/UnrealEditor.modules" 881
"../../../Engine/Plugins/Runtime/GeometryCache/Binaries/Win64/UnrealEditor.modules" 882
"../../../Engine/Plugins/Experimental/GeometryFlow/Binaries/Win64/UnrealEditor.modules" 883
"../../../Engine/Plugins/Editor/EditorScriptingUtilities/Binaries/Win64/UnrealEditor.modules" 884
"../../../Engine/Plugins/FX/Niagara/Binaries/Win64/UnrealEditor.modules" 885
"../../../Engine/Plugins/Experimental/PythonScriptPlugin/Binaries/Win64/UnrealEditor.modules" 886
"../../../Engine/Plugins/Editor/ContentBrowser/ContentBrowserFileDataSource/Binaries/Win64/UnrealEditor.modules" 887
"../../../Engine/Plugins/ChaosCloth/Binaries/Win64/UnrealEditor.modules" 888
"../../../Engine/Plugins/Experimental/ChaosCaching/Binaries/Win64/UnrealEditor.modules" 889
"../../../Engine/Plugins/VirtualProduction/Takes/Binaries/Win64/UnrealEditor.modules" 890
"../../../Engine/Plugins/Runtime/AudioCapture/Binaries/Win64/UnrealEditor.modules" 891
"../../../Engine/Plugins/MovieScene/LevelSequenceEditor/Binaries/Win64/UnrealEditor.modules" 892
"../../../Engine/Plugins/Developer/NamingTokens/Binaries/Win64/UnrealEditor.modules" 893
"../../../Engine/Plugins/MovieScene/SequencerScripting/Binaries/Win64/UnrealEditor.modules" 894
"../../../Engine/Plugins/Editor/EngineAssetDefinitions/Binaries/Win64/UnrealEditor.modules" 895
"../../../Engine/Plugins/ChaosInsights/Binaries/Win64/UnrealEditor.modules" 896
"../../../Engine/Plugins/ChaosVD/Binaries/Win64/UnrealEditor.modules" 897
"../../../Engine/Plugins/Experimental/EditorDataStorage/Binaries/Win64/UnrealEditor.modules" 898
"../../../Engine/Plugins/Experimental/EditorDataStorageFeatures/Binaries/Win64/UnrealEditor.modules" 899
"../../../Engine/Plugins/CmdLinkServer/Binaries/Win64/UnrealEditor.modules" 900
"../../../Engine/Plugins/EnhancedInput/Binaries/Win64/UnrealEditor.modules" 901
"../../../Engine/Plugins/Editor/DataValidation/Binaries/Win64/UnrealEditor.modules" 902
"../../../Engine/Plugins/FastBuildController/Binaries/Win64/UnrealEditor.modules" 903
"../../../Engine/Plugins/IoStoreInsights/Binaries/Win64/UnrealEditor.modules" 904
"../../../Engine/Plugins/MassInsights/Binaries/Win64/UnrealEditor.modules" 905
"../../../Engine/Plugins/MeshPainting/Binaries/Win64/UnrealEditor.modules" 906
"../../../Engine/Plugins/Interchange/Editor/Binaries/Win64/UnrealEditor.modules" 907
"../../../Engine/Plugins/Interchange/Runtime/Binaries/Win64/UnrealEditor.modules" 908
"../../../Engine/Plugins/Enterprise/VariantManagerContent/Binaries/Win64/UnrealEditor.modules" 909
"../../../Engine/Plugins/Enterprise/VariantManager/Binaries/Win64/UnrealEditor.modules" 910
"../../../Engine/Plugins/Interchange/Assets/Binaries/Win64/UnrealEditor.modules" 911
"../../../Engine/Plugins/RenderGraphInsights/Binaries/Win64/UnrealEditor.modules" 912
"../../../Engine/Plugins/UbaController/Binaries/Win64/UnrealEditor.modules" 913
"../../../Engine/Plugins/WorldMetrics/Binaries/Win64/UnrealEditor.modules" 914
"../../../Engine/Plugins/TraceUtilities/Binaries/Win64/UnrealEditor.modules" 915
"../../../Engine/Plugins/XGEController/Binaries/Win64/UnrealEditor.modules" 916
"../../../Engine/Plugins/Runtime/ActorLayerUtilities/Binaries/Win64/UnrealEditor.modules" 917
"../../../Engine/Plugins/Runtime/AndroidDeviceProfileSelector/Binaries/Win64/UnrealEditor.modules" 918
"../../../Engine/Plugins/Runtime/AndroidFileServer/Binaries/Win64/UnrealEditor.modules" 919
"../../../Engine/Plugins/Runtime/AndroidPermission/Binaries/Win64/UnrealEditor.modules" 920
"../../../Engine/Plugins/Runtime/AppleImageUtils/Binaries/Win64/UnrealEditor.modules" 921
"../../../Engine/Plugins/Runtime/ArchVisCharacter/Binaries/Win64/UnrealEditor.modules" 922
"../../../Engine/Plugins/Runtime/AssetTags/Binaries/Win64/UnrealEditor.modules" 923
"../../../Engine/Plugins/Runtime/CableComponent/Binaries/Win64/UnrealEditor.modules" 924
"../../../Engine/Plugins/Runtime/ChunkDownloader/Binaries/Win64/UnrealEditor.modules" 925
"../../../Engine/Plugins/Runtime/CustomMeshComponent/Binaries/Win64/UnrealEditor.modules" 926
"../../../Engine/Plugins/Runtime/ExampleDeviceProfileSelector/Binaries/Win64/UnrealEditor.modules" 927
"../../../Engine/Plugins/Runtime/GooglePAD/Binaries/Win64/UnrealEditor.modules" 928
"../../../Engine/Plugins/Runtime/InputDebugging/Binaries/Win64/UnrealEditor.modules" 929
"../../../Engine/Plugins/Runtime/LocationServicesBPLibrary/Binaries/Win64/UnrealEditor.modules" 930
"../../../Engine/Plugins/Runtime/Metasound/Binaries/Win64/UnrealEditor.modules" 931
"../../../Engine/Plugins/Runtime/AudioWidgets/Binaries/Win64/UnrealEditor.modules" 932
"../../../Engine/Plugins/Runtime/AudioSynesthesia/Binaries/Win64/UnrealEditor.modules" 933
"../../../Engine/Plugins/Editor/ContentBrowser/ContentBrowserAssetDataSource/Binaries/Win64/UnrealEditor.modules" 934
"../../../Engine/Plugins/Runtime/WaveTable/Binaries/Win64/UnrealEditor.modules" 935
"../../../Engine/Plugins/Runtime/MobilePatchingUtils/Binaries/Win64/UnrealEditor.modules" 936
"../../../Engine/Plugins/Runtime/MsQuic/Binaries/Win64/UnrealEditor.modules" 937
"../../../Engine/Plugins/Runtime/ProceduralMeshComponent/Binaries/Win64/UnrealEditor.modules" 938
"../../../Engine/Plugins/Runtime/PropertyAccess/Binaries/Win64/UnrealEditor.modules" 939
"../../../Engine/Plugins/Runtime/ResonanceAudio/Binaries/Win64/UnrealEditor.modules" 940
"../../../Engine/Plugins/Runtime/RigVM/Binaries/Win64/UnrealEditor.modules" 941
"../../../Engine/Plugins/Runtime/SoundFields/Binaries/Win64/UnrealEditor.modules" 942
"../../../Engine/Plugins/Runtime/Synthesis/Binaries/Win64/UnrealEditor.modules" 943
"../../../Engine/Plugins/Runtime/WebMMoviePlayer/Binaries/Win64/UnrealEditor.modules" 944
"../../../Engine/Plugins/Media/WebMMedia/Binaries/Win64/UnrealEditor.modules" 945
"../../../Engine/Plugins/Runtime/WindowsDeviceProfileSelector/Binaries/Win64/UnrealEditor.modules" 946
"../../../Engine/Plugins/Runtime/WindowsMoviePlayer/Binaries/Win64/UnrealEditor.modules" 947
"../../../Engine/Plugins/2D/Paper2D/Binaries/Win64/UnrealEditor.modules" 948
"../../../Engine/Plugins/AI/AISupport/Binaries/Win64/UnrealEditor.modules" 949
"../../../Engine/Plugins/AI/EnvironmentQueryEditor/Binaries/Win64/UnrealEditor.modules" 950
"../../../Engine/Plugins/Animation/ACLPlugin/Binaries/Win64/UnrealEditor.modules" 951
"../../../Engine/Plugins/Animation/AnimationData/Binaries/Win64/UnrealEditor.modules" 952
"../../../Engine/Plugins/Animation/ControlRig/Binaries/Win64/UnrealEditor.modules" 953
"../../../Engine/Plugins/Animation/TweeningUtils/Binaries/Win64/UnrealEditor.modules" 954
"../../../Engine/Plugins/Animation/AnimationModifierLibrary/Binaries/Win64/UnrealEditor.modules" 955
"../../../Engine/Plugins/Animation/BlendSpaceMotionAnalysis/Binaries/Win64/UnrealEditor.modules" 956
"../../../Engine/Plugins/Animation/ControlRigSpline/Binaries/Win64/UnrealEditor.modules" 957
"../../../Engine/Plugins/Animation/IKRig/Binaries/Win64/UnrealEditor.modules" 958
"../../../Engine/Plugins/Experimental/FullBodyIK/Binaries/Win64/UnrealEditor.modules" 959
"../../../Engine/Plugins/Animation/SkeletalMeshModelingTools/Binaries/Win64/UnrealEditor.modules" 960
"../../../Engine/Plugins/Cameras/EngineCameras/Binaries/Win64/UnrealEditor.modules" 961
"../../../Engine/Plugins/MovieScene/TemplateSequence/Binaries/Win64/UnrealEditor.modules" 962
"../../../Engine/Plugins/Cameras/GameplayCameras/Binaries/Win64/UnrealEditor.modules" 963
"../../../Engine/Plugins/VirtualProduction/CameraCalibrationCore/Binaries/Win64/UnrealEditor.modules" 964
"../../../Engine/Plugins/Runtime/StateTree/Binaries/Win64/UnrealEditor.modules" 965
"../../../Engine/Plugins/Animation/GameplayInsights/Binaries/Win64/UnrealEditor.modules" 966
"../../../Engine/Plugins/Runtime/PropertyBindingUtils/Binaries/Win64/UnrealEditor.modules" 967
"../../../Engine/Plugins/Compression/OodleNetwork/Binaries/Win64/UnrealEditor.modules" 968
"../../../Engine/Plugins/Developer/AnimationSharing/Binaries/Win64/UnrealEditor.modules" 969
"../../../Engine/Plugins/Runtime/SignificanceManager/Binaries/Win64/UnrealEditor.modules" 970
"../../../Engine/Plugins/Developer/CLionSourceCodeAccess/Binaries/Win64/UnrealEditor.modules" 971
"../../../Engine/Plugins/Developer/DumpGPUServices/Binaries/Win64/UnrealEditor.modules" 972
"../../../Engine/Plugins/Developer/GitSourceControl/Binaries/Win64/UnrealEditor.modules" 973
"../../../Engine/Plugins/Developer/N10XSourceCodeAccess/Binaries/Win64/UnrealEditor.modules" 974
"../../../Engine/Plugins/Cameras/CameraShakePreviewer/Binaries/Win64/UnrealEditor.modules" 975
"../../../Engine/Plugins/Developer/PerforceSourceControl/Binaries/Win64/UnrealEditor.modules" 976
"../../../Engine/Plugins/Developer/PlasticSourceControl/Binaries/Win64/UnrealEditor.modules" 977
"../../../Engine/Plugins/Developer/PluginUtils/Binaries/Win64/UnrealEditor.modules" 978
"../../../Engine/Plugins/Developer/PixWinPlugin/Binaries/Win64/UnrealEditor.modules" 979
"../../../Engine/Plugins/Developer/PropertyAccessNode/Binaries/Win64/UnrealEditor.modules" 980
"../../../Engine/Plugins/Developer/ProjectLauncher/Binaries/Win64/UnrealEditor.modules" 981
"../../../Engine/Plugins/Developer/RenderDocPlugin/Binaries/Win64/UnrealEditor.modules" 982
"../../../Engine/Plugins/Developer/RiderSourceCodeAccess/Binaries/Win64/UnrealEditor.modules" 983
"../../../Engine/Plugins/Developer/TextureFormatOodle/Binaries/Win64/UnrealEditor.modules" 984
"../../../Engine/Plugins/Developer/SubversionSourceControl/Binaries/Win64/UnrealEditor.modules" 985
"../../../Engine/Plugins/Developer/UObjectPlugin/Binaries/Win64/UnrealEditor.modules" 986
"../../../Engine/Plugins/Editor/AssetManagerEditor/Binaries/Win64/UnrealEditor.modules" 987
"../../../Engine/Plugins/Editor/BlueprintHeaderView/Binaries/Win64/UnrealEditor.modules" 988
"../../../Engine/Plugins/Editor/ChangelistReview/Binaries/Win64/UnrealEditor.modules" 989
"../../../Engine/Plugins/Editor/ColorGrading/Binaries/Win64/UnrealEditor.modules" 990
"../../../Engine/Plugins/Editor/ObjectMixer/ObjectMixer/Binaries/Win64/UnrealEditor.modules" 991
"../../../Engine/Plugins/Editor/CryptoKeys/Binaries/Win64/UnrealEditor.modules" 992
"../../../Engine/Plugins/Editor/CurveEditorTools/Binaries/Win64/UnrealEditor.modules" 993
"../../../Engine/Plugins/Editor/EditorDebugTools/Binaries/Win64/UnrealEditor.modules" 994
"../../../Engine/Plugins/Editor/GameplayTagsEditor/Binaries/Win64/UnrealEditor.modules" 995
"../../../Engine/Plugins/Editor/GeometryMode/Binaries/Win64/UnrealEditor.modules" 996
"../../../Engine/Plugins/Editor/MaterialAnalyzer/Binaries/Win64/UnrealEditor.modules" 997
"../../../Engine/Plugins/Editor/FacialAnimation/Binaries/Win64/UnrealEditor.modules" 998
"../../../Engine/Plugins/Editor/MobileLauncherProfileWizard/Binaries/Win64/UnrealEditor.modules" 999
"../../../Engine/Plugins/Editor/PluginBrowser/Binaries/Win64/UnrealEditor.modules" 1000
"../../../Engine/Plugins/Editor/SequencerAnimTools/Binaries/Win64/UnrealEditor.modules" 1001
"../../../Engine/Plugins/Editor/SpeedTreeImporter/Binaries/Win64/UnrealEditor.modules" 1002
"../../../Engine/Plugins/Editor/UVEditor/Binaries/Win64/UnrealEditor.modules" 1003
"../../../Engine/Plugins/Editor/UMGWidgetPreview/Binaries/Win64/UnrealEditor.modules" 1004
"../../../Engine/Plugins/Editor/WorldPartitionHLODUtilities/Binaries/Win64/UnrealEditor.modules" 1005
"../../../Engine/Plugins/Enterprise/DatasmithContent/Binaries/Win64/UnrealEditor.modules" 1006
"../../../Engine/Plugins/Experimental/AdvancedRenamer/Binaries/Win64/UnrealEditor.modules" 1007
"../../../Engine/Plugins/Enterprise/GLTFExporter/Binaries/Win64/UnrealEditor.modules" 1008
"../../../Engine/Plugins/Experimental/AutomationUtils/Binaries/Win64/UnrealEditor.modules" 1009
"../../../Engine/Plugins/Experimental/BackChannel/Binaries/Win64/UnrealEditor.modules" 1010
"../../../Engine/Plugins/Experimental/ChaosNiagara/Binaries/Win64/UnrealEditor.modules" 1011
"../../../Engine/Plugins/Experimental/ChaosSolverPlugin/Binaries/Win64/UnrealEditor.modules" 1012
"../../../Engine/Plugins/Experimental/ChaosUserDataPT/Binaries/Win64/UnrealEditor.modules" 1013
"../../../Engine/Plugins/Experimental/CharacterAI/Binaries/Win64/UnrealEditor.modules" 1014
"../../../Engine/Plugins/Experimental/Dataflow/Binaries/Win64/UnrealEditor.modules" 1015
"../../../Engine/Plugins/Experimental/CharacterFXEditor/BaseCharacterFXEditor/Binaries/Win64/UnrealEditor.modules" 1016
"../../../Engine/Plugins/Experimental/ChaosEditor/Binaries/Win64/UnrealEditor.modules" 1017
"../../../Engine/Plugins/Experimental/GeometryCollectionPlugin/Binaries/Win64/UnrealEditor.modules" 1018
"../../../Engine/Plugins/Experimental/Fracture/Binaries/Win64/UnrealEditor.modules" 1019
"../../../Engine/Plugins/Experimental/GeometryDataflow/Binaries/Win64/UnrealEditor.modules" 1020
"../../../Engine/Plugins/Experimental/EditorPerformance/Binaries/Win64/UnrealEditor.modules" 1021
"../../../Engine/Plugins/Experimental/EditorTelemetry/Binaries/Win64/UnrealEditor.modules" 1022
"../../../Engine/Plugins/Experimental/LevelSequenceNavigatorBridge/Binaries/Win64/UnrealEditor.modules" 1023
"../../../Engine/Plugins/Experimental/SequenceNavigator/Binaries/Win64/UnrealEditor.modules" 1024
"../../../Engine/Plugins/Experimental/LocalizableMessage/Binaries/Win64/UnrealEditor.modules" 1025
"../../../Engine/Plugins/Experimental/NFORDenoise/Binaries/Win64/UnrealEditor.modules" 1026
"../../../Engine/Plugins/Experimental/PlatformCrypto/Binaries/Win64/UnrealEditor.modules" 1027
"../../../Engine/Plugins/Experimental/RuntimeTelemetry/Binaries/Win64/UnrealEditor.modules" 1028
"../../../Engine/Plugins/Experimental/SkeletalReduction/Binaries/Win64/UnrealEditor.modules" 1029
"../../../Engine/Plugins/FX/NiagaraSimCaching/Binaries/Win64/UnrealEditor.modules" 1030
"../../../Engine/Plugins/Importers/AlembicImporter/Binaries/Win64/UnrealEditor.modules" 1031
"../../../Engine/Plugins/FX/Cascade/Binaries/Win64/UnrealEditor.modules" 1032
"../../../Engine/Plugins/Media/AndroidMedia/Binaries/Win64/UnrealEditor.modules" 1033
"../../../Engine/Plugins/Media/AvfMedia/Binaries/Win64/UnrealEditor.modules" 1034
"../../../Engine/Plugins/Media/ImgMedia/Binaries/Win64/UnrealEditor.modules" 1035
"../../../Engine/Plugins/Media/MediaPlayerEditor/Binaries/Win64/UnrealEditor.modules" 1036
"../../../Engine/Plugins/Media/MediaCompositing/Binaries/Win64/UnrealEditor.modules" 1037
"../../../Engine/Plugins/Media/MediaPlate/Binaries/Win64/UnrealEditor.modules" 1038
"../../../Engine/Plugins/Experimental/Compositing/CompositeCore/Binaries/Win64/UnrealEditor.modules" 1039
"../../../Engine/Plugins/Media/WmfMedia/Binaries/Win64/UnrealEditor.modules" 1040
"../../../Engine/Plugins/Messaging/TcpMessaging/Binaries/Win64/UnrealEditor.modules" 1041
"../../../Engine/Plugins/MetaHuman/MetaHumanSDK/Binaries/Win64/UnrealEditor.modules" 1042
"../../../Engine/Plugins/Runtime/HairStrands/Binaries/Win64/UnrealEditor.modules" 1043
"../../../Engine/Plugins/Animation/RigLogic/Binaries/Win64/UnrealEditor.modules" 1044
"../../../Engine/Plugins/Online/EOSShared/Binaries/Win64/UnrealEditor.modules" 1045
"../../../Engine/Plugins/Animation/DeformerGraph/Binaries/Win64/UnrealEditor.modules" 1046
"../../../Engine/Plugins/Runtime/ComputeFramework/Binaries/Win64/UnrealEditor.modules" 1047
"../../../Engine/Plugins/MovieScene/ActorSequence/Binaries/Win64/UnrealEditor.modules" 1048
"../../../Engine/Plugins/Messaging/UdpMessaging/Binaries/Win64/UnrealEditor.modules" 1049
"../../../Engine/Plugins/NNE/NNEDenoiser/Binaries/Win64/UnrealEditor.modules" 1050
"../../../Engine/Plugins/NNE/NNERuntimeORT/Binaries/Win64/UnrealEditor.modules" 1051
"../../../Engine/Plugins/Online/OnlineBase/Binaries/Win64/UnrealEditor.modules" 1052
"../../../Engine/Plugins/Online/OnlineSubsystem/Binaries/Win64/UnrealEditor.modules" 1053
"../../../Engine/Plugins/Portal/LauncherChunkInstaller/Binaries/Win64/UnrealEditor.modules" 1054
"../../../Engine/Plugins/Online/OnlineSubsystemUtils/Binaries/Win64/UnrealEditor.modules" 1055
"../../../Engine/Plugins/Online/OnlineServices/Binaries/Win64/UnrealEditor.modules" 1056
"../../../Engine/Plugins/Tests/InterchangeTests/Binaries/Win64/UnrealEditor.modules" 1057
"../../../Engine/Plugins/Online/OnlineSubsystemNull/Binaries/Win64/UnrealEditor.modules" 1058
"../../../Engine/Plugins/Editor/Localization/PortableObjectFileDataSource/Binaries/Win64/UnrealEditor.modules" 1059
"../../../Engine/Plugins/Editor/ObjectMixer/LightMixer/Binaries/Win64/UnrealEditor.modules" 1060
"../../../Engine/Plugins/Marketplace/Developer/RiderLink/Binaries/Win64/UnrealEditor.modules" 1061
"../../../Engine/Plugins/Runtime/Windows/XInputDevice/Binaries/Win64/UnrealEditor.modules" 1062
"../../../Engine/Plugins/Editor/ContentBrowser/ContentBrowserClassDataSource/Binaries/Win64/UnrealEditor.modules" 1063
"../../../Engine/Config/BaseSourceControlSettings.ini" 1064
"../../../Engine/Content/Internationalization/icudt64l/coll/ucadata.icu" 1065
"../../../Engine/Content/Internationalization/icudt64l/coll/zh_CN.res" 1066
"../../../Engine/Content/Internationalization/icudt64l/coll/zh_Hans_CN.res" 1067
"../../../Engine/Content/Internationalization/icudt64l/coll/zh_Hans.res" 1068
"../../../Engine/Content/Internationalization/icudt64l/coll/zh.res" 1069
"../../../Engine/Content/Internationalization/icudt64l/coll/root.res" 1070
"../../../Engine/Content/Certificates/ThirdParty/cacert.pem" 1071
"../../../Engine/Config/ConsoleVariables.ini" 1072
"../../../Engine/Binaries/Win64/Android/UnrealEditor.modules" 1073
"../../../Engine/Binaries/Win64/IOS/UnrealEditor.modules" 1074
"../../../Engine/Binaries/Win64/Linux/UnrealEditor.modules" 1075
"../../../Engine/Content/Localization/Editor/en/Editor.locres" 1076
"../../../Engine/Content/Localization/EditorTutorials/en/EditorTutorials.locres" 1077
"../../../Engine/Content/Localization/Keywords/en/Keywords.locres" 1078
"../../../Engine/Content/Localization/Category/en/Category.locres" 1079
"../../../Engine/Content/Localization/ToolTips/en/ToolTips.locres" 1080
"../../../Engine/Content/Localization/PropertyNames/en/PropertyNames.locres" 1081
"../../../Engine/Content/Localization/Engine/en/Engine.locres" 1082
"../../../Engine/Plugins/MetaHuman/MetaHumanSDK/Content/Localization/MetaHumanSDK/en/MetaHumanSDK.locres" 1083
"../../../Engine/Plugins/Online/OnlineSubsystem/Content/Localization/OnlineSubsystem/en/OnlineSubsystem.locres" 1084
"../../../Engine/Plugins/Online/OnlineSubsystemUtils/Content/Localization/OnlineSubsystemUtils/en/OnlineSubsystemUtils.locres" 1085
"../../../Engine/Plugins/Online/Android/OnlineSubsystemGooglePlay/Content/Localization/OnlineSubsystemGooglePlay/en/OnlineSubsystemGooglePlay.locres" 1086
"../../../Engine/Plugins/Online/IOS/OnlineSubsystemIOS/Content/Localization/OnlineSubsystemIOS/en/OnlineSubsystemIOS.locres" 1087
"../../../Engine/Content/Internationalization/icudt64l/numberingSystems.res" 1088
"../../../Engine/Content/Internationalization/icudt64l/curr/supplementalData.res" 1089
"../../../Engine/Content/Internationalization/icudt64l/curr/zh_CN.res" 1090
"../../../Engine/Content/Internationalization/icudt64l/curr/pool.res" 1091
"../../../Engine/Content/Internationalization/icudt64l/curr/zh_Hans_CN.res" 1092
"../../../Engine/Content/Internationalization/icudt64l/curr/zh_Hans.res" 1093
"../../../Engine/Content/Internationalization/icudt64l/curr/zh.res" 1094
"../../../Engine/Content/Internationalization/icudt64l/curr/root.res" 1095
"../../../Engine/Content/Internationalization/icudt64l/lang/af.res" 1096
"../../../Engine/Content/Internationalization/icudt64l/region/af.res" 1097
"../../../Engine/Content/Internationalization/icudt64l/lang/agq.res" 1098
"../../../Engine/Content/Internationalization/icudt64l/region/agq.res" 1099
"../../../Engine/Content/Internationalization/icudt64l/lang/ak.res" 1100
"../../../Engine/Content/Internationalization/icudt64l/region/ak.res" 1101
"../../../Engine/Content/Internationalization/icudt64l/lang/am.res" 1102
"../../../Engine/Content/Internationalization/icudt64l/region/am.res" 1103
"../../../Engine/Content/Internationalization/icudt64l/lang/ar.res" 1104
"../../../Engine/Content/Internationalization/icudt64l/region/ar.res" 1105
"../../../Engine/Content/Internationalization/icudt64l/region/ar_AE.res" 1106
"../../../Engine/Content/Internationalization/icudt64l/lang/ar_EG.res" 1107
"../../../Engine/Content/Internationalization/icudt64l/lang/ar_LY.res" 1108
"../../../Engine/Content/Internationalization/icudt64l/region/ar_LY.res" 1109
"../../../Engine/Content/Internationalization/icudt64l/lang/ar_SA.res" 1110
"../../../Engine/Content/Internationalization/icudt64l/region/ar_SA.res" 1111
"../../../Engine/Content/Internationalization/icudt64l/lang/as.res" 1112
"../../../Engine/Content/Internationalization/icudt64l/region/as.res" 1113
"../../../Engine/Content/Internationalization/icudt64l/lang/asa.res" 1114
"../../../Engine/Content/Internationalization/icudt64l/region/asa.res" 1115
"../../../Engine/Content/Internationalization/icudt64l/lang/ast.res" 1116
"../../../Engine/Content/Internationalization/icudt64l/region/ast.res" 1117
"../../../Engine/Content/Internationalization/icudt64l/lang/az.res" 1118
"../../../Engine/Content/Internationalization/icudt64l/lang/az_Cyrl.res" 1119
"../../../Engine/Content/Internationalization/icudt64l/lang/az_AZ.res" 1120
"../../../Engine/Content/Internationalization/icudt64l/lang/az_Latn_AZ.res" 1121
"../../../Engine/Content/Internationalization/icudt64l/lang/az_Latn.res" 1122
"../../../Engine/Content/Internationalization/icudt64l/region/az_AZ.res" 1123
"../../../Engine/Content/Internationalization/icudt64l/region/az_Latn_AZ.res" 1124
"../../../Engine/Content/Internationalization/icudt64l/region/az_Latn.res" 1125
"../../../Engine/Content/Internationalization/icudt64l/region/az.res" 1126
"../../../Engine/Content/Internationalization/icudt64l/region/az_Cyrl.res" 1127
"../../../Engine/Content/Internationalization/icudt64l/lang/bas.res" 1128
"../../../Engine/Content/Internationalization/icudt64l/region/bas.res" 1129
"../../../Engine/Content/Internationalization/icudt64l/lang/be.res" 1130
"../../../Engine/Content/Internationalization/icudt64l/region/be.res" 1131
"../../../Engine/Content/Internationalization/icudt64l/lang/bem.res" 1132
"../../../Engine/Content/Internationalization/icudt64l/region/bem.res" 1133
"../../../Engine/Content/Internationalization/icudt64l/lang/bez.res" 1134
"../../../Engine/Content/Internationalization/icudt64l/region/bez.res" 1135
"../../../Engine/Content/Internationalization/icudt64l/lang/bg.res" 1136
"../../../Engine/Content/Internationalization/icudt64l/region/bg.res" 1137
"../../../Engine/Content/Internationalization/icudt64l/lang/bm.res" 1138
"../../../Engine/Content/Internationalization/icudt64l/region/bm.res" 1139
"../../../Engine/Content/Internationalization/icudt64l/lang/bn.res" 1140
"../../../Engine/Content/Internationalization/icudt64l/region/bn.res" 1141
"../../../Engine/Content/Internationalization/icudt64l/lang/bn_IN.res" 1142
"../../../Engine/Content/Internationalization/icudt64l/region/bn_IN.res" 1143
"../../../Engine/Content/Internationalization/icudt64l/lang/bo.res" 1144
"../../../Engine/Content/Internationalization/icudt64l/region/bo.res" 1145
"../../../Engine/Content/Internationalization/icudt64l/region/bo_IN.res" 1146
"../../../Engine/Content/Internationalization/icudt64l/lang/br.res" 1147
"../../../Engine/Content/Internationalization/icudt64l/region/br.res" 1148
"../../../Engine/Content/Internationalization/icudt64l/lang/brx.res" 1149
"../../../Engine/Content/Internationalization/icudt64l/region/brx.res" 1150
"../../../Engine/Content/Internationalization/icudt64l/lang/bs.res" 1151
"../../../Engine/Content/Internationalization/icudt64l/lang/bs_Cyrl.res" 1152
"../../../Engine/Content/Internationalization/icudt64l/lang/bs_BA.res" 1153
"../../../Engine/Content/Internationalization/icudt64l/lang/bs_Latn_BA.res" 1154
"../../../Engine/Content/Internationalization/icudt64l/lang/bs_Latn.res" 1155
"../../../Engine/Content/Internationalization/icudt64l/region/bs_BA.res" 1156
"../../../Engine/Content/Internationalization/icudt64l/region/bs_Latn_BA.res" 1157
"../../../Engine/Content/Internationalization/icudt64l/region/bs_Latn.res" 1158
"../../../Engine/Content/Internationalization/icudt64l/region/bs.res" 1159
"../../../Engine/Content/Internationalization/icudt64l/region/bs_Cyrl.res" 1160
"../../../Engine/Content/Internationalization/icudt64l/lang/ca.res" 1161
"../../../Engine/Content/Internationalization/icudt64l/region/ca.res" 1162
"../../../Engine/Content/Internationalization/icudt64l/lang/ccp.res" 1163
"../../../Engine/Content/Internationalization/icudt64l/region/ccp.res" 1164
"../../../Engine/Content/Internationalization/icudt64l/lang/ce.res" 1165
"../../../Engine/Content/Internationalization/icudt64l/region/ce.res" 1166
"../../../Engine/Content/Internationalization/icudt64l/lang/ceb.res" 1167
"../../../Engine/Content/Internationalization/icudt64l/region/ceb.res" 1168
"../../../Engine/Content/Internationalization/icudt64l/lang/cgg.res" 1169
"../../../Engine/Content/Internationalization/icudt64l/region/cgg.res" 1170
"../../../Engine/Content/Internationalization/icudt64l/lang/chr.res" 1171
"../../../Engine/Content/Internationalization/icudt64l/region/chr.res" 1172
"../../../Engine/Content/Internationalization/icudt64l/lang/ckb.res" 1173
"../../../Engine/Content/Internationalization/icudt64l/region/ckb.res" 1174
"../../../Engine/Content/Internationalization/icudt64l/lang/cs.res" 1175
"../../../Engine/Content/Internationalization/icudt64l/region/cs.res" 1176
"../../../Engine/Content/Internationalization/icudt64l/lang/cy.res" 1177
"../../../Engine/Content/Internationalization/icudt64l/region/cy.res" 1178
"../../../Engine/Content/Internationalization/icudt64l/lang/da.res" 1179
"../../../Engine/Content/Internationalization/icudt64l/region/da.res" 1180
"../../../Engine/Content/Internationalization/icudt64l/lang/dav.res" 1181
"../../../Engine/Content/Internationalization/icudt64l/region/dav.res" 1182
"../../../Engine/Content/Internationalization/icudt64l/lang/de.res" 1183
"../../../Engine/Content/Internationalization/icudt64l/lang/de_AT.res" 1184
"../../../Engine/Content/Internationalization/icudt64l/region/de_AT.res" 1185
"../../../Engine/Content/Internationalization/icudt64l/region/de.res" 1186
"../../../Engine/Content/Internationalization/icudt64l/lang/de_CH.res" 1187
"../../../Engine/Content/Internationalization/icudt64l/region/de_CH.res" 1188
"../../../Engine/Content/Internationalization/icudt64l/lang/de_LU.res" 1189
"../../../Engine/Content/Internationalization/icudt64l/lang/dje.res" 1190
"../../../Engine/Content/Internationalization/icudt64l/region/dje.res" 1191
"../../../Engine/Content/Internationalization/icudt64l/lang/dsb.res" 1192
"../../../Engine/Content/Internationalization/icudt64l/region/dsb.res" 1193
"../../../Engine/Content/Internationalization/icudt64l/lang/dua.res" 1194
"../../../Engine/Content/Internationalization/icudt64l/region/dua.res" 1195
"../../../Engine/Content/Internationalization/icudt64l/lang/dyo.res" 1196
"../../../Engine/Content/Internationalization/icudt64l/region/dyo.res" 1197
"../../../Engine/Content/Internationalization/icudt64l/lang/dz.res" 1198
"../../../Engine/Content/Internationalization/icudt64l/region/dz.res" 1199
"../../../Engine/Content/Internationalization/icudt64l/lang/ebu.res" 1200
"../../../Engine/Content/Internationalization/icudt64l/region/ebu.res" 1201
"../../../Engine/Content/Internationalization/icudt64l/lang/ee.res" 1202
"../../../Engine/Content/Internationalization/icudt64l/region/ee.res" 1203
"../../../Engine/Content/Internationalization/icudt64l/lang/el.res" 1204
"../../../Engine/Content/Internationalization/icudt64l/region/el.res" 1205
"../../../Engine/Content/Internationalization/icudt64l/lang/en_001.res" 1206
"../../../Engine/Content/Internationalization/icudt64l/lang/en_150.res" 1207
"../../../Engine/Content/Internationalization/icudt64l/region/en_150.res" 1208
"../../../Engine/Content/Internationalization/icudt64l/lang/en_AG.res" 1209
"../../../Engine/Content/Internationalization/icudt64l/region/en_AG.res" 1210
"../../../Engine/Content/Internationalization/icudt64l/lang/en_AI.res" 1211
"../../../Engine/Content/Internationalization/icudt64l/region/en_AI.res" 1212
"../../../Engine/Content/Internationalization/icudt64l/lang/en_AT.res" 1213
"../../../Engine/Content/Internationalization/icudt64l/region/en_AT.res" 1214
"../../../Engine/Content/Internationalization/icudt64l/lang/en_AU.res" 1215
"../../../Engine/Content/Internationalization/icudt64l/region/en_AU.res" 1216
"../../../Engine/Content/Internationalization/icudt64l/lang/en_BB.res" 1217
"../../../Engine/Content/Internationalization/icudt64l/region/en_BB.res" 1218
"../../../Engine/Content/Internationalization/icudt64l/lang/en_BE.res" 1219
"../../../Engine/Content/Internationalization/icudt64l/region/en_BE.res" 1220
"../../../Engine/Content/Internationalization/icudt64l/lang/en_BM.res" 1221
"../../../Engine/Content/Internationalization/icudt64l/region/en_BM.res" 1222
"../../../Engine/Content/Internationalization/icudt64l/lang/en_BS.res" 1223
"../../../Engine/Content/Internationalization/icudt64l/region/en_BS.res" 1224
"../../../Engine/Content/Internationalization/icudt64l/lang/en_BW.res" 1225
"../../../Engine/Content/Internationalization/icudt64l/region/en_BW.res" 1226
"../../../Engine/Content/Internationalization/icudt64l/lang/en_BZ.res" 1227
"../../../Engine/Content/Internationalization/icudt64l/region/en_BZ.res" 1228
"../../../Engine/Content/Internationalization/icudt64l/lang/en_CA.res" 1229
"../../../Engine/Content/Internationalization/icudt64l/region/en_CA.res" 1230
"../../../Engine/Content/Internationalization/icudt64l/lang/en_CC.res" 1231
"../../../Engine/Content/Internationalization/icudt64l/region/en_CC.res" 1232
"../../../Engine/Content/Internationalization/icudt64l/lang/en_CH.res" 1233
"../../../Engine/Content/Internationalization/icudt64l/region/en_CH.res" 1234
"../../../Engine/Content/Internationalization/icudt64l/lang/en_CK.res" 1235
"../../../Engine/Content/Internationalization/icudt64l/region/en_CK.res" 1236
"../../../Engine/Content/Internationalization/icudt64l/lang/en_CM.res" 1237
"../../../Engine/Content/Internationalization/icudt64l/region/en_CM.res" 1238
"../../../Engine/Content/Internationalization/icudt64l/lang/en_CX.res" 1239
"../../../Engine/Content/Internationalization/icudt64l/region/en_CX.res" 1240
"../../../Engine/Content/Internationalization/icudt64l/lang/en_CY.res" 1241
"../../../Engine/Content/Internationalization/icudt64l/region/en_CY.res" 1242
"../../../Engine/Content/Internationalization/icudt64l/lang/en_DE.res" 1243
"../../../Engine/Content/Internationalization/icudt64l/region/en_DE.res" 1244
"../../../Engine/Content/Internationalization/icudt64l/lang/en_DG.res" 1245
"../../../Engine/Content/Internationalization/icudt64l/region/en_DG.res" 1246
"../../../Engine/Content/Internationalization/icudt64l/lang/en_DK.res" 1247
"../../../Engine/Content/Internationalization/icudt64l/region/en_DK.res" 1248
"../../../Engine/Content/Internationalization/icudt64l/lang/en_DM.res" 1249
"../../../Engine/Content/Internationalization/icudt64l/region/en_DM.res" 1250
"../../../Engine/Content/Internationalization/icudt64l/lang/en_ER.res" 1251
"../../../Engine/Content/Internationalization/icudt64l/region/en_ER.res" 1252
"../../../Engine/Content/Internationalization/icudt64l/lang/en_FI.res" 1253
"../../../Engine/Content/Internationalization/icudt64l/region/en_FI.res" 1254
"../../../Engine/Content/Internationalization/icudt64l/lang/en_FJ.res" 1255
"../../../Engine/Content/Internationalization/icudt64l/region/en_FJ.res" 1256
"../../../Engine/Content/Internationalization/icudt64l/lang/en_FK.res" 1257
"../../../Engine/Content/Internationalization/icudt64l/region/en_FK.res" 1258
"../../../Engine/Content/Internationalization/icudt64l/lang/en_FM.res" 1259
"../../../Engine/Content/Internationalization/icudt64l/region/en_FM.res" 1260
"../../../Engine/Content/Internationalization/icudt64l/lang/en_GB.res" 1261
"../../../Engine/Content/Internationalization/icudt64l/region/en_GB.res" 1262
"../../../Engine/Content/Internationalization/icudt64l/lang/en_GD.res" 1263
"../../../Engine/Content/Internationalization/icudt64l/region/en_GD.res" 1264
"../../../Engine/Content/Internationalization/icudt64l/lang/en_GG.res" 1265
"../../../Engine/Content/Internationalization/icudt64l/region/en_GG.res" 1266
"../../../Engine/Content/Internationalization/icudt64l/lang/en_GH.res" 1267
"../../../Engine/Content/Internationalization/icudt64l/region/en_GH.res" 1268
"../../../Engine/Content/Internationalization/icudt64l/lang/en_GI.res" 1269
"../../../Engine/Content/Internationalization/icudt64l/region/en_GI.res" 1270
"../../../Engine/Content/Internationalization/icudt64l/lang/en_GM.res" 1271
"../../../Engine/Content/Internationalization/icudt64l/region/en_GM.res" 1272
"../../../Engine/Content/Internationalization/icudt64l/lang/en_GY.res" 1273
"../../../Engine/Content/Internationalization/icudt64l/region/en_GY.res" 1274
"../../../Engine/Content/Internationalization/icudt64l/lang/en_HK.res" 1275
"../../../Engine/Content/Internationalization/icudt64l/region/en_HK.res" 1276
"../../../Engine/Content/Internationalization/icudt64l/lang/en_IE.res" 1277
"../../../Engine/Content/Internationalization/icudt64l/region/en_IE.res" 1278
"../../../Engine/Content/Internationalization/icudt64l/lang/en_IL.res" 1279
"../../../Engine/Content/Internationalization/icudt64l/region/en_IL.res" 1280
"../../../Engine/Content/Internationalization/icudt64l/lang/en_IM.res" 1281
"../../../Engine/Content/Internationalization/icudt64l/region/en_IM.res" 1282
"../../../Engine/Content/Internationalization/icudt64l/lang/en_IN.res" 1283
"../../../Engine/Content/Internationalization/icudt64l/region/en_IN.res" 1284
"../../../Engine/Content/Internationalization/icudt64l/lang/en_IO.res" 1285
"../../../Engine/Content/Internationalization/icudt64l/region/en_IO.res" 1286
"../../../Engine/Content/Internationalization/icudt64l/lang/en_JE.res" 1287
"../../../Engine/Content/Internationalization/icudt64l/region/en_JE.res" 1288
"../../../Engine/Content/Internationalization/icudt64l/lang/en_JM.res" 1289
"../../../Engine/Content/Internationalization/icudt64l/region/en_JM.res" 1290
"../../../Engine/Content/Internationalization/icudt64l/lang/en_KE.res" 1291
"../../../Engine/Content/Internationalization/icudt64l/region/en_KE.res" 1292
"../../../Engine/Content/Internationalization/icudt64l/lang/en_KI.res" 1293
"../../../Engine/Content/Internationalization/icudt64l/region/en_KI.res" 1294
"../../../Engine/Content/Internationalization/icudt64l/lang/en_KN.res" 1295
"../../../Engine/Content/Internationalization/icudt64l/region/en_KN.res" 1296
"../../../Engine/Content/Internationalization/icudt64l/lang/en_KY.res" 1297
"../../../Engine/Content/Internationalization/icudt64l/region/en_KY.res" 1298
"../../../Engine/Content/Internationalization/icudt64l/lang/en_LC.res" 1299
"../../../Engine/Content/Internationalization/icudt64l/region/en_LC.res" 1300
"../../../Engine/Content/Internationalization/icudt64l/lang/en_LR.res" 1301
"../../../Engine/Content/Internationalization/icudt64l/region/en_LR.res" 1302
"../../../Engine/Content/Internationalization/icudt64l/lang/en_LS.res" 1303
"../../../Engine/Content/Internationalization/icudt64l/region/en_LS.res" 1304
"../../../Engine/Content/Internationalization/icudt64l/lang/en_MG.res" 1305
"../../../Engine/Content/Internationalization/icudt64l/region/en_MG.res" 1306
"../../../Engine/Content/Internationalization/icudt64l/lang/en_MO.res" 1307
"../../../Engine/Content/Internationalization/icudt64l/region/en_MO.res" 1308
"../../../Engine/Content/Internationalization/icudt64l/lang/en_MS.res" 1309
"../../../Engine/Content/Internationalization/icudt64l/region/en_MS.res" 1310
"../../../Engine/Content/Internationalization/icudt64l/lang/en_MT.res" 1311
"../../../Engine/Content/Internationalization/icudt64l/region/en_MT.res" 1312
"../../../Engine/Content/Internationalization/icudt64l/lang/en_MU.res" 1313
"../../../Engine/Content/Internationalization/icudt64l/region/en_MU.res" 1314
"../../../Engine/Content/Internationalization/icudt64l/lang/en_MW.res" 1315
"../../../Engine/Content/Internationalization/icudt64l/region/en_MW.res" 1316
"../../../Engine/Content/Internationalization/icudt64l/lang/en_MY.res" 1317
"../../../Engine/Content/Internationalization/icudt64l/region/en_MY.res" 1318
"../../../Engine/Content/Internationalization/icudt64l/lang/en_NA.res" 1319
"../../../Engine/Content/Internationalization/icudt64l/region/en_NA.res" 1320
"../../../Engine/Content/Internationalization/icudt64l/lang/en_NF.res" 1321
"../../../Engine/Content/Internationalization/icudt64l/region/en_NF.res" 1322
"../../../Engine/Content/Internationalization/icudt64l/lang/en_NG.res" 1323
"../../../Engine/Content/Internationalization/icudt64l/region/en_NG.res" 1324
"../../../Engine/Content/Internationalization/icudt64l/lang/en_NL.res" 1325
"../../../Engine/Content/Internationalization/icudt64l/region/en_NL.res" 1326
"../../../Engine/Content/Internationalization/icudt64l/lang/en_NR.res" 1327
"../../../Engine/Content/Internationalization/icudt64l/region/en_NR.res" 1328
"../../../Engine/Content/Internationalization/icudt64l/lang/en_NU.res" 1329
"../../../Engine/Content/Internationalization/icudt64l/region/en_NU.res" 1330
"../../../Engine/Content/Internationalization/icudt64l/lang/en_NZ.res" 1331
"../../../Engine/Content/Internationalization/icudt64l/region/en_NZ.res" 1332
"../../../Engine/Content/Internationalization/icudt64l/lang/en_PG.res" 1333
"../../../Engine/Content/Internationalization/icudt64l/region/en_PG.res" 1334
"../../../Engine/Content/Internationalization/icudt64l/lang/en_PH.res" 1335
"../../../Engine/Content/Internationalization/icudt64l/region/en_PH.res" 1336
"../../../Engine/Content/Internationalization/icudt64l/lang/en_PK.res" 1337
"../../../Engine/Content/Internationalization/icudt64l/region/en_PK.res" 1338
"../../../Engine/Content/Internationalization/icudt64l/lang/en_PN.res" 1339
"../../../Engine/Content/Internationalization/icudt64l/region/en_PN.res" 1340
"../../../Engine/Content/Internationalization/icudt64l/lang/en_PW.res" 1341
"../../../Engine/Content/Internationalization/icudt64l/region/en_PW.res" 1342
"../../../Engine/Content/Internationalization/icudt64l/lang/en_RW.res" 1343
"../../../Engine/Content/Internationalization/icudt64l/region/en_RW.res" 1344
"../../../Engine/Content/Internationalization/icudt64l/lang/en_SB.res" 1345
"../../../Engine/Content/Internationalization/icudt64l/region/en_SB.res" 1346
"../../../Engine/Content/Internationalization/icudt64l/lang/en_SC.res" 1347
"../../../Engine/Content/Internationalization/icudt64l/region/en_SC.res" 1348
"../../../Engine/Content/Internationalization/icudt64l/lang/en_SD.res" 1349
"../../../Engine/Content/Internationalization/icudt64l/region/en_SD.res" 1350
"../../../Engine/Content/Internationalization/icudt64l/lang/en_SE.res" 1351
"../../../Engine/Content/Internationalization/icudt64l/region/en_SE.res" 1352
"../../../Engine/Content/Internationalization/icudt64l/lang/en_SG.res" 1353
"../../../Engine/Content/Internationalization/icudt64l/region/en_SG.res" 1354
"../../../Engine/Content/Internationalization/icudt64l/lang/en_SH.res" 1355
"../../../Engine/Content/Internationalization/icudt64l/region/en_SH.res" 1356
"../../../Engine/Content/Internationalization/icudt64l/lang/en_SI.res" 1357
"../../../Engine/Content/Internationalization/icudt64l/region/en_SI.res" 1358
"../../../Engine/Content/Internationalization/icudt64l/lang/en_SL.res" 1359
"../../../Engine/Content/Internationalization/icudt64l/region/en_SL.res" 1360
"../../../Engine/Content/Internationalization/icudt64l/lang/en_SS.res" 1361
"../../../Engine/Content/Internationalization/icudt64l/region/en_SS.res" 1362
"../../../Engine/Content/Internationalization/icudt64l/lang/en_SX.res" 1363
"../../../Engine/Content/Internationalization/icudt64l/region/en_SX.res" 1364
"../../../Engine/Content/Internationalization/icudt64l/lang/en_SZ.res" 1365
"../../../Engine/Content/Internationalization/icudt64l/region/en_SZ.res" 1366
"../../../Engine/Content/Internationalization/icudt64l/lang/en_TC.res" 1367
"../../../Engine/Content/Internationalization/icudt64l/region/en_TC.res" 1368
"../../../Engine/Content/Internationalization/icudt64l/lang/en_TK.res" 1369
"../../../Engine/Content/Internationalization/icudt64l/region/en_TK.res" 1370
"../../../Engine/Content/Internationalization/icudt64l/lang/en_TO.res" 1371
"../../../Engine/Content/Internationalization/icudt64l/region/en_TO.res" 1372
"../../../Engine/Content/Internationalization/icudt64l/lang/en_TT.res" 1373
"../../../Engine/Content/Internationalization/icudt64l/region/en_TT.res" 1374
"../../../Engine/Content/Internationalization/icudt64l/lang/en_TV.res" 1375
"../../../Engine/Content/Internationalization/icudt64l/region/en_TV.res" 1376
"../../../Engine/Content/Internationalization/icudt64l/lang/en_TZ.res" 1377
"../../../Engine/Content/Internationalization/icudt64l/region/en_TZ.res" 1378
"../../../Engine/Content/Internationalization/icudt64l/lang/en_UG.res" 1379
"../../../Engine/Content/Internationalization/icudt64l/region/en_UG.res" 1380
"../../../Engine/Content/Internationalization/icudt64l/lang/en_VC.res" 1381
"../../../Engine/Content/Internationalization/icudt64l/region/en_VC.res" 1382
"../../../Engine/Content/Internationalization/icudt64l/lang/en_VG.res" 1383
"../../../Engine/Content/Internationalization/icudt64l/region/en_VG.res" 1384
"../../../Engine/Content/Internationalization/icudt64l/lang/en_VU.res" 1385
"../../../Engine/Content/Internationalization/icudt64l/region/en_VU.res" 1386
"../../../Engine/Content/Internationalization/icudt64l/lang/en_WS.res" 1387
"../../../Engine/Content/Internationalization/icudt64l/region/en_WS.res" 1388
"../../../Engine/Content/Internationalization/icudt64l/lang/en_ZA.res" 1389
"../../../Engine/Content/Internationalization/icudt64l/region/en_ZA.res" 1390
"../../../Engine/Content/Internationalization/icudt64l/lang/en_ZM.res" 1391
"../../../Engine/Content/Internationalization/icudt64l/region/en_ZM.res" 1392
"../../../Engine/Content/Internationalization/icudt64l/lang/en_ZW.res" 1393
"../../../Engine/Content/Internationalization/icudt64l/region/en_ZW.res" 1394
"../../../Engine/Content/Internationalization/icudt64l/lang/eo.res" 1395
"../../../Engine/Content/Internationalization/icudt64l/region/eo.res" 1396
"../../../Engine/Content/Internationalization/icudt64l/lang/es.res" 1397
"../../../Engine/Content/Internationalization/icudt64l/lang/es_419.res" 1398
"../../../Engine/Content/Internationalization/icudt64l/region/es_419.res" 1399
"../../../Engine/Content/Internationalization/icudt64l/region/es.res" 1400
"../../../Engine/Content/Internationalization/icudt64l/lang/es_AR.res" 1401
"../../../Engine/Content/Internationalization/icudt64l/region/es_AR.res" 1402
"../../../Engine/Content/Internationalization/icudt64l/lang/es_BO.res" 1403
"../../../Engine/Content/Internationalization/icudt64l/region/es_BO.res" 1404
"../../../Engine/Content/Internationalization/icudt64l/lang/es_BR.res" 1405
"../../../Engine/Content/Internationalization/icudt64l/region/es_BR.res" 1406
"../../../Engine/Content/Internationalization/icudt64l/lang/es_BZ.res" 1407
"../../../Engine/Content/Internationalization/icudt64l/region/es_BZ.res" 1408
"../../../Engine/Content/Internationalization/icudt64l/lang/es_CL.res" 1409
"../../../Engine/Content/Internationalization/icudt64l/region/es_CL.res" 1410
"../../../Engine/Content/Internationalization/icudt64l/lang/es_CO.res" 1411
"../../../Engine/Content/Internationalization/icudt64l/region/es_CO.res" 1412
"../../../Engine/Content/Internationalization/icudt64l/lang/es_CR.res" 1413
"../../../Engine/Content/Internationalization/icudt64l/region/es_CR.res" 1414
"../../../Engine/Content/Internationalization/icudt64l/lang/es_CU.res" 1415
"../../../Engine/Content/Internationalization/icudt64l/region/es_CU.res" 1416
"../../../Engine/Content/Internationalization/icudt64l/lang/es_DO.res" 1417
"../../../Engine/Content/Internationalization/icudt64l/region/es_DO.res" 1418
"../../../Engine/Content/Internationalization/icudt64l/lang/es_EC.res" 1419
"../../../Engine/Content/Internationalization/icudt64l/region/es_EC.res" 1420
"../../../Engine/Content/Internationalization/icudt64l/lang/es_GT.res" 1421
"../../../Engine/Content/Internationalization/icudt64l/region/es_GT.res" 1422
"../../../Engine/Content/Internationalization/icudt64l/lang/es_HN.res" 1423
"../../../Engine/Content/Internationalization/icudt64l/region/es_HN.res" 1424
"../../../Engine/Content/Internationalization/icudt64l/lang/es_MX.res" 1425
"../../../Engine/Content/Internationalization/icudt64l/region/es_MX.res" 1426
"../../../Engine/Content/Internationalization/icudt64l/lang/es_NI.res" 1427
"../../../Engine/Content/Internationalization/icudt64l/region/es_NI.res" 1428
"../../../Engine/Content/Internationalization/icudt64l/lang/es_PA.res" 1429
"../../../Engine/Content/Internationalization/icudt64l/region/es_PA.res" 1430
"../../../Engine/Content/Internationalization/icudt64l/lang/es_PE.res" 1431
"../../../Engine/Content/Internationalization/icudt64l/region/es_PE.res" 1432
"../../../Engine/Content/Internationalization/icudt64l/lang/es_PR.res" 1433
"../../../Engine/Content/Internationalization/icudt64l/region/es_PR.res" 1434
"../../../Engine/Content/Internationalization/icudt64l/lang/es_PY.res" 1435
"../../../Engine/Content/Internationalization/icudt64l/region/es_PY.res" 1436
"../../../Engine/Content/Internationalization/icudt64l/lang/es_SV.res" 1437
"../../../Engine/Content/Internationalization/icudt64l/region/es_SV.res" 1438
"../../../Engine/Content/Internationalization/icudt64l/lang/es_US.res" 1439
"../../../Engine/Content/Internationalization/icudt64l/region/es_US.res" 1440
"../../../Engine/Content/Internationalization/icudt64l/lang/es_UY.res" 1441
"../../../Engine/Content/Internationalization/icudt64l/region/es_UY.res" 1442
"../../../Engine/Content/Internationalization/icudt64l/lang/es_VE.res" 1443
"../../../Engine/Content/Internationalization/icudt64l/region/es_VE.res" 1444
"../../../Engine/Content/Internationalization/icudt64l/lang/et.res" 1445
"../../../Engine/Content/Internationalization/icudt64l/region/et.res" 1446
"../../../Engine/Content/Internationalization/icudt64l/lang/eu.res" 1447
"../../../Engine/Content/Internationalization/icudt64l/region/eu.res" 1448
"../../../Engine/Content/Internationalization/icudt64l/lang/ewo.res" 1449
"../../../Engine/Content/Internationalization/icudt64l/region/ewo.res" 1450
"../../../Engine/Content/Internationalization/icudt64l/lang/fa.res" 1451
"../../../Engine/Content/Internationalization/icudt64l/lang/fa_AF.res" 1452
"../../../Engine/Content/Internationalization/icudt64l/region/fa_AF.res" 1453
"../../../Engine/Content/Internationalization/icudt64l/region/fa.res" 1454
"../../../Engine/Content/Internationalization/icudt64l/lang/ff.res" 1455
"../../../Engine/Content/Internationalization/icudt64l/lang/ff_Latn.res" 1456
"../../../Engine/Content/Internationalization/icudt64l/region/ff.res" 1457
"../../../Engine/Content/Internationalization/icudt64l/region/ff_Latn.res" 1458
"../../../Engine/Content/Internationalization/icudt64l/lang/ff_CM.res" 1459
"../../../Engine/Content/Internationalization/icudt64l/lang/ff_Latn_CM.res" 1460
"../../../Engine/Content/Internationalization/icudt64l/region/ff_CM.res" 1461
"../../../Engine/Content/Internationalization/icudt64l/region/ff_Latn_CM.res" 1462
"../../../Engine/Content/Internationalization/icudt64l/lang/ff_GN.res" 1463
"../../../Engine/Content/Internationalization/icudt64l/lang/ff_Latn_GN.res" 1464
"../../../Engine/Content/Internationalization/icudt64l/region/ff_GN.res" 1465
"../../../Engine/Content/Internationalization/icudt64l/region/ff_Latn_GN.res" 1466
"../../../Engine/Content/Internationalization/icudt64l/lang/ff_MR.res" 1467
"../../../Engine/Content/Internationalization/icudt64l/lang/ff_Latn_MR.res" 1468
"../../../Engine/Content/Internationalization/icudt64l/region/ff_MR.res" 1469
"../../../Engine/Content/Internationalization/icudt64l/region/ff_Latn_MR.res" 1470
"../../../Engine/Content/Internationalization/icudt64l/lang/ff_SN.res" 1471
"../../../Engine/Content/Internationalization/icudt64l/lang/ff_Latn_SN.res" 1472
"../../../Engine/Content/Internationalization/icudt64l/region/ff_SN.res" 1473
"../../../Engine/Content/Internationalization/icudt64l/region/ff_Latn_SN.res" 1474
"../../../Engine/Content/Internationalization/icudt64l/lang/fi.res" 1475
"../../../Engine/Content/Internationalization/icudt64l/region/fi.res" 1476
"../../../Engine/Content/Internationalization/icudt64l/lang/fil.res" 1477
"../../../Engine/Content/Internationalization/icudt64l/lang/fil_PH.res" 1478
"../../../Engine/Content/Internationalization/icudt64l/region/fil_PH.res" 1479
"../../../Engine/Content/Internationalization/icudt64l/region/fil.res" 1480
"../../../Engine/Content/Internationalization/icudt64l/lang/fo.res" 1481
"../../../Engine/Content/Internationalization/icudt64l/region/fo.res" 1482
"../../../Engine/Content/Internationalization/icudt64l/lang/fr.res" 1483
"../../../Engine/Content/Internationalization/icudt64l/lang/fr_BE.res" 1484
"../../../Engine/Content/Internationalization/icudt64l/region/fr_BE.res" 1485
"../../../Engine/Content/Internationalization/icudt64l/region/fr.res" 1486
"../../../Engine/Content/Internationalization/icudt64l/lang/fr_CA.res" 1487
"../../../Engine/Content/Internationalization/icudt64l/region/fr_CA.res" 1488
"../../../Engine/Content/Internationalization/icudt64l/lang/fr_CH.res" 1489
"../../../Engine/Content/Internationalization/icudt64l/lang/fur.res" 1490
"../../../Engine/Content/Internationalization/icudt64l/region/fur.res" 1491
"../../../Engine/Content/Internationalization/icudt64l/lang/fy.res" 1492
"../../../Engine/Content/Internationalization/icudt64l/region/fy.res" 1493
"../../../Engine/Content/Internationalization/icudt64l/lang/ga.res" 1494
"../../../Engine/Content/Internationalization/icudt64l/region/ga.res" 1495
"../../../Engine/Content/Internationalization/icudt64l/lang/gd.res" 1496
"../../../Engine/Content/Internationalization/icudt64l/region/gd.res" 1497
"../../../Engine/Content/Internationalization/icudt64l/lang/gl.res" 1498
"../../../Engine/Content/Internationalization/icudt64l/region/gl.res" 1499
"../../../Engine/Content/Internationalization/icudt64l/lang/gsw.res" 1500
"../../../Engine/Content/Internationalization/icudt64l/region/gsw.res" 1501
"../../../Engine/Content/Internationalization/icudt64l/lang/gu.res" 1502
"../../../Engine/Content/Internationalization/icudt64l/region/gu.res" 1503
"../../../Engine/Content/Internationalization/icudt64l/lang/guz.res" 1504
"../../../Engine/Content/Internationalization/icudt64l/region/guz.res" 1505
"../../../Engine/Content/Internationalization/icudt64l/lang/gv.res" 1506
"../../../Engine/Content/Internationalization/icudt64l/region/gv.res" 1507
"../../../Engine/Content/Internationalization/icudt64l/lang/ha.res" 1508
"../../../Engine/Content/Internationalization/icudt64l/region/ha.res" 1509
"../../../Engine/Content/Internationalization/icudt64l/lang/ha_NE.res" 1510
"../../../Engine/Content/Internationalization/icudt64l/region/ha_NE.res" 1511
"../../../Engine/Content/Internationalization/icudt64l/lang/haw.res" 1512
"../../../Engine/Content/Internationalization/icudt64l/region/haw.res" 1513
"../../../Engine/Content/Internationalization/icudt64l/lang/he.res" 1514
"../../../Engine/Content/Internationalization/icudt64l/lang/he_IL.res" 1515
"../../../Engine/Content/Internationalization/icudt64l/region/he_IL.res" 1516
"../../../Engine/Content/Internationalization/icudt64l/region/he.res" 1517
"../../../Engine/Content/Internationalization/icudt64l/lang/hi.res" 1518
"../../../Engine/Content/Internationalization/icudt64l/region/hi.res" 1519
"../../../Engine/Content/Internationalization/icudt64l/lang/hr.res" 1520
"../../../Engine/Content/Internationalization/icudt64l/region/hr.res" 1521
"../../../Engine/Content/Internationalization/icudt64l/lang/hsb.res" 1522
"../../../Engine/Content/Internationalization/icudt64l/region/hsb.res" 1523
"../../../Engine/Content/Internationalization/icudt64l/lang/hu.res" 1524
"../../../Engine/Content/Internationalization/icudt64l/region/hu.res" 1525
"../../../Engine/Content/Internationalization/icudt64l/lang/hy.res" 1526
"../../../Engine/Content/Internationalization/icudt64l/region/hy.res" 1527
"../../../Engine/Content/Internationalization/icudt64l/lang/ia.res" 1528
"../../../Engine/Content/Internationalization/icudt64l/region/ia.res" 1529
"../../../Engine/Content/Internationalization/icudt64l/lang/id.res" 1530
"../../../Engine/Content/Internationalization/icudt64l/lang/id_ID.res" 1531
"../../../Engine/Content/Internationalization/icudt64l/region/id_ID.res" 1532
"../../../Engine/Content/Internationalization/icudt64l/region/id.res" 1533
"../../../Engine/Content/Internationalization/icudt64l/lang/ig.res" 1534
"../../../Engine/Content/Internationalization/icudt64l/region/ig.res" 1535
"../../../Engine/Content/Internationalization/icudt64l/lang/ii.res" 1536
"../../../Engine/Content/Internationalization/icudt64l/region/ii.res" 1537
"../../../Engine/Content/Internationalization/icudt64l/lang/is.res" 1538
"../../../Engine/Content/Internationalization/icudt64l/region/is.res" 1539
"../../../Engine/Content/Internationalization/icudt64l/lang/it.res" 1540
"../../../Engine/Content/Internationalization/icudt64l/region/it.res" 1541
"../../../Engine/Content/Internationalization/icudt64l/lang/ja.res" 1542
"../../../Engine/Content/Internationalization/icudt64l/lang/ja_JP.res" 1543
"../../../Engine/Content/Internationalization/icudt64l/region/ja_JP.res" 1544
"../../../Engine/Content/Internationalization/icudt64l/region/ja.res" 1545
"../../../Engine/Content/Internationalization/icudt64l/lang/jgo.res" 1546
"../../../Engine/Content/Internationalization/icudt64l/region/jgo.res" 1547
"../../../Engine/Content/Internationalization/icudt64l/lang/jmc.res" 1548
"../../../Engine/Content/Internationalization/icudt64l/region/jmc.res" 1549
"../../../Engine/Content/Internationalization/icudt64l/lang/jv.res" 1550
"../../../Engine/Content/Internationalization/icudt64l/region/jv.res" 1551
"../../../Engine/Content/Internationalization/icudt64l/lang/ka.res" 1552
"../../../Engine/Content/Internationalization/icudt64l/region/ka.res" 1553
"../../../Engine/Content/Internationalization/icudt64l/lang/kab.res" 1554
"../../../Engine/Content/Internationalization/icudt64l/region/kab.res" 1555
"../../../Engine/Content/Internationalization/icudt64l/lang/kam.res" 1556
"../../../Engine/Content/Internationalization/icudt64l/region/kam.res" 1557
"../../../Engine/Content/Internationalization/icudt64l/lang/kde.res" 1558
"../../../Engine/Content/Internationalization/icudt64l/region/kde.res" 1559
"../../../Engine/Content/Internationalization/icudt64l/lang/kea.res" 1560
"../../../Engine/Content/Internationalization/icudt64l/region/kea.res" 1561
"../../../Engine/Content/Internationalization/icudt64l/lang/khq.res" 1562
"../../../Engine/Content/Internationalization/icudt64l/region/khq.res" 1563
"../../../Engine/Content/Internationalization/icudt64l/lang/ki.res" 1564
"../../../Engine/Content/Internationalization/icudt64l/region/ki.res" 1565
"../../../Engine/Content/Internationalization/icudt64l/lang/kk.res" 1566
"../../../Engine/Content/Internationalization/icudt64l/region/kk.res" 1567
"../../../Engine/Content/Internationalization/icudt64l/lang/kkj.res" 1568
"../../../Engine/Content/Internationalization/icudt64l/region/kkj.res" 1569
"../../../Engine/Content/Internationalization/icudt64l/lang/kl.res" 1570
"../../../Engine/Content/Internationalization/icudt64l/region/kl.res" 1571
"../../../Engine/Content/Internationalization/icudt64l/lang/kln.res" 1572
"../../../Engine/Content/Internationalization/icudt64l/region/kln.res" 1573
"../../../Engine/Content/Internationalization/icudt64l/lang/km.res" 1574
"../../../Engine/Content/Internationalization/icudt64l/region/km.res" 1575
"../../../Engine/Content/Internationalization/icudt64l/lang/kn.res" 1576
"../../../Engine/Content/Internationalization/icudt64l/region/kn.res" 1577
"../../../Engine/Content/Internationalization/icudt64l/lang/ko.res" 1578
"../../../Engine/Content/Internationalization/icudt64l/region/ko_KP.res" 1579
"../../../Engine/Content/Internationalization/icudt64l/region/ko.res" 1580
"../../../Engine/Content/Internationalization/icudt64l/lang/kok.res" 1581
"../../../Engine/Content/Internationalization/icudt64l/region/kok.res" 1582
"../../../Engine/Content/Internationalization/icudt64l/lang/ks.res" 1583
"../../../Engine/Content/Internationalization/icudt64l/region/ks.res" 1584
"../../../Engine/Content/Internationalization/icudt64l/lang/ksb.res" 1585
"../../../Engine/Content/Internationalization/icudt64l/region/ksb.res" 1586
"../../../Engine/Content/Internationalization/icudt64l/lang/ksf.res" 1587
"../../../Engine/Content/Internationalization/icudt64l/region/ksf.res" 1588
"../../../Engine/Content/Internationalization/icudt64l/lang/ksh.res" 1589
"../../../Engine/Content/Internationalization/icudt64l/region/ksh.res" 1590
"../../../Engine/Content/Internationalization/icudt64l/lang/ku.res" 1591
"../../../Engine/Content/Internationalization/icudt64l/region/ku.res" 1592
"../../../Engine/Content/Internationalization/icudt64l/lang/kw.res" 1593
"../../../Engine/Content/Internationalization/icudt64l/region/kw.res" 1594
"../../../Engine/Content/Internationalization/icudt64l/lang/ky.res" 1595
"../../../Engine/Content/Internationalization/icudt64l/region/ky.res" 1596
"../../../Engine/Content/Internationalization/icudt64l/lang/lag.res" 1597
"../../../Engine/Content/Internationalization/icudt64l/region/lag.res" 1598
"../../../Engine/Content/Internationalization/icudt64l/lang/lb.res" 1599
"../../../Engine/Content/Internationalization/icudt64l/region/lb.res" 1600
"../../../Engine/Content/Internationalization/icudt64l/lang/lg.res" 1601
"../../../Engine/Content/Internationalization/icudt64l/region/lg.res" 1602
"../../../Engine/Content/Internationalization/icudt64l/lang/lkt.res" 1603
"../../../Engine/Content/Internationalization/icudt64l/region/lkt.res" 1604
"../../../Engine/Content/Internationalization/icudt64l/lang/ln.res" 1605
"../../../Engine/Content/Internationalization/icudt64l/region/ln.res" 1606
"../../../Engine/Content/Internationalization/icudt64l/lang/lo.res" 1607
"../../../Engine/Content/Internationalization/icudt64l/region/lo.res" 1608
"../../../Engine/Content/Internationalization/icudt64l/lang/lrc.res" 1609
"../../../Engine/Content/Internationalization/icudt64l/region/lrc.res" 1610
"../../../Engine/Content/Internationalization/icudt64l/lang/lt.res" 1611
"../../../Engine/Content/Internationalization/icudt64l/region/lt.res" 1612
"../../../Engine/Content/Internationalization/icudt64l/lang/lu.res" 1613
"../../../Engine/Content/Internationalization/icudt64l/region/lu.res" 1614
"../../../Engine/Content/Internationalization/icudt64l/lang/luo.res" 1615
"../../../Engine/Content/Internationalization/icudt64l/region/luo.res" 1616
"../../../Engine/Content/Internationalization/icudt64l/lang/luy.res" 1617
"../../../Engine/Content/Internationalization/icudt64l/region/luy.res" 1618
"../../../Engine/Content/Internationalization/icudt64l/lang/lv.res" 1619
"../../../Engine/Content/Internationalization/icudt64l/region/lv.res" 1620
"../../../Engine/Content/Internationalization/icudt64l/lang/mas.res" 1621
"../../../Engine/Content/Internationalization/icudt64l/region/mas.res" 1622
"../../../Engine/Content/Internationalization/icudt64l/lang/mer.res" 1623
"../../../Engine/Content/Internationalization/icudt64l/region/mer.res" 1624
"../../../Engine/Content/Internationalization/icudt64l/lang/mfe.res" 1625
"../../../Engine/Content/Internationalization/icudt64l/region/mfe.res" 1626
"../../../Engine/Content/Internationalization/icudt64l/lang/mg.res" 1627
"../../../Engine/Content/Internationalization/icudt64l/region/mg.res" 1628
"../../../Engine/Content/Internationalization/icudt64l/lang/mgh.res" 1629
"../../../Engine/Content/Internationalization/icudt64l/region/mgh.res" 1630
"../../../Engine/Content/Internationalization/icudt64l/lang/mgo.res" 1631
"../../../Engine/Content/Internationalization/icudt64l/region/mgo.res" 1632
"../../../Engine/Content/Internationalization/icudt64l/lang/mi.res" 1633
"../../../Engine/Content/Internationalization/icudt64l/region/mi.res" 1634
"../../../Engine/Content/Internationalization/icudt64l/lang/mk.res" 1635
"../../../Engine/Content/Internationalization/icudt64l/region/mk.res" 1636
"../../../Engine/Content/Internationalization/icudt64l/lang/ml.res" 1637
"../../../Engine/Content/Internationalization/icudt64l/region/ml.res" 1638
"../../../Engine/Content/Internationalization/icudt64l/lang/mn.res" 1639
"../../../Engine/Content/Internationalization/icudt64l/region/mn.res" 1640
"../../../Engine/Content/Internationalization/icudt64l/lang/mr.res" 1641
"../../../Engine/Content/Internationalization/icudt64l/region/mr.res" 1642
"../../../Engine/Content/Internationalization/icudt64l/lang/ms.res" 1643
"../../../Engine/Content/Internationalization/icudt64l/region/ms.res" 1644
"../../../Engine/Content/Internationalization/icudt64l/lang/mt.res" 1645
"../../../Engine/Content/Internationalization/icudt64l/region/mt.res" 1646
"../../../Engine/Content/Internationalization/icudt64l/lang/mua.res" 1647
"../../../Engine/Content/Internationalization/icudt64l/region/mua.res" 1648
"../../../Engine/Content/Internationalization/icudt64l/lang/my.res" 1649
"../../../Engine/Content/Internationalization/icudt64l/region/my.res" 1650
"../../../Engine/Content/Internationalization/icudt64l/lang/mzn.res" 1651
"../../../Engine/Content/Internationalization/icudt64l/region/mzn.res" 1652
"../../../Engine/Content/Internationalization/icudt64l/lang/naq.res" 1653
"../../../Engine/Content/Internationalization/icudt64l/region/naq.res" 1654
"../../../Engine/Content/Internationalization/icudt64l/lang/nb.res" 1655
"../../../Engine/Content/Internationalization/icudt64l/lang/nb_NO.res" 1656
"../../../Engine/Content/Internationalization/icudt64l/region/nb_NO.res" 1657
"../../../Engine/Content/Internationalization/icudt64l/region/nb.res" 1658
"../../../Engine/Content/Internationalization/icudt64l/lang/nd.res" 1659
"../../../Engine/Content/Internationalization/icudt64l/region/nd.res" 1660
"../../../Engine/Content/Internationalization/icudt64l/lang/nds.res" 1661
"../../../Engine/Content/Internationalization/icudt64l/region/nds.res" 1662
"../../../Engine/Content/Internationalization/icudt64l/lang/ne.res" 1663
"../../../Engine/Content/Internationalization/icudt64l/region/ne.res" 1664
"../../../Engine/Content/Internationalization/icudt64l/lang/nl.res" 1665
"../../../Engine/Content/Internationalization/icudt64l/region/nl.res" 1666
"../../../Engine/Content/Internationalization/icudt64l/lang/nmg.res" 1667
"../../../Engine/Content/Internationalization/icudt64l/region/nmg.res" 1668
"../../../Engine/Content/Internationalization/icudt64l/lang/nn.res" 1669
"../../../Engine/Content/Internationalization/icudt64l/lang/nn_NO.res" 1670
"../../../Engine/Content/Internationalization/icudt64l/region/nn_NO.res" 1671
"../../../Engine/Content/Internationalization/icudt64l/region/nn.res" 1672
"../../../Engine/Content/Internationalization/icudt64l/lang/nnh.res" 1673
"../../../Engine/Content/Internationalization/icudt64l/region/nnh.res" 1674
"../../../Engine/Content/Internationalization/icudt64l/lang/nus.res" 1675
"../../../Engine/Content/Internationalization/icudt64l/region/nus.res" 1676
"../../../Engine/Content/Internationalization/icudt64l/lang/nyn.res" 1677
"../../../Engine/Content/Internationalization/icudt64l/region/nyn.res" 1678
"../../../Engine/Content/Internationalization/icudt64l/lang/om.res" 1679
"../../../Engine/Content/Internationalization/icudt64l/region/om.res" 1680
"../../../Engine/Content/Internationalization/icudt64l/lang/or.res" 1681
"../../../Engine/Content/Internationalization/icudt64l/region/or.res" 1682
"../../../Engine/Content/Internationalization/icudt64l/lang/os.res" 1683
"../../../Engine/Content/Internationalization/icudt64l/region/os.res" 1684
"../../../Engine/Content/Internationalization/icudt64l/lang/pa.res" 1685
"../../../Engine/Content/Internationalization/icudt64l/lang/pa_Arab.res" 1686
"../../../Engine/Content/Internationalization/icudt64l/lang/pa_PK.res" 1687
"../../../Engine/Content/Internationalization/icudt64l/lang/pa_Arab_PK.res" 1688
"../../../Engine/Content/Internationalization/icudt64l/region/pa_PK.res" 1689
"../../../Engine/Content/Internationalization/icudt64l/region/pa_Arab_PK.res" 1690
"../../../Engine/Content/Internationalization/icudt64l/region/pa_Arab.res" 1691
"../../../Engine/Content/Internationalization/icudt64l/lang/pa_Guru.res" 1692
"../../../Engine/Content/Internationalization/icudt64l/lang/pa_IN.res" 1693
"../../../Engine/Content/Internationalization/icudt64l/lang/pa_Guru_IN.res" 1694
"../../../Engine/Content/Internationalization/icudt64l/region/pa_IN.res" 1695
"../../../Engine/Content/Internationalization/icudt64l/region/pa_Guru_IN.res" 1696
"../../../Engine/Content/Internationalization/icudt64l/region/pa_Guru.res" 1697
"../../../Engine/Content/Internationalization/icudt64l/region/pa.res" 1698
"../../../Engine/Content/Internationalization/icudt64l/lang/pl.res" 1699
"../../../Engine/Content/Internationalization/icudt64l/region/pl.res" 1700
"../../../Engine/Content/Internationalization/icudt64l/lang/ps.res" 1701
"../../../Engine/Content/Internationalization/icudt64l/region/ps.res" 1702
"../../../Engine/Content/Internationalization/icudt64l/lang/ps_PK.res" 1703
"../../../Engine/Content/Internationalization/icudt64l/region/ps_PK.res" 1704
"../../../Engine/Content/Internationalization/icudt64l/lang/pt.res" 1705
"../../../Engine/Content/Internationalization/icudt64l/lang/pt_AO.res" 1706
"../../../Engine/Content/Internationalization/icudt64l/lang/pt_PT.res" 1707
"../../../Engine/Content/Internationalization/icudt64l/region/pt_AO.res" 1708
"../../../Engine/Content/Internationalization/icudt64l/region/pt_PT.res" 1709
"../../../Engine/Content/Internationalization/icudt64l/region/pt.res" 1710
"../../../Engine/Content/Internationalization/icudt64l/lang/pt_CH.res" 1711
"../../../Engine/Content/Internationalization/icudt64l/region/pt_CH.res" 1712
"../../../Engine/Content/Internationalization/icudt64l/lang/pt_CV.res" 1713
"../../../Engine/Content/Internationalization/icudt64l/region/pt_CV.res" 1714
"../../../Engine/Content/Internationalization/icudt64l/lang/pt_GQ.res" 1715
"../../../Engine/Content/Internationalization/icudt64l/region/pt_GQ.res" 1716
"../../../Engine/Content/Internationalization/icudt64l/lang/pt_GW.res" 1717
"../../../Engine/Content/Internationalization/icudt64l/region/pt_GW.res" 1718
"../../../Engine/Content/Internationalization/icudt64l/lang/pt_LU.res" 1719
"../../../Engine/Content/Internationalization/icudt64l/region/pt_LU.res" 1720
"../../../Engine/Content/Internationalization/icudt64l/lang/pt_MO.res" 1721
"../../../Engine/Content/Internationalization/icudt64l/region/pt_MO.res" 1722
"../../../Engine/Content/Internationalization/icudt64l/lang/pt_MZ.res" 1723
"../../../Engine/Content/Internationalization/icudt64l/region/pt_MZ.res" 1724
"../../../Engine/Content/Internationalization/icudt64l/lang/pt_ST.res" 1725
"../../../Engine/Content/Internationalization/icudt64l/region/pt_ST.res" 1726
"../../../Engine/Content/Internationalization/icudt64l/lang/pt_TL.res" 1727
"../../../Engine/Content/Internationalization/icudt64l/region/pt_TL.res" 1728
"../../../Engine/Content/Internationalization/icudt64l/lang/qu.res" 1729
"../../../Engine/Content/Internationalization/icudt64l/region/qu.res" 1730
"../../../Engine/Content/Internationalization/icudt64l/lang/rm.res" 1731
"../../../Engine/Content/Internationalization/icudt64l/region/rm.res" 1732
"../../../Engine/Content/Internationalization/icudt64l/lang/rn.res" 1733
"../../../Engine/Content/Internationalization/icudt64l/region/rn.res" 1734
"../../../Engine/Content/Internationalization/icudt64l/lang/ro.res" 1735
"../../../Engine/Content/Internationalization/icudt64l/lang/ro_MD.res" 1736
"../../../Engine/Content/Internationalization/icudt64l/region/ro_MD.res" 1737
"../../../Engine/Content/Internationalization/icudt64l/region/ro.res" 1738
"../../../Engine/Content/Internationalization/icudt64l/lang/rof.res" 1739
"../../../Engine/Content/Internationalization/icudt64l/region/rof.res" 1740
"../../../Engine/Content/Internationalization/icudt64l/lang/ru.res" 1741
"../../../Engine/Content/Internationalization/icudt64l/region/ru.res" 1742
"../../../Engine/Content/Internationalization/icudt64l/region/ru_UA.res" 1743
"../../../Engine/Content/Internationalization/icudt64l/lang/rw.res" 1744
"../../../Engine/Content/Internationalization/icudt64l/region/rw.res" 1745
"../../../Engine/Content/Internationalization/icudt64l/lang/rwk.res" 1746
"../../../Engine/Content/Internationalization/icudt64l/region/rwk.res" 1747
"../../../Engine/Content/Internationalization/icudt64l/lang/sah.res" 1748
"../../../Engine/Content/Internationalization/icudt64l/region/sah.res" 1749
"../../../Engine/Content/Internationalization/icudt64l/lang/saq.res" 1750
"../../../Engine/Content/Internationalization/icudt64l/region/saq.res" 1751
"../../../Engine/Content/Internationalization/icudt64l/lang/sbp.res" 1752
"../../../Engine/Content/Internationalization/icudt64l/region/sbp.res" 1753
"../../../Engine/Content/Internationalization/icudt64l/lang/sd.res" 1754
"../../../Engine/Content/Internationalization/icudt64l/region/sd.res" 1755
"../../../Engine/Content/Internationalization/icudt64l/lang/se.res" 1756
"../../../Engine/Content/Internationalization/icudt64l/lang/se_FI.res" 1757
"../../../Engine/Content/Internationalization/icudt64l/region/se_FI.res" 1758
"../../../Engine/Content/Internationalization/icudt64l/region/se.res" 1759
"../../../Engine/Content/Internationalization/icudt64l/lang/seh.res" 1760
"../../../Engine/Content/Internationalization/icudt64l/region/seh.res" 1761
"../../../Engine/Content/Internationalization/icudt64l/lang/ses.res" 1762
"../../../Engine/Content/Internationalization/icudt64l/region/ses.res" 1763
"../../../Engine/Content/Internationalization/icudt64l/lang/sg.res" 1764
"../../../Engine/Content/Internationalization/icudt64l/region/sg.res" 1765
"../../../Engine/Content/Internationalization/icudt64l/lang/shi.res" 1766
"../../../Engine/Content/Internationalization/icudt64l/lang/shi_Latn.res" 1767
"../../../Engine/Content/Internationalization/icudt64l/lang/shi_MA.res" 1768
"../../../Engine/Content/Internationalization/icudt64l/lang/shi_Tfng_MA.res" 1769
"../../../Engine/Content/Internationalization/icudt64l/lang/shi_Tfng.res" 1770
"../../../Engine/Content/Internationalization/icudt64l/region/shi_MA.res" 1771
"../../../Engine/Content/Internationalization/icudt64l/region/shi_Tfng_MA.res" 1772
"../../../Engine/Content/Internationalization/icudt64l/region/shi_Tfng.res" 1773
"../../../Engine/Content/Internationalization/icudt64l/region/shi.res" 1774
"../../../Engine/Content/Internationalization/icudt64l/region/shi_Latn.res" 1775
"../../../Engine/Content/Internationalization/icudt64l/lang/si.res" 1776
"../../../Engine/Content/Internationalization/icudt64l/region/si.res" 1777
"../../../Engine/Content/Internationalization/icudt64l/lang/sk.res" 1778
"../../../Engine/Content/Internationalization/icudt64l/region/sk.res" 1779
"../../../Engine/Content/Internationalization/icudt64l/lang/sl.res" 1780
"../../../Engine/Content/Internationalization/icudt64l/region/sl.res" 1781
"../../../Engine/Content/Internationalization/icudt64l/lang/smn.res" 1782
"../../../Engine/Content/Internationalization/icudt64l/region/smn.res" 1783
"../../../Engine/Content/Internationalization/icudt64l/lang/sn.res" 1784
"../../../Engine/Content/Internationalization/icudt64l/region/sn.res" 1785
"../../../Engine/Content/Internationalization/icudt64l/lang/so.res" 1786
"../../../Engine/Content/Internationalization/icudt64l/region/so.res" 1787
"../../../Engine/Content/Internationalization/icudt64l/lang/sq.res" 1788
"../../../Engine/Content/Internationalization/icudt64l/region/sq.res" 1789
"../../../Engine/Content/Internationalization/icudt64l/lang/sr.res" 1790
"../../../Engine/Content/Internationalization/icudt64l/lang/sr_Cyrl.res" 1791
"../../../Engine/Content/Internationalization/icudt64l/lang/sr_BA.res" 1792
"../../../Engine/Content/Internationalization/icudt64l/lang/sr_Cyrl_BA.res" 1793
"../../../Engine/Content/Internationalization/icudt64l/region/sr_BA.res" 1794
"../../../Engine/Content/Internationalization/icudt64l/region/sr_Cyrl_BA.res" 1795
"../../../Engine/Content/Internationalization/icudt64l/region/sr_Cyrl.res" 1796
"../../../Engine/Content/Internationalization/icudt64l/region/sr.res" 1797
"../../../Engine/Content/Internationalization/icudt64l/lang/sr_ME.res" 1798
"../../../Engine/Content/Internationalization/icudt64l/lang/sr_Latn_ME.res" 1799
"../../../Engine/Content/Internationalization/icudt64l/lang/sr_Latn.res" 1800
"../../../Engine/Content/Internationalization/icudt64l/region/sr_ME.res" 1801
"../../../Engine/Content/Internationalization/icudt64l/region/sr_Latn_ME.res" 1802
"../../../Engine/Content/Internationalization/icudt64l/region/sr_Latn.res" 1803
"../../../Engine/Content/Internationalization/icudt64l/lang/sr_Cyrl_ME.res" 1804
"../../../Engine/Content/Internationalization/icudt64l/region/sr_Cyrl_ME.res" 1805
"../../../Engine/Content/Internationalization/icudt64l/lang/sr_RS.res" 1806
"../../../Engine/Content/Internationalization/icudt64l/lang/sr_Cyrl_RS.res" 1807
"../../../Engine/Content/Internationalization/icudt64l/region/sr_RS.res" 1808
"../../../Engine/Content/Internationalization/icudt64l/region/sr_Cyrl_RS.res" 1809
"../../../Engine/Content/Internationalization/icudt64l/lang/sr_XK.res" 1810
"../../../Engine/Content/Internationalization/icudt64l/lang/sr_Cyrl_XK.res" 1811
"../../../Engine/Content/Internationalization/icudt64l/region/sr_XK.res" 1812
"../../../Engine/Content/Internationalization/icudt64l/region/sr_Cyrl_XK.res" 1813
"../../../Engine/Content/Internationalization/icudt64l/lang/sr_Latn_BA.res" 1814
"../../../Engine/Content/Internationalization/icudt64l/region/sr_Latn_BA.res" 1815
"../../../Engine/Content/Internationalization/icudt64l/lang/sr_Latn_RS.res" 1816
"../../../Engine/Content/Internationalization/icudt64l/region/sr_Latn_RS.res" 1817
"../../../Engine/Content/Internationalization/icudt64l/lang/sr_Latn_XK.res" 1818
"../../../Engine/Content/Internationalization/icudt64l/region/sr_Latn_XK.res" 1819
"../../../Engine/Content/Internationalization/icudt64l/lang/sv.res" 1820
"../../../Engine/Content/Internationalization/icudt64l/region/sv.res" 1821
"../../../Engine/Content/Internationalization/icudt64l/lang/sv_FI.res" 1822
"../../../Engine/Content/Internationalization/icudt64l/lang/sw.res" 1823
"../../../Engine/Content/Internationalization/icudt64l/lang/sw_CD.res" 1824
"../../../Engine/Content/Internationalization/icudt64l/region/sw_CD.res" 1825
"../../../Engine/Content/Internationalization/icudt64l/region/sw.res" 1826
"../../../Engine/Content/Internationalization/icudt64l/lang/sw_KE.res" 1827
"../../../Engine/Content/Internationalization/icudt64l/region/sw_KE.res" 1828
"../../../Engine/Content/Internationalization/icudt64l/lang/ta.res" 1829
"../../../Engine/Content/Internationalization/icudt64l/region/ta.res" 1830
"../../../Engine/Content/Internationalization/icudt64l/lang/te.res" 1831
"../../../Engine/Content/Internationalization/icudt64l/region/te.res" 1832
"../../../Engine/Content/Internationalization/icudt64l/lang/teo.res" 1833
"../../../Engine/Content/Internationalization/icudt64l/region/teo.res" 1834
"../../../Engine/Content/Internationalization/icudt64l/lang/tg.res" 1835
"../../../Engine/Content/Internationalization/icudt64l/region/tg.res" 1836
"../../../Engine/Content/Internationalization/icudt64l/lang/th.res" 1837
"../../../Engine/Content/Internationalization/icudt64l/lang/th_TH.res" 1838
"../../../Engine/Content/Internationalization/icudt64l/region/th_TH.res" 1839
"../../../Engine/Content/Internationalization/icudt64l/region/th.res" 1840
"../../../Engine/Content/Internationalization/icudt64l/lang/ti.res" 1841
"../../../Engine/Content/Internationalization/icudt64l/region/ti.res" 1842
"../../../Engine/Content/Internationalization/icudt64l/lang/tk.res" 1843
"../../../Engine/Content/Internationalization/icudt64l/region/tk.res" 1844
"../../../Engine/Content/Internationalization/icudt64l/lang/to.res" 1845
"../../../Engine/Content/Internationalization/icudt64l/region/to.res" 1846
"../../../Engine/Content/Internationalization/icudt64l/lang/tr.res" 1847
"../../../Engine/Content/Internationalization/icudt64l/region/tr.res" 1848
"../../../Engine/Content/Internationalization/icudt64l/lang/tt.res" 1849
"../../../Engine/Content/Internationalization/icudt64l/region/tt.res" 1850
"../../../Engine/Content/Internationalization/icudt64l/lang/twq.res" 1851
"../../../Engine/Content/Internationalization/icudt64l/region/twq.res" 1852
"../../../Engine/Content/Internationalization/icudt64l/lang/tzm.res" 1853
"../../../Engine/Content/Internationalization/icudt64l/region/tzm.res" 1854
"../../../Engine/Content/Internationalization/icudt64l/lang/ug.res" 1855
"../../../Engine/Content/Internationalization/icudt64l/region/ug.res" 1856
"../../../Engine/Content/Internationalization/icudt64l/lang/uk.res" 1857
"../../../Engine/Content/Internationalization/icudt64l/region/uk.res" 1858
"../../../Engine/Content/Internationalization/icudt64l/lang/ur.res" 1859
"../../../Engine/Content/Internationalization/icudt64l/lang/ur_IN.res" 1860
"../../../Engine/Content/Internationalization/icudt64l/region/ur_IN.res" 1861
"../../../Engine/Content/Internationalization/icudt64l/region/ur.res" 1862
"../../../Engine/Content/Internationalization/icudt64l/lang/uz.res" 1863
"../../../Engine/Content/Internationalization/icudt64l/lang/uz_Arab.res" 1864
"../../../Engine/Content/Internationalization/icudt64l/lang/uz_AF.res" 1865
"../../../Engine/Content/Internationalization/icudt64l/lang/uz_Arab_AF.res" 1866
"../../../Engine/Content/Internationalization/icudt64l/region/uz_AF.res" 1867
"../../../Engine/Content/Internationalization/icudt64l/region/uz_Arab_AF.res" 1868
"../../../Engine/Content/Internationalization/icudt64l/region/uz_Arab.res" 1869
"../../../Engine/Content/Internationalization/icudt64l/lang/uz_Cyrl.res" 1870
"../../../Engine/Content/Internationalization/icudt64l/lang/uz_UZ.res" 1871
"../../../Engine/Content/Internationalization/icudt64l/lang/uz_Latn_UZ.res" 1872
"../../../Engine/Content/Internationalization/icudt64l/lang/uz_Latn.res" 1873
"../../../Engine/Content/Internationalization/icudt64l/region/uz_UZ.res" 1874
"../../../Engine/Content/Internationalization/icudt64l/region/uz_Latn_UZ.res" 1875
"../../../Engine/Content/Internationalization/icudt64l/region/uz_Latn.res" 1876
"../../../Engine/Content/Internationalization/icudt64l/region/uz.res" 1877
"../../../Engine/Content/Internationalization/icudt64l/region/uz_Cyrl.res" 1878
"../../../Engine/Content/Internationalization/icudt64l/lang/vai.res" 1879
"../../../Engine/Content/Internationalization/icudt64l/lang/vai_Latn.res" 1880
"../../../Engine/Content/Internationalization/icudt64l/lang/vai_LR.res" 1881
"../../../Engine/Content/Internationalization/icudt64l/lang/vai_Vaii_LR.res" 1882
"../../../Engine/Content/Internationalization/icudt64l/lang/vai_Vaii.res" 1883
"../../../Engine/Content/Internationalization/icudt64l/region/vai_LR.res" 1884
"../../../Engine/Content/Internationalization/icudt64l/region/vai_Vaii_LR.res" 1885
"../../../Engine/Content/Internationalization/icudt64l/region/vai_Vaii.res" 1886
"../../../Engine/Content/Internationalization/icudt64l/region/vai.res" 1887
"../../../Engine/Content/Internationalization/icudt64l/region/vai_Latn.res" 1888
"../../../Engine/Content/Internationalization/icudt64l/lang/vi.res" 1889
"../../../Engine/Content/Internationalization/icudt64l/region/vi.res" 1890
"../../../Engine/Content/Internationalization/icudt64l/lang/vun.res" 1891
"../../../Engine/Content/Internationalization/icudt64l/region/vun.res" 1892
"../../../Engine/Content/Internationalization/icudt64l/lang/wae.res" 1893
"../../../Engine/Content/Internationalization/icudt64l/region/wae.res" 1894
"../../../Engine/Content/Internationalization/icudt64l/lang/wo.res" 1895
"../../../Engine/Content/Internationalization/icudt64l/region/wo.res" 1896
"../../../Engine/Content/Internationalization/icudt64l/lang/xh.res" 1897
"../../../Engine/Content/Internationalization/icudt64l/region/xh.res" 1898
"../../../Engine/Content/Internationalization/icudt64l/lang/xog.res" 1899
"../../../Engine/Content/Internationalization/icudt64l/region/xog.res" 1900
"../../../Engine/Content/Internationalization/icudt64l/lang/yav.res" 1901
"../../../Engine/Content/Internationalization/icudt64l/region/yav.res" 1902
"../../../Engine/Content/Internationalization/icudt64l/lang/yi.res" 1903
"../../../Engine/Content/Internationalization/icudt64l/region/yi.res" 1904
"../../../Engine/Content/Internationalization/icudt64l/lang/yo.res" 1905
"../../../Engine/Content/Internationalization/icudt64l/lang/yo_BJ.res" 1906
"../../../Engine/Content/Internationalization/icudt64l/region/yo_BJ.res" 1907
"../../../Engine/Content/Internationalization/icudt64l/region/yo.res" 1908
"../../../Engine/Content/Internationalization/icudt64l/lang/yue.res" 1909
"../../../Engine/Content/Internationalization/icudt64l/lang/yue_Hans.res" 1910
"../../../Engine/Content/Internationalization/icudt64l/lang/yue_CN.res" 1911
"../../../Engine/Content/Internationalization/icudt64l/lang/yue_Hans_CN.res" 1912
"../../../Engine/Content/Internationalization/icudt64l/region/yue_CN.res" 1913
"../../../Engine/Content/Internationalization/icudt64l/region/yue_Hans_CN.res" 1914
"../../../Engine/Content/Internationalization/icudt64l/region/yue_Hans.res" 1915
"../../../Engine/Content/Internationalization/icudt64l/lang/yue_Hant.res" 1916
"../../../Engine/Content/Internationalization/icudt64l/lang/yue_HK.res" 1917
"../../../Engine/Content/Internationalization/icudt64l/lang/yue_Hant_HK.res" 1918
"../../../Engine/Content/Internationalization/icudt64l/region/yue_HK.res" 1919
"../../../Engine/Content/Internationalization/icudt64l/region/yue_Hant_HK.res" 1920
"../../../Engine/Content/Internationalization/icudt64l/region/yue_Hant.res" 1921
"../../../Engine/Content/Internationalization/icudt64l/region/yue.res" 1922
"../../../Engine/Content/Internationalization/icudt64l/lang/zgh.res" 1923
"../../../Engine/Content/Internationalization/icudt64l/region/zgh.res" 1924
"../../../Engine/Content/Internationalization/icudt64l/lang/zh_HK.res" 1925
"../../../Engine/Content/Internationalization/icudt64l/lang/zh_Hant_HK.res" 1926
"../../../Engine/Content/Internationalization/icudt64l/lang/zh_Hant.res" 1927
"../../../Engine/Content/Internationalization/icudt64l/region/zh_HK.res" 1928
"../../../Engine/Content/Internationalization/icudt64l/region/zh_Hant_HK.res" 1929
"../../../Engine/Content/Internationalization/icudt64l/region/zh_Hant.res" 1930
"../../../Engine/Content/Internationalization/icudt64l/lang/zh_MO.res" 1931
"../../../Engine/Content/Internationalization/icudt64l/lang/zh_Hant_MO.res" 1932
"../../../Engine/Content/Internationalization/icudt64l/region/zh_MO.res" 1933
"../../../Engine/Content/Internationalization/icudt64l/region/zh_Hant_MO.res" 1934
"../../../Engine/Content/Internationalization/icudt64l/lang/zh_SG.res" 1935
"../../../Engine/Content/Internationalization/icudt64l/lang/zh_Hans_SG.res" 1936
"../../../Engine/Content/Internationalization/icudt64l/region/zh_SG.res" 1937
"../../../Engine/Content/Internationalization/icudt64l/region/zh_Hans_SG.res" 1938
"../../../Engine/Content/Internationalization/icudt64l/lang/zh_TW.res" 1939
"../../../Engine/Content/Internationalization/icudt64l/lang/zh_Hant_TW.res" 1940
"../../../Engine/Content/Internationalization/icudt64l/region/zh_TW.res" 1941
"../../../Engine/Content/Internationalization/icudt64l/region/zh_Hant_TW.res" 1942
"../../../Engine/Content/Internationalization/icudt64l/lang/zu.res" 1943
"../../../Engine/Content/Internationalization/icudt64l/region/zu.res" 1944
"../../../Engine/Content/Internationalization/icudt64l/lang/no.res" 1945
"../../../Engine/Content/Internationalization/icudt64l/lang/tl.res" 1946
"../../../Engine/Config/Android/DataDrivenPlatformInfo.ini" 1947
"../../../Engine/Config/IOS/DataDrivenPlatformInfo.ini" 1948
"../../../Engine/Config/Linux/DataDrivenPlatformInfo.ini" 1949
"../../../Engine/Config/Mac/DataDrivenPlatformInfo.ini" 1950
"../../../Engine/Config/TVOS/DataDrivenPlatformInfo.ini" 1951
"../../../Engine/Config/Unix/DataDrivenPlatformInfo.ini" 1952
"../../../Engine/Config/VulkanPC/DataDrivenPlatformInfo.ini" 1953
"../../../Engine/Config/Windows/DataDrivenPlatformInfo.ini" 1954
"../../../Engine/Platforms/VisionOS/Config/DataDrivenPlatformInfo.ini" 1955
"../../../Engine/Content/Renderer/TessellationTable.bin" 1956
"../../../Engine/DerivedDataCache/Compressed.ddp" 1957
"C:/Users/DaleB/AppData/Local/UnrealEngine/5.6/Saved/Zen/zen.version" 1958
"C:/Users/DaleB/AppData/Local/UnrealEngine/Common/Zen/Install/zen.version" 1959
"C:/Users/DaleB/AppData/Local/UnrealEngine/Common/Zen/Install/zenserver.runcontext" 1960
"C:/Users/DaleB/AppData/Local/UnrealEngine/Common/DerivedDataCache/TestData/0/TestData_4kb.dat" 1961
"C:/Users/DaleB/AppData/Local/UnrealEngine/Common/DerivedDataCache/TestData/1/TestData_4kb.dat" 1962
"C:/Users/DaleB/AppData/Local/UnrealEngine/Common/DerivedDataCache/TestData/0/TestData_8kb.dat" 1963
"C:/Users/DaleB/AppData/Local/UnrealEngine/Common/DerivedDataCache/TestData/1/TestData_8kb.dat" 1964
"C:/Users/DaleB/AppData/Local/UnrealEngine/Common/DerivedDataCache/TestData/0/TestData_16kb.dat" 1965
"C:/Users/DaleB/AppData/Local/UnrealEngine/Common/DerivedDataCache/TestData/1/TestData_16kb.dat" 1966
"C:/Users/DaleB/AppData/Local/UnrealEngine/Common/DerivedDataCache/TestData/0/TestData_64kb.dat" 1967
"C:/Users/DaleB/AppData/Local/UnrealEngine/Common/DerivedDataCache/TestData/1/TestData_64kb.dat" 1968
"C:/Users/DaleB/AppData/Local/UnrealEngine/Common/DerivedDataCache/TestData/0/TestData_128kb.dat" 1969
"C:/Users/DaleB/AppData/Local/UnrealEngine/Common/DerivedDataCache/TestData/1/TestData_128kb.dat" 1970
"C:/Users/DaleB/AppData/Local/UnrealEngine/Common/DerivedDataCache/TestData/0/TestData_256kb.dat" 1971
"C:/Users/DaleB/AppData/Local/UnrealEngine/Common/DerivedDataCache/TestData/1/TestData_256kb.dat" 1972
"C:/Users/DaleB/AppData/Roaming/Unreal Engine/UnrealBuildTool/BuildConfiguration.xml" 1973
"../../../../../DaleBruise_Repo/Unreal_Learning/Intermediate/ShaderAutogen/PCD3D_SM6/AutogenShaderHeaders.ush" 1974
"../../../Engine/Shaders/Private/HairStrands/HairStrandsVertexFactory.ush" 1975
"../../../Engine/Shaders/Private/VertexFactoryCommon.ush" 1976
"../../../Engine/Shaders/Private/Common.ush" 1977
"../../../Engine/Shaders/Public/Platform.ush" 1978
"../../../Engine/Shaders/Public/FP16Math.ush" 1979
"../../../Engine/Shaders/Public/Platform/D3D/D3DCommon.ush" 1980
"../../../Engine/Shaders/Shared/HLSLReservedSpaces.h" 1981
"../../../Engine/Shaders/Public/BindlessResources.ush" 1982
"../../../Engine/Shaders/Public/Platform/D3D/PlatformBindlessResources.ush" 1983
"../../../Engine/Shaders/Shared/RayTracingBuiltInResources.h" 1984
"../../../Engine/Shaders/Shared/RayTracingDefinitions.h" 1985
"../../../Engine/Shaders/Public/OverloadMacros.ush" 1986
"../../../Engine/Shaders/Public/ShaderVersion.ush" 1987
"../../../Engine/Shaders/Shared/ThirdParty/NVIDIA/nvHLSLExtns.h" 1988
"../../../Engine/Shaders/Shared/ThirdParty/NVIDIA/nvHLSLExtnsInternal.h" 1989
"../../../Engine/Shaders/Shared/ThirdParty/NVIDIA/nvShaderExtnEnums.h" 1990
"../../../Engine/Shaders/Private/PackUnpack.ush" 1991
"../../../Engine/Shaders/Private/GeneratedUniformBufferTypes.ush" 1992
"../../../Engine/Shaders/Private/Nanite/NanitePackedNaniteView.ush" 1993
"../../../Engine/Shaders/Private/HairStrands/HairStrandsVisibilityCommonStruct.ush" 1994
"../../../Engine/Shaders/Private/HairStrands/HairStrandsVoxelPageCommonStruct.ush" 1995
"../../../Engine/Shaders/Private/HairStrands/HairStrandsDeepShadowCommonStruct.ush" 1996
"../../../Engine/Shaders/Shared/LightSceneData.h" 1997
"../../../Engine/Shaders/Shared/HLSLTypeAliases.h" 1998
"../../../Engine/Shaders/Private/LargeWorldCoordinates.ush" 1999
"../../../Engine/Shaders/Private/DoubleFloat.ush" 2000
"../../../Engine/Shaders/Private/RandomPCG.ush" 2001
"../../../Engine/Shaders/Private/DoubleFloatOperations.ush" 2002
"../../../Engine/Shaders/Private/DoubleFloatVectorDefinition.ush" 2003
"../../../Engine/Shaders/Private/LWCOperations.ush" 2004
"../../../Engine/Shaders/Shared/LightViewData.h" 2005
"../../../Engine/Shaders/Shared/RayTracingTypes.h" 2006
"../../../Engine/Shaders/Shared/HLSLStaticAssert.h" 2007
"../../../Engine/Shaders/Private/CommonViewUniformBuffer.ush" 2008
"../../../Engine/Shaders/Private/InstancedStereo.ush" 2009
"../../../Engine/Shaders/Private/Definitions.usf" 2010
"../../../Engine/Shaders/Private/AssertionMacros.ush" 2011
"../../../Engine/Shaders/Private/FastMath.ush" 2012
"../../../Engine/Shaders/Private/FastMathThirdParty.ush" 2013
"../../../Engine/Shaders/Private/Random.ush" 2014
"../../../Engine/Shaders/Private/RandomInterleavedGradientNoise.ush" 2015
"../../../Engine/Shaders/Private/SceneData.ush" 2016
"../../../Engine/Shaders/Private/OctahedralCommon.ush" 2017
"../../../Engine/Shaders/Private/WaveOpUtil.ush" 2018
"../../../Engine/Shaders/Private/ByteBuffer.ush" 2019
"../../../Engine/Shaders/Shared/SceneDefinitions.h" 2020
"../../../Engine/Shaders/Private/SceneDataMobileLoader.ush" 2021
"../../../Engine/Shaders/Private/LocalVertexFactoryCommon.ush" 2022
"../../../Engine/Shaders/Private/HairStrands/HairStrandsVisibilityCommon.ush" 2023
"../../../Engine/Shaders/Shared/HairStrandsDefinitions.h" 2024
"../../../Engine/Shaders/Private/HairStrands/HairStrandsVertexFactoryCommon.ush" 2025
"../../../Engine/Shaders/Private/HairStrands/HairStrandsPack.ush" 2026
"../../../Engine/Shaders/Private/HairStrands/HairStrandsAttributeCommon.ush" 2027
"../../../Engine/Shaders/Private/HairStrands/HairStrandsAttributeTemplate.ush" 2028
"../../../Engine/Shaders/Private/VertexFactoryDefaultInterface.ush" 2029
"../../../Engine/Shaders/Private/HairStrands/HairCardsVertexFactory.ush" 2030
"../../../Engine/Shaders/Private/HairStrands/HairCardsAttributeCommon.ush" 2031
"../../../Engine/Shaders/Private/RayTracing/RayTracingCommon.ush" 2032
"../../../Engine/Shaders/Private/ShadingCommon.ush" 2033
"../../../Engine/Shaders/Shared/RayTracingPayloadType.h" 2034
"../../../Engine/Shaders/Private/RayTracing/RayTracingRayCone.ush" 2035
"../../../Engine/Shaders/Private/Substrate/Substrate.ush" 2036
"../../../Engine/Shaders/Private/ShadingEnergyConservation.ush" 2037
"../../../Engine/Shaders/Private/ShadingEnergyConservationTemplate.ush" 2038
"../../../Engine/Shaders/Private/BRDF.ush" 2039
"../../../Engine/Shaders/Private/ColorSpace.ush" 2040
"../../../Engine/Shaders/Private/DeferredShadingCommon.ush" 2041
"../../../Engine/Shaders/Private/LightAccumulator.ush" 2042
"../../../Engine/Shaders/Private/SceneTexturesCommon.ush" 2043
"../../../Engine/Shaders/Private/MonteCarlo.ush" 2044
"../../../Engine/Shaders/Private/GBufferHelpers.ush" 2045
"../../../Engine/Shaders/Private/SceneTextureParameters.ush" 2046
"E:/DaleBruise_Repo/Unreal_Learning/Intermediate/ShaderAutogen/PCD3D_SM6/AutogenShaderHeaders.ush" 2047
"../../../Engine/Shaders/Private/ParticipatingMediaCommon.ush" 2048
"../../../Engine/Shaders/Private/ThinFilmBSDF.ush" 2049
"../../../Engine/Shaders/Private/MortonCode.ush" 2050
"../../../Engine/Shaders/Private/SubsurfaceProfileCommon.ush" 2051
"../../../Engine/Shaders/Private/BurleyNormalizedSSSCommon.ush" 2052
"../../../Engine/Shaders/Private/GammaCorrectionCommon.ush" 2053
"../../../Engine/Shaders/Shared/SubstrateDefinitions.h" 2054
"../../../Engine/Shaders/Private/Substrate/SubstrateStatisticalOperators.ush" 2055
"../../../Engine/Shaders/Private/Substrate/SubstrateSubsurface.ush" 2056
"../../../Engine/Shaders/Private/TransmissionCommon.ush" 2057
"../../../Engine/Shaders/Private/Substrate/SubstrateExportCommon.ush" 2058
"../../../Engine/Shaders/Private/SpecularProfileCommon.ush" 2059
"../../../Engine/Shaders/Private/RayTracing/RayTracingCommonMetal.ush" 2060
"../../../Engine/Shaders/Private/PositionReconstructionCommon.ush" 2061
"../../../Engine/Shaders/Private/RayTracing/TraceRayInline.ush" 2062
"../../../Engine/Shaders/Private/RayTracing/TraceRayInlineCommon.ush" 2063
"../../../Engine/Shaders/Private/RayTracing/TraceRayInlineVulkan.ush" 2064
"../../../Engine/Shaders/Private/RayTracing/TraceRayInlineMetal.ush" 2065
"../../../Engine/Shaders/Private/RayTracing/TraceRayInlineD3D12.ush" 2066
"../../../Engine/Shaders/Private/RayTracing/RayTracingHitGroupCommon.ush" 2067
"../../../Engine/Shaders/Private/Nanite/NaniteRayTrace.ush" 2068
"../../../Engine/Shaders/Private/Nanite/NaniteDataDecode.ush" 2069
"../../../Engine/Shaders/Private/BitPacking.ush" 2070
"../../../Engine/Shaders/Private/BitStreamReaderImplementation.ush" 2071
"../../../Engine/Shaders/Private/BoneTransform.ush" 2072
"../../../Engine/Shaders/Private/Quaternion.ush" 2073
"../../../Engine/Shaders/Shared/NaniteDefinitions.h" 2074
"../../../Engine/Shaders/Shared/SkinningDefinitions.h" 2075
"../../../Engine/Shaders/Private/Nanite/NaniteAttributeDecode.ush" 2076
"../../../Engine/Shaders/Private/Barycentrics.ush" 2077
"../../../Engine/Shaders/Private/DualNumber.ush" 2078
"../../../Engine/Shaders/Shared/ThirdParty/RayTriangleIntersection.h" 2079
"../../../Engine/Shaders/Private/Nanite/NaniteVertexFetch.ush" 2080
"../../../Engine/Shaders/Private/Nanite/NaniteSceneCommon.ush" 2081
"../../../Engine/Plugins/FX/Niagara/Shaders/Private/NiagaraSpriteVertexFactory.ush" 2082
"../../../Engine/Shaders/Private/ParticleVertexFactoryCommon.ush" 2083
"../../../Engine/Plugins/FX/Niagara/Shaders/Private/NiagaraVFCommon.usf" 2084
"../../../Engine/Plugins/FX/Niagara/Shaders/Private/NiagaraVFParticleAccess.usf" 2085
"../../../Engine/Plugins/FX/Niagara/Shaders/Private/NiagaraParticleAccess.ush" 2086
"../../../Engine/Plugins/FX/Niagara/Shaders/Private/NiagaraRibbonVertexFactory.ush" 2087
"../../../Engine/Plugins/FX/Niagara/Shaders/Private/NiagaraMeshVertexFactory.ush" 2088
"../../../Engine/Plugins/FX/Niagara/Shaders/Private/NiagaraCommon.ush" 2089
"../../../Engine/Plugins/FX/Niagara/Shaders/Private/NiagaraMeshParticleUtils.ush" 2090
"../../../Engine/Shaders/Private/VectorFieldVisualizationVertexFactory.ush" 2091
"../../../Engine/Shaders/Private/Nanite/NaniteVertexFactory.ush" 2092
"../../../Engine/Shaders/Private/LightmapData.ush" 2093
"../../../Engine/Shaders/Private/SplineMeshCommon.ush" 2094
"../../../Engine/Shaders/Shared/SplineMeshShaderParams.h" 2095
"../../../Engine/Shaders/Private/ShaderPrint.ush" 2096
"../../../Engine/Shaders/Private/ShaderPrintCommon.ush" 2097
"../../../Engine/Shaders/Private/MiniFontCommon.ush" 2098
"../../../Engine/Shaders/Private/MaterialCache/MaterialCacheCommon.ush" 2099
"../../../Engine/Shaders/Shared/MaterialCacheDefinitions.h" 2100
"../../../Engine/Shaders/Private/Nanite/NaniteVertexDeformation.ush" 2101
"../../../Engine/Shaders/Private/ViewData.ush" 2102
"../../../Engine/Shaders/Shared/ViewDefinitions.h" 2103
"../../../Engine/Shaders/Private/Matrices.ush" 2104
"../../../Engine/Shaders/Private/ParticleSpriteVertexFactory.ush" 2105
"../../../Engine/Shaders/Private/ParticleGPUSpriteVertexFactory.ush" 2106
"../../../Engine/Shaders/Private/ParticleSimulationCommon.ush" 2107
"../../../Engine/Shaders/Private/ParticleBeamTrailVertexFactory.ush" 2108
"../../../Engine/Shaders/Private/MeshParticleVertexFactory.ush" 2109
"../../../Engine/Shaders/Private/LocalVertexFactory.ush" 2110
"../../../Engine/Shaders/Private/GpuSkinCommon.ush" 2111
"../../../Engine/Shaders/Private/GpuSkinVertexFactory.ush" 2112
"../../../Engine/Shaders/Private/GeometryCollectionVertexFactory.ush" 2113
"../../../Engine/Shaders/Private/GeometryCacheVertexFactory.ush" 2114
"../../../Engine/Shaders/Private/LandscapeVertexFactory.ush" 2115
"../../../Engine/Plugins/Experimental/Compositing/CompositeCore/Shaders/Private/CompositeCoreMerge.usf" 2116
"../../../Engine/Shaders/Private/ScreenPass.ush" 2117
"../../../Engine/Shaders/Private/LensDistortion.ush" 2118
"../../../Engine/Plugins/Experimental/Compositing/CompositeCore/Shaders/Private/CompositeCoreDisplayTransform.usf" 2119
"../../../Engine/Plugins/Experimental/Compositing/CompositeCore/Shaders/Private/CompositeCoreDilate.usf" 2120
"../../../Engine/Plugins/NNE/NNEDenoiser/Shaders/NNEDenoiserShadersTransferFunctionOidn.usf" 2121
"../../../Engine/Plugins/NNE/NNEDenoiser/Shaders/NNEDenoiserShadersMappedCopy.usf" 2122
"../../../Engine/Plugins/NNE/NNEDenoiser/Shaders/NNEDenoiserShadersDefaultIOProcess.usf" 2123
"../../../Engine/Plugins/NNE/NNEDenoiser/Shaders/NNEDenoiserShadersAutoExposureReduceFinal.usf" 2124
"../../../Engine/Plugins/NNE/NNEDenoiser/Shaders/NNEDenoiserShadersAutoExposureReduce.usf" 2125
"../../../Engine/Plugins/NNE/NNEDenoiser/Shaders/NNEDenoiserShadersAutoExposureDownsample.usf" 2126
"../../../Engine/Plugins/Media/WmfMedia/Shaders/Private/MediaHardwareVideoDecoding.usf" 2127
"../../../Engine/Shaders/Private/ColorUtils.ush" 2128
"../../../Engine/Plugins/Media/ImgMedia/Shaders/Private/ExrSwizzler.usf" 2129
"../../../Engine/Plugins/Experimental/NFORDenoise/Shaders/NFORDenoise.usf" 2130
"../../../Engine/Plugins/Experimental/NFORDenoise/Shaders/NFORRegressionCommon.ush" 2131
"../../../Engine/Plugins/Experimental/NFORDenoise/Shaders/NFORRegression.ush" 2132
"../../../Engine/Plugins/Enterprise/GLTFExporter/Shaders/Private/SimpleTexture2DPS.usf" 2133
"../../../Engine/Shaders/Private/SimpleElementNormalMapPixelShader.usf" 2134
"../../../Engine/Plugins/VirtualProduction/CameraCalibrationCore/Shaders/Private/CrosshairOverlay.usf" 2135
"../../../Engine/Plugins/VirtualProduction/CameraCalibrationCore/Shaders/Private/DisplacementMapBlending.usf" 2136
"../../../Engine/Plugins/VirtualProduction/CameraCalibrationCore/Shaders/Private/RecenterSTDisplacementMaps.usf" 2137
"../../../Engine/Plugins/VirtualProduction/CameraCalibrationCore/Shaders/Private/FillSTDisplacementMap.usf" 2138
"../../../Engine/Plugins/VirtualProduction/CameraCalibrationCore/Shaders/Private/InvertDisplacementMap.usf" 2139
"../../../Engine/Plugins/VirtualProduction/CameraCalibrationCore/Shaders/Private/CropDisplacementMap.usf" 2140
"../../../Engine/Plugins/VirtualProduction/CameraCalibrationCore/Shaders/Private/BlendDisplacementMaps.usf" 2141
"../../../Engine/Plugins/VirtualProduction/CameraCalibrationCore/Shaders/Private/DrawDisplacementMaps.usf" 2142
"../../../Engine/Plugins/VirtualProduction/CameraCalibrationCore/Shaders/Private/UndistortImagePoints.usf" 2143
"../../../Engine/Plugins/VirtualProduction/CameraCalibrationCore/Shaders/Private/DistortionSTMapProcessor.usf" 2144
"../../../Engine/Plugins/Runtime/HairStrands/Shaders/Private/NiagaraCopyVelocityGrid.usf" 2145
"../../../Engine/Plugins/Runtime/HairStrands/Shaders/Private/NiagaraClearVelocityGrid.usf" 2146
"../../../Engine/Plugins/Runtime/HairStrands/Shaders/Private/NiagaraClearPressureGrid.usf" 2147
"../../../Engine/Plugins/Runtime/HairStrands/Shaders/Private/NiagaraInterpolateGroomGuides.usf" 2148
"../../../Engine/Plugins/Runtime/HairStrands/Shaders/Private/NiagaraGroomInterpolationUtils.ush" 2149
"../../../Engine/Plugins/FX/Niagara/Shaders/Private/NiagaraQuaternionUtils.ush" 2150
"../../../Engine/Shaders/Private/HairStrands/HairStrandsMesh.usf" 2151
"../../../Engine/Shaders/Private/HairStrands/HairStrandsBindingCommon.ush" 2152
"../../../Engine/Shaders/Private/HairStrands/HairStrandsFollicleMask.usf" 2153
"../../../Engine/Shaders/Private/HairStrands/HairStrandsSkinUpdate.usf" 2154
"../../../Engine/Shaders/Private/HairStrands/HairStrandsClusterCulling.usf" 2155
"../../../Engine/Shaders/Private/ColorMap.ush" 2156
"../../../Engine/Shaders/Private/HairStrands/HairStrandsAABBCommon.ush" 2157
"../../../Engine/Shaders/Private/HairStrands/HairStrandsClusterCommon.ush" 2158
"../../../Engine/Shaders/Private/ThreadGroupPrefixSum.ush" 2159
"../../../Engine/Shaders/Private/HairStrands/HairStrandsRaytracingGeometry.usf" 2160
"../../../Engine/Shaders/Private/HairStrands/HairStrandsTangent.usf" 2161
"../../../Engine/Shaders/Private/HairStrands/HairCardsDeformation.usf" 2162
"../../../Engine/Shaders/Private/HairStrands/HairStrandsInterpolation.usf" 2163
"../../../Engine/Shaders/Private/HairStrands/HairStrandsGuideDeform.usf" 2164
"../../../Engine/Shaders/Private/HairStrands/HairStrandsTexturesGeneration.usf" 2165
"../../../Engine/Shaders/Private/HairStrands/HairCardsTextureCommon.ush" 2166
"../../../Engine/Shaders/Private/HairStrands/HairStrandsTranscode.usf" 2167
"../../../Engine/Shaders/Private/HairStrands/HairStrandsDebug.usf" 2168
"../../../Engine/Shaders/Private/HairShadingCommon.ush" 2169
"../../../Engine/Shaders/Private/PostProcessCommon.ush" 2170
"../../../Engine/Shaders/Private/ShadingModels.ush" 2171
"../../../Engine/Shaders/Private/CapsuleLight.ush" 2172
"../../../Engine/Shaders/Private/RectLight.ush" 2173
"../../../Engine/Shaders/Private/LightData.ush" 2174
"../../../Engine/Shaders/Shared/LightDefinitions.h" 2175
"../../../Engine/Shaders/Private/AreaLightCommon.ush" 2176
"../../../Engine/Shaders/Private/HairBsdf.ush" 2177
"../../../Engine/Shaders/Private/MobileGGX.ush" 2178
"../../../Engine/Shaders/Private/HairStrands/HairStrandsCommon.ush" 2179
"../../../Engine/Shaders/Private/HairStrands/HairStrandsEnvironmentLightingCommon.ush" 2180
"../../../Engine/Shaders/Private/HairStrands/HairStrandsDeepTransmittanceCommon.ush" 2181
"../../../Engine/Shaders/Private/HairStrands/HairStrandsDeepTransmittanceDualScattering.ush" 2182
"../../../Engine/Shaders/Private/HairStrands/HairStrandsDeepShadowCommon.ush" 2183
"../../../Engine/Shaders/Private/HairStrands/HairStrandsDebugCommonStruct.ush" 2184
"../../../Engine/Plugins/FX/Niagara/Shaders/Private/NiagaraVertexFactoryExport.usf" 2185
"../../../Engine/Shaders/Private/ComputeShaderUtils.ush" 2186
"../../../Engine/Shaders/Private/MaterialTemplate.ush" 2187
"../../../Engine/Shaders/Private/WorldSpaceMath.ush" 2188
"../../../Engine/Shaders/Private/EyeAdaptationCommon.ush" 2189
"../../../Engine/Shaders/Private/SobolRandom.ush" 2190
"../../../Engine/Shaders/Private/DepthOfFieldCommon.ush" 2191
"../../../Engine/Shaders/Private/CircleDOFCommon.ush" 2192
"../../../Engine/Shaders/Private/DistanceField/GlobalDistanceFieldShared.ush" 2193
"../../../Engine/Shaders/Private/PhysicsFieldSampler.ush" 2194
"../../../Engine/Shaders/Private/PhysicsFieldShared.ush" 2195
"../../../Engine/Shaders/Private/SparseVolumeTexture/SparseVolumeTextureCommon.ush" 2196
"../../../Engine/Shaders/Shared/EnvironmentComponentsFlags.h" 2197
"../../../Engine/Shaders/Private/MeshPaintTextureCommon.ush" 2198
"../../../Engine/Shaders/Private/VirtualTextureMaterial.ush" 2199
"../../../Engine/Shaders/Private/MaterialCache/MaterialCacheMaterialCommon.ush" 2200
"../../../Engine/Shaders/Private/MaterialCache/MaterialCacheABuffer.ush" 2201
"../../../Engine/Shaders/Private/SpeedTreeCommon.ush" 2202
"../../../Engine/Shaders/Private/VirtualTextureCommon.ush" 2203
"../../../Engine/Shaders/Private/MaterialTexture.ush" 2204
"../../../Engine/Shaders/Private/MinMaterialTexCoords.ush" 2205
"../../../Engine/Shaders/Private/SkyAtmosphereCommon.ush" 2206
"../../../Engine/Shaders/Private/SingleLayerWaterCommon.ush" 2207
"../../../Engine/Shaders/Private/TextureSampling.ush" 2208
"../../../Engine/Shaders/Private/PaniniProjection.ush" 2209
"../../../Engine/Shaders/Private/DBufferNormalReprojection.ush" 2210
"../../../Engine/Shaders/Public/SubstratePublic.ush" 2211
"../../../Engine/Shaders/Private/Substrate/SubstrateTree.ush" 2212
"../../../Engine/Shaders/Private/Substrate/SubstrateEvaluation.ush" 2213
"../../../Engine/Shaders/Private/Substrate/Glint/GlintThirdParty.ush" 2214
"../../../Engine/Shaders/Private/BlueNoise.ush" 2215
"../../../Engine/Shaders/Private/SHCommon.ush" 2216
"../../../Engine/Shaders/Private/ShadingModelsSampling.ush" 2217
"../../../Engine/Shaders/Private/HairStrands/HairBsdfSample.ush" 2218
"../../../Engine/Shaders/Private/Substrate/SubstrateLegacyConversion.ush" 2219
"../../../Engine/Shaders/Private/DBufferDecalShared.ush" 2220
"../../../Engine/Plugins/FX/Niagara/Shaders/Private/NiagaraSortKeyGen.usf" 2221
"../../../Engine/Plugins/FX/Niagara/Shaders/Private/NiagaraGPURayTracingTransforms.usf" 2222
"../../../Engine/Plugins/FX/Niagara/Shaders/Private/NiagaraDrawIndirectArgsGen.usf" 2223
"../../../Engine/Plugins/FX/Niagara/Shaders/Private/NiagaraDispatchIndirectArgsGen.usf" 2224
"../../../Engine/Plugins/FX/Niagara/Shaders/Private/Stateless/NiagaraStatelessSimulationDefault.usf" 2225
"../../../Engine/Plugins/FX/Niagara/Shaders/Private/Stateless/NiagaraStatelessSimulationTemplate.ush" 2226
"../../../Engine/Plugins/FX/Niagara/Shaders/Private/Stateless/NiagaraStatelessCommon.ush" 2227
"../../../Engine/Plugins/FX/Niagara/Shaders/Shared/NiagaraStatelessDefinitions.h" 2228
"../../../Engine/Plugins/FX/Niagara/Shaders/Shared/NiagaraStatelessBuiltDistribution.h" 2229
"../../../Engine/Plugins/FX/Niagara/Shaders/Private/Stateless/NiagaraStatelessDistribution.ush" 2230
"../../../Engine/Plugins/FX/Niagara/Shaders/Private/Stateless/Modules/NiagaraStatelessModule_CalculateAccurateVelocity.ush" 2231
"../../../Engine/Plugins/FX/Niagara/Shaders/Private/Stateless/Modules/NiagaraStatelessModule_CameraOffset.ush" 2232
"../../../Engine/Plugins/FX/Niagara/Shaders/Private/Stateless/Modules/NiagaraStatelessModule_DynamicMaterialParameters.ush" 2233
"../../../Engine/Plugins/FX/Niagara/Shaders/Private/Stateless/Modules/NiagaraStatelessModule_InitializeParticle.ush" 2234
"../../../Engine/Plugins/FX/Niagara/Shaders/Private/Stateless/Modules/NiagaraStatelessModule_InitialMeshOrientation.ush" 2235
"../../../Engine/Plugins/FX/Niagara/Shaders/Private/Stateless/Modules/NiagaraStatelessModule_MeshIndex.ush" 2236
"../../../Engine/Plugins/FX/Niagara/Shaders/Private/Stateless/Modules/NiagaraStatelessModule_MeshRotationRate.ush" 2237
"../../../Engine/Plugins/FX/Niagara/Shaders/Private/Stateless/Modules/NiagaraStatelessModule_RotateAroundPoint.ush" 2238
"../../../Engine/Plugins/FX/Niagara/Shaders/Private/Stateless/Modules/NiagaraStatelessModule_ShapeLocation.ush" 2239
"../../../Engine/Plugins/FX/Niagara/Shaders/Private/Stateless/Modules/NiagaraStatelessModule_ScaleColor.ush" 2240
"../../../Engine/Plugins/FX/Niagara/Shaders/Private/Stateless/Modules/NiagaraStatelessModule_ScaleRibbonWidth.ush" 2241
"../../../Engine/Plugins/FX/Niagara/Shaders/Private/Stateless/Modules/NiagaraStatelessModule_ScaleSpriteSize.ush" 2242
"../../../Engine/Plugins/FX/Niagara/Shaders/Private/Stateless/Modules/NiagaraStatelessModule_ScaleSpriteSizeBySpeed.ush" 2243
"../../../Engine/Plugins/FX/Niagara/Shaders/Private/Stateless/Modules/NiagaraStatelessModule_ScaleMeshSize.ush" 2244
"../../../Engine/Plugins/FX/Niagara/Shaders/Private/Stateless/Modules/NiagaraStatelessModule_ScaleMeshSizebySpeed.ush" 2245
"../../../Engine/Plugins/FX/Niagara/Shaders/Private/Stateless/Modules/NiagaraStatelessModule_SolveVelocitiesAndForces.ush" 2246
"../../../Engine/Plugins/FX/Niagara/Shaders/Private/Stateless/Modules/NiagaraStatelessModule_SpriteFacingAndAlignment.ush" 2247
"../../../Engine/Plugins/FX/Niagara/Shaders/Private/Stateless/Modules/NiagaraStatelessModule_SpriteRotationRate.ush" 2248
"../../../Engine/Plugins/FX/Niagara/Shaders/Private/Stateless/Modules/NiagaraStatelessModule_SubUVAnimation.ush" 2249
"../../../Engine/Plugins/FX/Niagara/Shaders/Private/NiagaraBlendSVTsToDenseBuffer.usf" 2250
"../../../Engine/Plugins/FX/Niagara/Shaders/Private/NiagaraSVTToDenseBuffer.usf" 2251
"../../../Engine/Plugins/FX/Niagara/Shaders/Private/NiagaraFillIntBuffer.usf" 2252
"../../../Engine/Plugins/FX/Niagara/Shaders/Private/NiagaraComputeFreeIDs.usf" 2253
"../../../Engine/Plugins/FX/Niagara/Shaders/Private/NiagaraInitFreeIDBuffer.usf" 2254
"../../../Engine/Plugins/FX/Niagara/Shaders/Private/NiagaraEmitterInstanceShader.usf" 2255
"../../../Engine/Plugins/FX/Niagara/Shaders/Private/NiagaraShaderVersion.ush" 2256
"../../../Engine/Plugins/FX/Niagara/Shaders/Private/NiagaraPhysicsCommon.ush" 2257
"../../../Engine/Plugins/FX/Niagara/Shaders/Private/Ribbons/NiagaraRibbonAggregationApply.usf" 2258
"../../../Engine/Plugins/FX/Niagara/Shaders/Private/Ribbons/NiagaraRibbonCommon.ush" 2259
"../../../Engine/Plugins/FX/Niagara/Shaders/Private/Ribbons/NiagaraRibbonAggregationStep.usf" 2260
"../../../Engine/Plugins/FX/Niagara/Shaders/Private/Ribbons/NiagaraRibbonGenerateIndices.usf" 2261
"../../../Engine/Plugins/FX/Niagara/Shaders/Private/Ribbons/NiagaraRibbonInitializeIndices.usf" 2262
"../../../Engine/Plugins/FX/Niagara/Shaders/Private/Ribbons/NiagaraRibbonRibbonUVParamCalculation.usf" 2263
"../../../Engine/Plugins/FX/Niagara/Shaders/Private/Ribbons/NiagaraRibbonVertexReductionFinalization.usf" 2264
"../../../Engine/Plugins/FX/Niagara/Shaders/Private/Ribbons/NiagaraRibbonVertexReductionInitialization.usf" 2265
"../../../Engine/Plugins/FX/Niagara/Shaders/Private/Ribbons/NiagaraRibbonSortParticles.usf" 2266
"../../../Engine/Plugins/FX/Niagara/Shaders/Private/NiagaraLWCHelper.usf" 2267
"../../../Engine/Plugins/FX/Niagara/Shaders/Private/NiagaraUpdateMeshGPUSceneInstances.usf" 2268
"../../../Engine/Shaders/Private/GPUScene/GPUSceneWriter.ush" 2269
"../../../Engine/Plugins/FX/Niagara/Shaders/Private/NiagaraGenerateMips.usf" 2270
"../../../Engine/Plugins/FX/Niagara/Shaders/Private/NiagaraDebugDraw.usf" 2271
"../../../Engine/Plugins/FX/Niagara/Shaders/Private/NiagaraDebugDraw.ush" 2272
"../../../Engine/Plugins/FX/Niagara/Shaders/Private/NiagaraVisualizeTexture.usf" 2273
"../../../Engine/Plugins/FX/Niagara/Shaders/Private/NiagaraClearCounts.usf" 2274
"../../../Engine/Plugins/FX/Niagara/Shaders/Private/NiagaraBatchedElements.usf" 2275
"../../../Engine/Plugins/FX/Niagara/Shaders/Private/NiagaraRayTracingShaders.usf" 2276
"../../../Engine/Plugins/FX/Niagara/Shaders/Private/NiagaraAsyncGpuTraceCommon.ush" 2277
"../../../Engine/Shaders/Private/HashTable.ush" 2278
"../../../Engine/Shaders/Private/Hash.ush" 2279
"../../../Engine/Shaders/Private/RayTracing/VFXTraceRay.ush" 2280
"../../../Engine/Plugins/FX/Niagara/Shaders/Private/NiagaraRayMarchingShaders.usf" 2281
"../../../Engine/Plugins/FX/Niagara/Shaders/Private/NiagaraRayTraceCollisionGroupShaders.usf" 2282
"../../../Engine/Plugins/FX/Niagara/Shaders/Private/NiagaraAsyncGpuTraceUtils.usf" 2283
"../../../Engine/Plugins/Runtime/ComputeFramework/Shaders/Private/ComputeKernel.usf" 2284
"../../../Engine/Plugins/Runtime/ComputeFramework/Shaders/Private/ComputeKernelCommon.ush" 2285
"../../../Engine/Shaders/Private/VirtualTextureAdapter.usf" 2286
"../../../Engine/Shaders/Private/BlockCompressionCommon.ush" 2287
"../../../Engine/Shaders/Private/BCCompressionCommon.ush" 2288
"../../../Engine/Shaders/Private/TranslucentLightingShaders.usf" 2289
"../../../Engine/Shaders/Private/CubemapCommon.ush" 2290
"../../../Engine/Shaders/Private/VectorFieldCompositeShaders.usf" 2291
"../../../Engine/Shaders/Private/UpdateTextureShaders.usf" 2292
"../../../Engine/Shaders/Private/StereoLayerShader.usf" 2293
"../../../Engine/Shaders/Private/SparseVolumeTexture/UpdateSparseVolumeTexture.usf" 2294
"../../../Engine/Shaders/Private/MorphTargets.usf" 2295
"../../../Engine/Shaders/Private/SimpleElementColorChannelMaskPixelShader.usf" 2296
"../../../Engine/Shaders/Private/SimpleElementHitProxyPixelShader.usf" 2297
"../../../Engine/Shaders/Private/SimpleElementPixelShader.usf" 2298
"../../../Engine/Shaders/Private/IESLightProfilesCommon.ush" 2299
"../../../Engine/Shaders/Private/SimpleElementVertexShader.usf" 2300
"../../../Engine/Shaders/Private/ScreenPixelShaderOES.usf" 2301
"../../../Engine/Shaders/Private/ScreenVertexShader.usf" 2302
"../../../Engine/Shaders/Private/ScreenPixelShader.usf" 2303
"../../../Engine/Shaders/Private/SSProfilePreIntegratedMobile.usf" 2304
"../../../Engine/Shaders/Private/SpecularProfile.usf" 2305
"../../../Engine/Shaders/Private/Nanite/NaniteStreaming.usf" 2306
"../../../Engine/Shaders/Private/Nanite/NaniteStreaming.ush" 2307
"../../../Engine/Shaders/Private/Nanite/NaniteTranscode.usf" 2308
"../../../Engine/Shaders/Private/VolumetricLightmapStreaming.usf" 2309
"../../../Engine/Shaders/Private/PhysicsFieldReset.usf" 2310
"../../../Engine/Shaders/Private/PhysicsFieldBuilder.usf" 2311
"../../../Engine/Shaders/Private/PhysicsFieldEval.ush" 2312
"../../../Engine/Shaders/Private/ParticleSortKeyGen.usf" 2313
"../../../Engine/Shaders/Private/ParticleBoundsShader.usf" 2314
"../../../Engine/Shaders/Private/ParticleSimVisualizeShader.usf" 2315
"../../../Engine/Shaders/Private/ParticleInjectionShader.usf" 2316
"../../../Engine/Shaders/Private/ParticleSimulationShader.usf" 2317
"../../../Engine/Shaders/Private/ParticleCurveInjectionShader.usf" 2318
"../../../Engine/Shaders/Private/CopyUIntBuffer.usf" 2319
"../../../Engine/Shaders/Private/RadixSortShaders.usf" 2320
"../../../Engine/Shaders/Private/RecomputeTangentsPerVertexPass.usf" 2321
"../../../Engine/Shaders/Private/RecomputeTangentsCommon.ush" 2322
"../../../Engine/Shaders/Private/RecomputeTangentsPerTrianglePass.usf" 2323
"../../../Engine/Shaders/Private/GpuSkinCacheComputeShader.usf" 2324
"../../../Engine/Shaders/Private/HeightFieldAtlasManagement.usf" 2325
"../../../Engine/Shaders/Private/Landscape/LandscapeEditLayersUtils.usf" 2326
"../../../Engine/Shaders/Private/Landscape/LandscapeCommon.ush" 2327
"../../../Engine/Shaders/Private/Landscape/LandscapeEditLayersWeightmaps.usf" 2328
"../../../Engine/Shaders/Private/Landscape/LandscapeEditLayersHeightmaps.usf" 2329
"../../../Engine/Shaders/Private/Landscape/LandscapeLayersWeightmapsPS.usf" 2330
"../../../Engine/Shaders/Private/Landscape/LandscapeLayersHeightmapsPS.usf" 2331
"../../../Engine/Shaders/Private/LandscapeLayersCS.usf" 2332
"../../../Engine/Shaders/Private/LandscapeLayersPS.usf" 2333
"../../../Engine/Shaders/Private/LandscapeLayersVS.usf" 2334
"../../../Engine/Shaders/Private/LandscapePhysicalMaterial.usf" 2335
"../../../Engine/Shaders/Private/LandscapeGrassWeight.usf" 2336
"../../../Engine/Shaders/Private/Landscape/LandscapeCulling.usf" 2337
"../../../Engine/Shaders/Private/Nanite/NaniteHZBCull.ush" 2338
"../../../Engine/Shaders/Private/HZB.ush" 2339
"../../../Engine/Shaders/Private/Landscape/LandscapeMergeTexturesPS.usf" 2340
"../../../Engine/Shaders/Private/WideCustomResolveShaders.usf" 2341
"../../../Engine/Shaders/Private/WideCustomResolve_Wide.ush" 2342
"../../../Engine/Shaders/Private/WideCustomResolve_Wider.ush" 2343
"../../../Engine/Shaders/Private/WideCustomResolve_Widest.ush" 2344
"../../../Engine/Shaders/Private/WaterInfoTextureBlur.usf" 2345
"../../../Engine/Shaders/Private/WaterInfoTextureMerge.usf" 2346
"../../../Engine/Shaders/Private/PageTableUpdate.usf" 2347
"../../../Engine/Shaders/Private/VirtualTextureCompress.usf" 2348
"../../../Engine/Shaders/Private/ASTCCompressionCommon.ush" 2349
"../../../Engine/Shaders/Private/IntegerSequenceEncoding.ush" 2350
"../../../Engine/Shaders/Private/ETCCompressionCommon.ush" 2351
"../../../Engine/Shaders/Private/VirtualTextureMaterial.usf" 2352
"../../../Engine/Shaders/Private/PixelShaderOutputCommon.ush" 2353
"../../../Engine/Shaders/Private/ShaderOutputCommon.ush" 2354
"../../../Engine/Shaders/Private/VolumetricRenderTarget.usf" 2355
"../../../Engine/Shaders/Private/HeightFogCommon.ush" 2356
"../../../Engine/Shaders/Private/LocalFogVolumes/LocalFogVolumeCommon.ush" 2357
"../../../Engine/Shaders/Private/ReflectionEnvironmentShared.ush" 2358
"../../../Engine/Shaders/Private/VolumetricFogVoxelization.usf" 2359
"../../../Engine/Shaders/Private/VolumetricCloudMaterialPixelCommon.ush" 2360
"../../../Engine/Shaders/Private/VolumetricFogLightFunction.usf" 2361
"../../../Engine/Shaders/Private/LightFunctionCommon.ush" 2362
"../../../Engine/Shaders/Private/VolumetricFog.usf" 2363
"../../../Engine/Shaders/Private/DeferredLightingCommon.ush" 2364
"../../../Engine/Shaders/Private/DynamicLightingCommon.ush" 2365
"../../../Engine/Shaders/Private/CapsuleLightIntegrate.ush" 2366
"../../../Engine/Shaders/Private/CapsuleLightSampling.ush" 2367
"../../../Engine/Shaders/Private/RectLightIntegrate.ush" 2368
"../../../Engine/Shaders/Private/ScreenSpaceShadowRayCast.ush" 2369
"../../../Engine/Shaders/Private/LightFunctionAtlas/LightFunctionAtlasCommon.usf" 2370
"../../../Engine/Shaders/Private/HeterogeneousVolumes/HeterogeneousVolumesAdaptiveVolumetricShadowMapSampling.ush" 2371
"../../../Engine/Shaders/Private/HeterogeneousVolumes/HeterogeneousVolumesAdaptiveVolumetricShadowMapUtils.ush" 2372
"../../../Engine/Shaders/Private/HeterogeneousVolumes/HeterogeneousVolumesRayMarchingUtils.ush" 2373
"../../../Engine/Shaders/Private/HeterogeneousVolumes/HeterogeneousVolumesRayMarchingTypes.ush" 2374
"../../../Engine/Shaders/Private/PathTracing/Utilities/PathTracingRandomSequence.ush" 2375
"../../../Engine/Shaders/Private/HeterogeneousVolumes/HeterogeneousVolumesTracingUtils.ush" 2376
"../../../Engine/Shaders/Private/VelocityCommon.ush" 2377
"../../../Engine/Shaders/Private/HeterogeneousVolumes/HeterogeneousVolumesTransmittanceVolumeUtils.ush" 2378
"../../../Engine/Shaders/Private/ForwardShadowingCommon.ush" 2379
"../../../Engine/Shaders/Private/ShadowFilteringCommon.ush" 2380
"../../../Engine/Shaders/Private/PixelQuadMessagePassing.ush" 2381
"../../../Engine/Shaders/Private/VolumeLightingCommon.ush" 2382
"../../../Engine/Shaders/Private/ShadowProjectionCommon.ush" 2383
"../../../Engine/Shaders/Private/VolumeLightingCommonSampling.ush" 2384
"../../../Engine/Shaders/Private/Lumen/LumenTranslucencyVolumeShared.ush" 2385
"../../../Engine/Shaders/Private/Lumen/LumenRadianceCacheInterpolation.ush" 2386
"../../../Engine/Shaders/Private/HeterogeneousVolumes/HeterogeneousVolumesAdaptiveVolumetricShadowMapSampler.ush" 2387
"../../../Engine/Shaders/Private/LightGridCommon.ush" 2388
"../../../Engine/Shaders/Private/DistanceFieldAOShared.ush" 2389
"../../../Engine/Shaders/Private/IntersectionUtils.ush" 2390
"../../../Engine/Shaders/Private/VolumetricLightmapShared.ush" 2391
"../../../Engine/Shaders/Private/LightDataUniforms.ush" 2392
"../../../Engine/Shaders/Private/VirtualShadowMaps/VirtualShadowMapProjectionCommon.ush" 2393
"../../../Engine/Shaders/Private/VirtualShadowMaps/VirtualShadowMapPageAccessCommon.ush" 2394
"../../../Engine/Shaders/Shared/VirtualShadowMapDefinitions.h" 2395
"../../../Engine/Shaders/Shared/HLSLMathAliases.h" 2396
"../../../Engine/Shaders/Private/VirtualShadowMaps/VirtualShadowMapProjectionStructs.ush" 2397
"../../../Engine/Shaders/Private/VolumetricCloudCommon.ush" 2398
"../../../Engine/Shaders/Private/VolumetricCloud.usf" 2399
"../../../Engine/Shaders/Private/VisualizeVolumetricLightmap.usf" 2400
"../../../Engine/Shaders/Private/VirtualShadowMaps/VirtualShadowMapProjectionComposite.usf" 2401
"../../../Engine/Shaders/Private/LightShaderParameters.ush" 2402
"../../../Engine/Shaders/Private/VirtualShadowMaps/VirtualShadowMapMaskBitsCommon.ush" 2403
"../../../Engine/Shaders/Private/VirtualShadowMaps/VirtualShadowMapLightGrid.ush" 2404
"../../../Engine/Shaders/Private/VirtualShadowMaps/VirtualShadowMapProjection.usf" 2405
"../../../Engine/Shaders/Private/Visualization.ush" 2406
"../../../Engine/Shaders/Private/VirtualShadowMaps/VirtualShadowMapProjectionFilter.ush" 2407
"../../../Engine/Shaders/Private/VirtualShadowMaps/VirtualShadowMapProjectionDirectional.ush" 2408
"../../../Engine/Shaders/Private/VirtualShadowMaps/VirtualShadowMapSMRTCommon.ush" 2409
"../../../Engine/Shaders/Private/VirtualShadowMaps/VirtualShadowMapSMRTTemplate.ush" 2410
"../../../Engine/Shaders/Private/VirtualShadowMaps/VirtualShadowMapProjectionSpot.ush" 2411
"../../../Engine/Shaders/Private/VirtualShadowMaps/VirtualShadowMapTransmissionCommon.ush" 2412
"../../../Engine/Shaders/Private/VirtualShadowMaps/VirtualShadowMapScreenRayTrace.ush" 2413
"../../../Engine/Shaders/Private/VirtualShadowMaps/VirtualShadowMapStats.ush" 2414
"../../../Engine/Shaders/Private/HairStrands/HairStrandsVoxelPageCommon.ush" 2415
"../../../Engine/Shaders/Private/HairStrands/HairStrandsVoxelPageTraversal.ush" 2416
"../../../Engine/Shaders/Private/VirtualShadowMaps/VirtualShadowMapCacheGPUInvalidation.usf" 2417
"../../../Engine/Shaders/Private/VirtualShadowMaps/VirtualShadowMapPageCacheCommon.ush" 2418
"../../../Engine/Shaders/Private/VirtualShadowMaps/VirtualShadowMapCacheInvalidation.ush" 2419
"../../../Engine/Shaders/Private/VirtualShadowMaps/VirtualShadowMapPageOverlap.ush" 2420
"../../../Engine/Shaders/Private/ScreenSpaceDenoise/SSDDefinitions.ush" 2421
"../../../Engine/Shaders/Private/InstanceCulling/InstanceCullingLoadBalancer.ush" 2422
"../../../Engine/Shaders/Private/VirtualShadowMaps/VirtualShadowMapCacheLoadBalancer.usf" 2423
"../../../Engine/Shaders/Private/VirtualShadowMaps/VirtualShadowMapCopyStats.usf" 2424
"../../../Engine/Shaders/Private/VirtualShadowMaps/VirtualShadowMapDebug.usf" 2425
"../../../Engine/Shaders/Private/VirtualShadowMaps/Desaturate.usf" 2426
"../../../Engine/Shaders/Private/VirtualShadowMaps/VirtualShadowMapPhysicalPageManagement.usf" 2427
"../../../Engine/Shaders/Private/ReductionCommon.ush" 2428
"../../../Engine/Shaders/Private/GPUMessaging.ush" 2429
"../../../Engine/Shaders/Private/VirtualShadowMaps/VirtualShadowMapPerPageDispatch.ush" 2430
"../../../Engine/Shaders/Private/VirtualShadowMaps/VirtualShadowMapCompactViews.usf" 2431
"../../../Engine/Shaders/Shared/SceneCullingDefinitions.h" 2432
"../../../Engine/Shaders/Private/VirtualShadowMaps/VirtualShadowMapBuildPerPageDrawCommands.usf" 2433
"../../../Engine/Shaders/Private/Nanite/NaniteCullingCommon.ush" 2434
"../../../Engine/Shaders/Private/Nanite/NaniteCulling.ush" 2435
"../../../Engine/Shaders/Private/Nanite/NaniteHierarchyTraversalCommon.ush" 2436
"../../../Engine/Shaders/Private/InstanceCulling/InstanceCullingCommon.ush" 2437
"../../../Engine/Shaders/Shared/InstanceCullingDefinitions.h" 2438
"../../../Engine/Shaders/Private/VirtualShadowMaps/VirtualShadowMapPrintStats.usf" 2439
"../../../Engine/Shaders/Private/VirtualShadowMaps/VirtualShadowMapPageManagement.usf" 2440
"../../../Engine/Shaders/Private/VirtualShadowMaps/VirtualShadowMapPageMarking.usf" 2441
"../../../Engine/Shaders/Shared/SingleLayerWaterDefinitions.h" 2442
"../../../Engine/Shaders/Private/HairStrands/HairStrandsTileCommon.ush" 2443
"../../../Engine/Shaders/Private/Froxel/Froxel.ush" 2444
"../../../Engine/Shaders/Shared/FroxelDefinitions.h" 2445
"../../../Engine/Shaders/Private/DiaphragmDOF/DOFCommon.ush" 2446
"../../../Engine/Shaders/Private/VariableRateShading/VRSShadingRatePreview.usf" 2447
"../../../Engine/Shaders/Private/VariableRateShading/VRSShadingRateCommon.ush" 2448
"../../../Engine/Shaders/Private/VariableRateShading/VRSShadingRateCombine.usf" 2449
"../../../Engine/Shaders/Private/VariableRateShading/VRSShadingRateFoveated.usf" 2450
"../../../Engine/Shaders/Private/VariableRateShading/VRSShadingRateReproject.usf" 2451
"../../../Engine/Shaders/Private/VariableRateShading/VRSShadingRateCalculate.usf" 2452
"../../../Engine/Shaders/Private/TranslucencyUpsampling.usf" 2453
"../../../Engine/Shaders/Private/ComposeSeparateTranslucency.usf" 2454
"../../../Engine/Shaders/Private/SeparateTranslucency.ush" 2455
"../../../Engine/Shaders/Private/TranslucentLightInjectionShaders.usf" 2456
"../../../Engine/Shaders/Private/TranslucentShadowDepthShaders.usf" 2457
"../../../Engine/Shaders/Private/ShadowDepthCommon.ush" 2458
"../../../Engine/Shaders/Private/RayTracing/RayTracingTest.usf" 2459
"../../../Engine/Shaders/Private/PostprocessSubsurfaceTile.usf" 2460
"../../../Engine/Shaders/Private/PostProcessSubsurfaceCommon.ush" 2461
"../../../Engine/Shaders/Private/Substrate/SubstrateVisualize.usf" 2462
"../../../Engine/Shaders/Private/Substrate/SubstrateTile.ush" 2463
"../../../Engine/Shaders/Shared/SubstrateVisualizeDefinitions.h" 2464
"../../../Engine/Shaders/Private/Substrate/SubstrateVisualizeCommon.ush" 2465
"../../../Engine/Shaders/Private/SkyLightingDiffuseShared.ush" 2466
"../../../Engine/Shaders/Private/SkyLightingShared.ush" 2467
"../../../Engine/Shaders/Private/ClearCoatCommon.ush" 2468
"../../../Engine/Shaders/Private/ReflectionEnvironmentComposite.ush" 2469
"../../../Engine/Shaders/Private/Substrate/SubstrateLightingCommon.ush" 2470
"../../../Engine/Shaders/Private/Substrate/SubstrateRoughRefraction.usf" 2471
"../../../Engine/Shaders/Private/PathTracing/Material/PathTracingFresnel.ush" 2472
"../../../Engine/Shaders/Private/PathTracing/Material/PathTracingGlossy.ush" 2473
"../../../Engine/Shaders/Private/Substrate/SubstrateMaterialSampling.usf" 2474
"../../../Engine/Shaders/Private/Substrate/SubstrateMaterialSampling.ush" 2475
"../../../Engine/Shaders/Private/Lumen/LumenPosition.ush" 2476
"../../../Engine/Shaders/Private/Substrate/SubstrateTile.usf" 2477
"../../../Engine/Shaders/Private/Substrate/SubstrateMaterialClassification.usf" 2478
"../../../Engine/Shaders/Private/Substrate/SubstrateDBuffer.usf" 2479
"../../../Engine/Shaders/Private/StochasticLighting/StochasticLightingDenoising.usf" 2480
"../../../Engine/Shaders/Private/Lumen/LumenMaterial.ush" 2481
"../../../Engine/Shaders/Private/StochasticLighting/StochasticLightingCommon.ush" 2482
"../../../Engine/Shaders/Private/SplineMeshSceneTexture.usf" 2483
"../../../Engine/Shaders/Private/SparseVolumeTexture/VisualizeSparseVolumeTexture.usf" 2484
"../../../Engine/Shaders/Private/SkyAtmosphere.usf" 2485
"../../../Engine/Shaders/Private/Skinning/SkinnedMeshDebug.usf" 2486
"../../../Engine/Shaders/Private/Skinning/AnimBankEval.usf" 2487
"../../../Engine/Shaders/Private/SingleLayerWaterComposite.usf" 2488
"../../../Engine/Shaders/Private/Froxel/FroxelBuild.ush" 2489
"../../../Engine/Shaders/Private/SingleLayerWaterRefractionCulling.usf" 2490
"../../../Engine/Shaders/Private/ScreenSpaceShadows.usf" 2491
"../../../Engine/Shaders/Private/bend_sss_gpu.ush" 2492
"../../../Engine/Shaders/Private/ShadowFactorsUpsampleCommon.ush" 2493
"../../../Engine/Shaders/Private/FirstPersonSelfShadow.usf" 2494
"../../../Engine/Shaders/Private/HZBTracing.ush" 2495
"../../../Engine/Shaders/Private/ShadowProjectionVertexShader.usf" 2496
"../../../Engine/Shaders/Private/ShadowProjectionPixelShader.usf" 2497
"../../../Engine/Shaders/Private/MobileLightingCommon.ush" 2498
"../../../Engine/Shaders/Private/PlanarReflectionShared.ush" 2499
"../../../Engine/Shaders/Private/MobileSSR.ush" 2500
"../../../Engine/Shaders/Private/SSRT/SSRTRayCast.ush" 2501
"../../../Engine/Shaders/Private/ShadowPercentageCloserFiltering.ush" 2502
"../../../Engine/Shaders/Private/TransmissionThickness.ush" 2503
"../../../Engine/Shaders/Private/CopyShadowMaps.usf" 2504
"../../../Engine/Shaders/Private/ShadowDepthPixelShader.usf" 2505
"../../../Engine/Shaders/Private/ShadowDepthVertexShader.usf" 2506
"../../../Engine/Shaders/Private/ShadingEnergyConservationTable.usf" 2507
"../../../Engine/Shaders/Shared/PathTracingDefinitions.h" 2508
"../../../Engine/Shaders/Private/ShadingFurnaceTest.usf" 2509
"../../../Engine/Shaders/Private/Substrate/SubstrateDeferredLighting.ush" 2510
"../../../Engine/Shaders/Private/ShaderPrintDraw.usf" 2511
"../../../Engine/Shaders/Private/ShaderPrintDrawPrimitive.usf" 2512
"../../../Engine/Shaders/Private/DefaultSSRTiles.usf" 2513
"../../../Engine/Shaders/Private/ScreenSpaceReflectionTileCommons.ush" 2514
"../../../Engine/Shaders/Private/SSRT/SSRTDiffuseIndirect.usf" 2515
"../../../Engine/Shaders/Private/SSRT/SSRTTileClassificationBuffer.ush" 2516
"../../../Engine/Shaders/Private/SSRT/SSRTReflections.usf" 2517
"../../../Engine/Shaders/Private/ScreenSpaceDenoise/SSDPublic.ush" 2518
"../../../Engine/Shaders/Private/SSRT/SSRTTileClassification.usf" 2519
"../../../Engine/Shaders/Private/SSRT/SSRTPrevFrameReduction.usf" 2520
"../../../Engine/Shaders/Private/ScreenSpaceDenoise/SSDComposeHarmonics.usf" 2521
"../../../Engine/Shaders/Private/ScreenSpaceDenoise/SSDPublicHarmonics.ush" 2522
"../../../Engine/Shaders/Private/ScreenSpaceDenoise/SSDSignalFramework.ush" 2523
"../../../Engine/Shaders/Private/ScreenSpaceDenoise/SSDCommon.ush" 2524
"../../../Engine/Shaders/Private/SphericalGaussian.ush" 2525
"../../../Engine/Shaders/Public/WaveBroadcastIntrinsics.ush" 2526
"../../../Engine/Shaders/Private/ScreenSpaceDenoise/SSDMetadata.ush" 2527
"../../../Engine/Shaders/Private/ScreenSpaceDenoise/SSDSignalCore.ush" 2528
"../../../Engine/Shaders/Private/ScreenSpaceDenoise/DenoisingCommon.ush" 2529
"../../../Engine/Shaders/Private/ScreenSpaceDenoise/SSDSignalArray.ush" 2530
"../../../Engine/Shaders/Private/ScreenSpaceDenoise/SSDSignalBufferEncoding.ush" 2531
"../../../Engine/Shaders/Private/ScreenSpaceDenoise/SSDPublicBufferEncoding.ush" 2532
"../../../Engine/Shaders/Private/Lumen/LumenBufferEncoding.ush" 2533
"../../../Engine/Shaders/Private/ScreenSpaceDenoise/SSDTemporalAccumulation.usf" 2534
"../../../Engine/Shaders/Private/ScreenSpaceDenoise/SSDSpatialKernel.ush" 2535
"../../../Engine/Shaders/Private/ScreenSpaceDenoise/SSDSignalAccumulatorArray.ush" 2536
"../../../Engine/Shaders/Private/ScreenSpaceDenoise/SSDSignalAccumulator.ush" 2537
"../../../Engine/Shaders/Private/ScreenSpaceDenoise/SSDSignalCompression.ush" 2538
"../../../Engine/Shaders/Private/ScreenSpaceDenoise/SSDSpatialAccumulation.usf" 2539
"../../../Engine/Shaders/Private/ScreenSpaceDenoise/SSDInjest.usf" 2540
"../../../Engine/Shaders/Private/ScreenSpaceDenoise/SSDCompressMetadata.usf" 2541
"../../../Engine/Shaders/Private/DownsampleDepthPixelShader.usf" 2542
"../../../Engine/Shaders/Private/ScreenPass.usf" 2543
"../../../Engine/Shaders/Private/HZB.usf" 2544
"../../../Engine/Shaders/Private/OcclusionFeedbackShaders.usf" 2545
"../../../Engine/Shaders/Private/HZBOcclusion.usf" 2546
"../../../Engine/Shaders/Private/OcclusionQueryPixelShader.usf" 2547
"../../../Engine/Shaders/Private/OcclusionQueryVertexShader.usf" 2548
"../../../Engine/Shaders/Private/HitProxyCopy.usf" 2549
"../../../Engine/Shaders/Private/HitProxyPixelShader.usf" 2550
"../../../Engine/Shaders/Private/HitProxyVertexShader.usf" 2551
"../../../Engine/Shaders/Private/SceneCulling/SceneCullingDebugRender.usf" 2552
"../../../Engine/Shaders/Private/SceneCulling/SceneCulling.ush" 2553
"../../../Engine/Shaders/Private/SceneCulling/SceneCullingBuildExplicitBounds.usf" 2554
"../../../Engine/Shaders/Private/SceneCapturePixelShader.usf" 2555
"../../../Engine/Shaders/Private/RendererUtils.usf" 2556
"../../../Engine/Shaders/Private/RTWriteMaskDecode.usf" 2557
"../../../Engine/Shaders/Private/ReflectionEnvironmentShaders.usf" 2558
"../../../Engine/Shaders/Private/RectLightAtlas.usf" 2559
"../../../Engine/Shaders/Private/RayTracing/TraceRayInlineStatistics.usf" 2560
"../../../Engine/Shaders/Private/RayTracing/CompositeSkyLightPS.usf" 2561
"../../../Engine/Shaders/Private/RayTracing/GenerateSkyLightVisibilityRaysCS.usf" 2562
"../../../Engine/Shaders/Private/RayTracing/RayTracingSkyLightCommon.ush" 2563
"../../../Engine/Shaders/Private/RayTracing/SkyLightVisibilityRaysData.ush" 2564
"../../../Engine/Shaders/Private/Raytracing/RaytracingSkylightRGS.usf" 2565
"../../../Engine/Shaders/Private/HairStrands/HairStrandsRaytracing.ush" 2566
"../../../Engine/Shaders/Private/Raytracing/RayTracingSkyLightEvaluation.ush" 2567
"../../../Engine/Shaders/Private/Raytracing/RayTracingDeferredShadingCommon.ush" 2568
"../../../Engine/Shaders/Private/RayTracing/RayTracingOcclusionRGS.usf" 2569
"../../../Engine/Shaders/Private/RayTracing/RayTracingDirectionalLight.ush" 2570
"../../../Engine/Shaders/Private/RayTracing/RayTracingRectLight.ush" 2571
"../../../Engine/Shaders/Private/RayTracing/RayTracingSphereLight.ush" 2572
"../../../Engine/Shaders/Private/RayTracing/RayTracingCapsuleLight.ush" 2573
"../../../Engine/Shaders/Private/Raytracing/RayTracingFeedback.usf" 2574
"../../../Engine/Shaders/Shared/RayTracingDebugTypes.h" 2575
"../../../Engine/Shaders/Private/RayTracing/RayTracingPrimaryRays.usf" 2576
"../../../Engine/Shaders/Private/RayTracing/RayTracingLightingCommon.ush" 2577
"../../../Engine/Shaders/Private/RayTracing/RayTracingLightCullingCommon.ush" 2578
"../../../Engine/Shaders/Private/RayTracing/RayTracingMaterialDefaultHitShaders.usf" 2579
"../../../Engine/Shaders/Private/RayTracing/RayTracingMaterialHitShaders.usf" 2580
"../../../Engine/Shaders/Private/RayTracing/RayTracingShaderUtils.ush" 2581
"../../../Engine/Shaders/Private/RayTracing/RayTracingCalcInterpolants.ush" 2582
"../../../Engine/Shaders/Private/LightmapCommon.ush" 2583
"../../../Engine/Shaders/Private/Lumen/LumenHardwareRayTracingPayloadCommon.ush" 2584
"../../../Engine/Shaders/Shared/LumenDefinitions.h" 2585
"../../../Engine/Shaders/Private/Substrate/SubstrateExport.ush" 2586
"../../../Engine/Shaders/Private/RayTracing/RayTracingLightingMS.usf" 2587
"../../../Engine/Shaders/Private/Lumen/LumenDiffuseColorBoost.ush" 2588
"../../../Engine/Shaders/Private/RayTracing/RayTracingLightFunctionCommon.ush" 2589
"../../../Engine/Shaders/Private/RayTracing/RayTracingBuildLightGrid.usf" 2590
"../../../Engine/Shaders/Private/Raytracing/RayTracingInstanceBufferUtil.usf" 2591
"../../../Engine/Shaders/Private/RayTracing/RayTracingDynamicMesh.usf" 2592
"../../../Engine/Shaders/Private/RayTracing/RayTracingDefaultDecalHitShader.usf" 2593
"../../../Engine/Shaders/Private/RayTracing/RayTracingDecalMaterialShader.usf" 2594
"../../../Engine/Shaders/Private/PathTracing/PathTracingShaderUtils.ush" 2595
"../../../Engine/Shaders/Private/PathTracing/PathTracingCommon.ush" 2596
"../../../Engine/Shaders/Private/PathTracing/Material/PathTracingMaterialCommon.ush" 2597
"../../../Engine/Shaders/Private/PathTracing/Utilities/PathTracingRIS.ush" 2598
"../../../Engine/Shaders/Private/RayTracing/RayTracingBuildDecalGrid.usf" 2599
"../../../Engine/Shaders/Private/RayTracing/RayTracingDebugHitStatsUtils.usf" 2600
"../../../Engine/Shaders/Private/RayTracing/RayTracingDebugInstanceOverlap.usf" 2601
"../../../Engine/Shaders/Private/RayTracing/RayTracingDebugPicking.usf" 2602
"../../../Engine/Shaders/Private/RayTracing/RayTracingDebugUtils.ush" 2603
"../../../Engine/Shaders/Private/RayTracing/RayTracingDebugTraversal.usf" 2604
"../../../Engine/Shaders/Private/RayTracing/RayTracingDeferredMaterials.ush" 2605
"../../../Engine/Shaders/Shared/ThirdParty/AMD/ags_shader_intrinsics_dx12.h" 2606
"../../../Engine/Shaders/Shared/RayTracingDebugDefinitions.h" 2607
"../../../Engine/Shaders/Private/RayTracing/RayTracingDebugHitStatsCHS.usf" 2608
"../../../Engine/Shaders/Private/RayTracing/RayTracingDebugHitStats.usf" 2609
"../../../Engine/Shaders/Private/RayTracing/RayTracingDebugMS.usf" 2610
"../../../Engine/Shaders/Private/RayTracing/RayTracingDebugCHS.usf" 2611
"../../../Engine/Shaders/Private/RayTracing/RayTracingDebug.usf" 2612
"../../../Engine/Shaders/Private/RayTracing/RayTracingBuiltInShaders.usf" 2613
"../../../Engine/Shaders/Private/RayTracing/RayTracingBarycentrics.usf" 2614
"../../../Engine/Shaders/Private/RayTracing/RayTracingAmbientOcclusionRGS.usf" 2615
"../../../Engine/Shaders/Private/VisualizeShadingModels.usf" 2616
"../../../Engine/Shaders/Private/MotionBlur/VisualizeMotionVectors.usf" 2617
"../../../Engine/Shaders/Private/TemporalSuperResolution/TSRVisualize.usf" 2618
"../../../Engine/Shaders/Private/TemporalSuperResolution/TSRColorSpace.ush" 2619
"../../../Engine/Shaders/Private/TemporalSuperResolution/TSRCommon.ush" 2620
"../../../Engine/Shaders/Public/DualPixelVectorization.ush" 2621
"../../../Engine/Shaders/Private/TemporalSuperResolution/TSRReprojectionField.ush" 2622
"../../../Engine/Shaders/Private/TemporalSuperResolution/TSRResolveHistory.usf" 2623
"../../../Engine/Shaders/Private/TemporalSuperResolution/TSRConvolutionNetwork.ush" 2624
"../../../Engine/Shaders/Private/TemporalSuperResolution/TSRKernels.ush" 2625
"../../../Engine/Shaders/Public/LaneVectorization.ush" 2626
"../../../Engine/Shaders/Private/TemporalSuperResolution/TSRUpdateHistory.usf" 2627
"../../../Engine/Shaders/Private/TemporalSuperResolution/TSRSpatialAntiAliasing.ush" 2628
"../../../Engine/Shaders/Private/TemporalSuperResolution/TSRSpatialAntiAliasing.usf" 2629
"../../../Engine/Shaders/Private/TemporalSuperResolution/TSRRejectShading.usf" 2630
"../../../Engine/Shaders/Private/TemporalSuperResolution/TSRShadingAnalysis.ush" 2631
"../../../Engine/Shaders/Private/TemporalSuperResolution/TSRConvolutionNetworkPass.ush" 2632
"../../../Engine/Shaders/Private/TemporalSuperResolution/TSRDecimateHistory.usf" 2633
"../../../Engine/Shaders/Private/TemporalSuperResolution/TSRDepthVelocityAnalysis.ush" 2634
"../../../Engine/Shaders/Private/TemporalSuperResolution/TSRClosestOccluder.ush" 2635
"../../../Engine/Shaders/Private/TemporalSuperResolution/TSRWeightRelaxation.usf" 2636
"../../../Engine/Shaders/Private/TemporalSuperResolution/TSRThinGeometryCommon.ush" 2637
"../../../Engine/Shaders/Private/TemporalSuperResolution/TSRDetectThinGeometry.usf" 2638
"../../../Engine/Shaders/Private/TemporalSuperResolution/TSRDilateVelocity.usf" 2639
"../../../Engine/Shaders/Private/MotionBlur/MotionBlurVelocityFlatten.ush" 2640
"../../../Engine/Shaders/Private/MotionBlur/MotionBlurCommon.ush" 2641
"../../../Engine/Shaders/Private/TemporalSuperResolution/TSRClearPrevTextures.usf" 2642
"../../../Engine/Shaders/Private/TemporalSuperResolution/TSRMeasureCoverage.usf" 2643
"../../../Engine/Shaders/Private/TemporalSuperResolution/TSRMeasureFlickeringLuma.usf" 2644
"../../../Engine/Shaders/Private/TemporalAA.usf" 2645
"../../../Engine/Shaders/Private/FilterPixelShader.usf" 2646
"../../../Engine/Shaders/Private/FilterVertexShader.usf" 2647
"../../../Engine/Shaders/Private/VisualizeVirtualTexture.usf" 2648
"../../../Engine/Shaders/Private/PostProcessVisualizeBuffer.usf" 2649
"../../../Engine/Shaders/Private/PostProcessVisualizeLocalExposure.usf" 2650
"../../../Engine/Shaders/Private/PostProcessHistogramCommon.ush" 2651
"../../../Engine/Shaders/Private/TonemapCommon.ush" 2652
"../../../Engine/Shaders/Private/ACES/ACESCommon.ush" 2653
"../../../Engine/Shaders/Private/ACES/ACESOutputTransform.ush" 2654
"../../../Engine/Shaders/Private/ACES/ACESUtilities.ush" 2655
"../../../Engine/Shaders/Private/ACES/ACESTonescale.ush" 2656
"../../../Engine/Shaders/Private/ACES/ACESDisplayEncoding.ush" 2657
"../../../Engine/Shaders/Private/ACES/ACES_v1.3.ush" 2658
"../../../Engine/Shaders/Private/PostProcessVisualizeLevelInstance.usf" 2659
"../../../Engine/Shaders/Private/PostProcessVisualizeHDR.usf" 2660
"../../../Engine/Shaders/Private/ShaderComplexityApplyPixelShader.usf" 2661
"../../../Engine/Shaders/Private/QuadOverdraw.ush" 2662
"../../../Engine/Shaders/Private/PostProcessUpscale.usf" 2663
"../../../Engine/Shaders/Private/PostProcessTonemap.usf" 2664
"../../../Engine/Shaders/Private/PostProcessing/FilmGrainPackConstants.usf" 2665
"../../../Engine/Shaders/Private/PostProcessing/FilmGrainReduce.usf" 2666
"../../../Engine/Shaders/Private/PostProcessTestImage.usf" 2667
"../../../Engine/Shaders/Private/PostProcessSubsurface.usf" 2668
"../../../Engine/Shaders/Private/SeparableSSS.ush" 2669
"../../../Engine/Shaders/Private/SubsurfaceBurleyNormalized.ush" 2670
"../../../Engine/Shaders/Private/PostProcessSelectionOutline.usf" 2671
"../../../Engine/Shaders/Private/MotionBlur/MotionBlurVisualize.usf" 2672
"../../../Engine/Shaders/Private/MotionBlur/MotionBlurApply.usf" 2673
"../../../Engine/Shaders/Private/MotionBlur/MotionBlurFilterTileClassify.usf" 2674
"../../../Engine/Shaders/Private/MotionBlur/MotionBlurTileScatter.usf" 2675
"../../../Engine/Shaders/Private/MotionBlur/MotionBlurTileGather.usf" 2676
"../../../Engine/Shaders/Private/MotionBlur/MotionBlurVelocityFlatten.usf" 2677
"../../../Engine/Shaders/Private/PostProcessMobile.usf" 2678
"../../../Engine/Shaders/Private/PostProcessMitchellNetravali.usf" 2679
"../../../Engine/Shaders/Private/PostProcessMaterialShaders.usf" 2680
"../../../Engine/Shaders/Private/NeuralPostProcessCommon.usf" 2681
"../../../Engine/Shaders/Private/PostProcessLocalExposure.usf" 2682
"../../../Engine/Shaders/Private/PostProcessLensFlares.usf" 2683
"../../../Engine/Shaders/Private/PostProcessGBufferHints.usf" 2684
"../../../Engine/Shaders/Private/PostProcessHMD.usf" 2685
"../../../Engine/Shaders/Private/Histogram.usf" 2686
"../../../Engine/Shaders/Private/PostProcessHistogramReduce.usf" 2687
"../../../Engine/Shaders/Private/PostProcessHistogram.usf" 2688
"../../../Engine/Shaders/Private/Bloom/BloomFinalizeApplyConstants.usf" 2689
"../../../Engine/Shaders/Private/Bloom/BloomCommon.ush" 2690
"../../../Engine/Shaders/Private/Bloom/BloomResizeKernel.usf" 2691
"../../../Engine/Shaders/Private/Bloom/BloomDownsampleKernel.usf" 2692
"../../../Engine/Shaders/Private/Bloom/BloomClampKernel.usf" 2693
"../../../Engine/Shaders/Private/Bloom/BloomPackKernelConstants.usf" 2694
"../../../Engine/Shaders/Private/Bloom/BloomSumScatterDispersionEnergy.usf" 2695
"../../../Engine/Shaders/Private/Bloom/BloomReduceKernelSurvey.usf" 2696
"../../../Engine/Shaders/Private/Bloom/BloomSurveyKernelCenterEnergy.usf" 2697
"../../../Engine/Shaders/Private/Bloom/BloomSurveyMaxScatterDispersion.usf" 2698
"../../../Engine/Shaders/Private/Bloom/BloomFindKernelCenter.usf" 2699
"../../../Engine/Shaders/Private/PostProcessEyeAdaptation.usf" 2700
"../../../Engine/Shaders/Private/TranslucencyVolumeCommon.ush" 2701
"../../../Engine/Shaders/Private/PostProcessEyeAdaptationUtils.usf" 2702
"../../../Engine/Shaders/Private/PostProcessDownsample.usf" 2703
"../../../Engine/Shaders/Private/PostProcessDOF.usf" 2704
"../../../Engine/Shaders/Private/PostProcessDeviceEncodingOnly.usf" 2705
"../../../Engine/Shaders/Private/PostProcessCompositePrimitives.usf" 2706
"../../../Engine/Shaders/Private/PostProcessCombineLUTs.usf" 2707
"../../../Engine/Shaders/Private/PostProcessVisualizeDOF.usf" 2708
"../../../Engine/Shaders/Private/PostProcessBloom.usf" 2709
"../../../Engine/Shaders/Private/PostProcessAmbientOcclusionMobile.usf" 2710
"../../../Engine/Shaders/Private/PostProcessAmbientOcclusionCommon.ush" 2711
"../../../Engine/Shaders/Private/FXAAShader.usf" 2712
"../../../Engine/Shaders/Private/Fxaa3_11.ush" 2713
"../../../Engine/Shaders/Private/PaniniProjection.usf" 2714
"../../../Engine/Shaders/Private/DiaphragmDOF/DOFRecombine.usf" 2715
"../../../Engine/Shaders/Private/DiaphragmDOF/DOFHybridScatterPixelShader.usf" 2716
"../../../Engine/Shaders/Private/DiaphragmDOF/DOFHybridScatterCommon.ush" 2717
"../../../Engine/Shaders/Private/DiaphragmDOF/DOFVignetteCommon.ush" 2718
"../../../Engine/Shaders/Private/DiaphragmDOF/DOFHybridScatterVertexShader.usf" 2719
"../../../Engine/Shaders/Private/DiaphragmDOF/DOFPostfiltering.usf" 2720
"../../../Engine/Shaders/Private/DiaphragmDOF/DOFGatherTileSuggest.ush" 2721
"../../../Engine/Shaders/Private/DiaphragmDOF/DOFCocTileCommon.ush" 2722
"../../../Engine/Shaders/Private/DiaphragmDOF/DOFGatherPass.usf" 2723
"../../../Engine/Shaders/Private/DiaphragmDOF/DOFGatherCommon.ush" 2724
"../../../Engine/Shaders/Private/DiaphragmDOF/DOFGatherAccumulator.ush" 2725
"../../../Engine/Shaders/Private/DiaphragmDOF/DOFGatherKernel.ush" 2726
"../../../Engine/Shaders/Private/DiaphragmDOF/DOFBokehLUT.usf" 2727
"../../../Engine/Shaders/Private/DiaphragmDOF/DOFHybridScatterCompilation.usf" 2728
"../../../Engine/Shaders/Private/DiaphragmDOF/DOFReduce.usf" 2729
"../../../Engine/Shaders/Private/DiaphragmDOF/DOFDownsample.ush" 2730
"../../../Engine/Shaders/Private/DiaphragmDOF/DOFHybridScatterCompilation.ush" 2731
"../../../Engine/Shaders/Private/DiaphragmDOF/DOFDownsample.usf" 2732
"../../../Engine/Shaders/Private/DiaphragmDOF/DOFCocTileDilate.usf" 2733
"../../../Engine/Shaders/Private/DiaphragmDOF/DOFCocTileFlatten.usf" 2734
"../../../Engine/Shaders/Private/DiaphragmDOF/DOFSetup.usf" 2735
"../../../Engine/Shaders/Private/Tools/DebugAlphaChannel.usf" 2736
"../../../Engine/Shaders/Private/PostProcessAlphaInvert.usf" 2737
"../../../Engine/Shaders/Private/PlanarReflectionShaders.usf" 2738
"../../../Engine/Shaders/Private/PhysicsFieldVisualizer.usf" 2739
"../../../Engine/Shaders/Private/PathTracing/PathTracingSpatialTemporalDenoising.usf" 2740
"../../../Engine/Shaders/Private/ColorDifference.ush" 2741
"../../../Engine/Shaders/Private/PathTracing/PathTracingCompositingPixelShader.usf" 2742
"../../../Engine/Shaders/Private/PathTracing/PathTracingAdaptiveUtils.ush" 2743
"../../../Engine/Shaders/Private/PathTracing/PathTracingDefaultHitShader.usf" 2744
"../../../Engine/Shaders/Private/PathTracing/PathTracingGPULightmassMaterialHitShader.usf" 2745
"../../../Engine/Shaders/Private/PathTracing/PathTracingMaterialHitShader.usf" 2746
"../../../Engine/Shaders/Private/PathTracing/Material/PathTracingSubstrateCommon.ush" 2747
"../../../Engine/Shaders/Private/PathTracing/PathTracingLightingMissShader.usf" 2748
"../../../Engine/Shaders/Private/PathTracing/PathTracingMissShader.usf" 2749
"../../../Engine/Shaders/Private/PathTracing/PathTracingAdaptiveStart.usf" 2750
"../../../Engine/Shaders/Private/PathTracing/PathTracingBuildAdaptiveError.usf" 2751
"../../../Engine/Shaders/Private/PathTracing/PathTracingVolumetricCloudMaterialShader.usf" 2752
"../../../Engine/Shaders/Private/PathTracing/Volume/PathTracingCloudsMaterialCommon.ush" 2753
"../../../Engine/Shaders/Private/PathTracing/Volume/PathTracingVolumeCommon.ush" 2754
"../../../Engine/Shaders/Private/PathTracing/Volume/PathTracingCloudsCommon.ush" 2755
"../../../Engine/Shaders/Private/PathTracing/Volume/PathTracingFog.ush" 2756
"../../../Engine/Shaders/Private/PathTracing/Volume/PathTracingAtmosphere.ush" 2757
"../../../Engine/Shaders/Private/PathTracing/Volume/PathTracingAtmosphereCommon.ush" 2758
"../../../Engine/Shaders/Private/PathTracing/Volume/PathTracingVolumeSampling.ush" 2759
"../../../Engine/Shaders/Private/PathTracing/PathTracingBuildCloudAccelerationMap.usf" 2760
"../../../Engine/Shaders/Private/PathTracing/PathTracingBuildAtmosphereLUT.usf" 2761
"../../../Engine/Shaders/Private/PathTracing/PathTracingSwizzleScanlines.usf" 2762
"../../../Engine/Shaders/Private/PathTracing/PathTracingInitExtinctionCoefficient.usf" 2763
"../../../Engine/Shaders/Private/PathTracing/PathTracingCopyDepth.usf" 2764
"../../../Engine/Shaders/Private/PathTracing/PathTracingDebug.usf" 2765
"../../../Engine/Shaders/Private/RayTracing/RayTracingDecalGrid.ush" 2766
"../../../Engine/Shaders/Private/PathTracing/Material/PathTracingMaterialSampling.ush" 2767
"../../../Engine/Shaders/Private/PathTracing/Material/PathTracingLambert.ush" 2768
"../../../Engine/Shaders/Private/PathTracing/Material/PathTracingSubstrate.ush" 2769
"../../../Engine/Shaders/Private/PathTracing/Material/PathTracingSubstrateFoliage.ush" 2770
"../../../Engine/Shaders/Private/PathTracing/Material/PathTracingSubstrateSolidGlass.ush" 2771
"../../../Engine/Shaders/Private/PathTracing/Material/PathTracingSubstrateThinGlass.ush" 2772
"../../../Engine/Shaders/Private/PathTracing/Material/PathTracingSolidGlass.ush" 2773
"../../../Engine/Shaders/Private/PathTracing/Material/PathTracingEnergyConservation.ush" 2774
"../../../Engine/Shaders/Private/PathTracing/Material/PathTracingThinGlass.ush" 2775
"../../../Engine/Shaders/Private/PathTracing/Material/PathTracingDefaultLit.ush" 2776
"../../../Engine/Shaders/Private/PathTracing/Material/PathTracingClearCoat.ush" 2777
"../../../Engine/Shaders/Private/PathTracing/Material/PathTracingTwoSidedFoliage.ush" 2778
"../../../Engine/Shaders/Private/PathTracing/Material/PathTracingCloth.ush" 2779
"../../../Engine/Shaders/Private/PathTracing/Material/PathTracingSubsurfaceProfile.ush" 2780
"../../../Engine/Shaders/Private/PathTracing/Material/PathTracingEye.ush" 2781
"../../../Engine/Shaders/Private/PathTracing/Material/PathTracingHair.ush" 2782
"../../../Engine/Shaders/Private/PathTracing/Material/PathTracingMedium.ush" 2783
"../../../Engine/Shaders/Private/PathTracing/Light/PathTracingLightSampling.ush" 2784
"../../../Engine/Shaders/Private/PathTracing/Light/PathTracingLightCommon.ush" 2785
"../../../Engine/Shaders/Private/PathTracing/Light/PathTracingDirectionalLight.ush" 2786
"../../../Engine/Shaders/Private/PathTracing/Light/PathTracingPointLight.ush" 2787
"../../../Engine/Shaders/Private/PathTracing/Light/PathTracingCapsuleLight.ush" 2788
"../../../Engine/Shaders/Private/PathTracing/Light/PathTracingRectLight.ush" 2789
"../../../Engine/Shaders/Private/PathTracing/Light/PathTracingSkyLight.ush" 2790
"../../../Engine/Shaders/Private/PathTracing/Light/PathTracingLightGrid.ush" 2791
"../../../Engine/Shaders/Private/PathTracing/PathTracing.usf" 2792
"../../../Engine/Shaders/Private/PathTracing/PathTracingCore.ush" 2793
"../../../Engine/Shaders/Private/HeterogeneousVolumes/HeterogeneousVolumesVoxelGridTypes.ush" 2794
"../../../Engine/Shaders/Private/PathTracing/Volume/PathTracingVolume.ush" 2795
"../../../Engine/Shaders/Private/PathTracing/Volume/PathTracingClouds.ush" 2796
"../../../Engine/Shaders/Private/PathTracing/Volume/PathTracingHeterogeneousVolumes.ush" 2797
"../../../Engine/Shaders/Private/HeterogeneousVolumes/HeterogeneousVolumesVoxelGridTraversal.ush" 2798
"../../../Engine/Shaders/Private/HeterogeneousVolumes/HeterogeneousVolumesVoxelGridUtils.ush" 2799
"../../../Engine/Shaders/Private/HeterogeneousVolumes/HeterogeneousVolumesFrustumVoxelGridUtils.ush" 2800
"../../../Engine/Shaders/Private/PathTracing/PathTracingBuildLightGrid.usf" 2801
"../../../Engine/Shaders/Private/PathTracing/PathTracingSkylightMISCompensation.usf" 2802
"../../../Engine/Shaders/Private/PathTracing/PathTracingSkylightPrepare.usf" 2803
"../../../Engine/Shaders/Private/OIT/OITSorting.usf" 2804
"../../../Engine/Shaders/Private/OITCombine.usf" 2805
"../../../Engine/Shaders/Private/OITCommon.ush" 2806
"../../../Engine/Shaders/Private/Nanite/Voxel/RasterizeBricks.usf" 2807
"../../../Engine/Shaders/Private/Nanite/Voxel/Brick.ush" 2808
"../../../Engine/Shaders/Private/Nanite/Voxel/Voxel.ush" 2809
"../../../Engine/Shaders/Private/Nanite/Voxel/ScatterBricks.usf" 2810
"../../../Engine/Shaders/Private/Nanite/Voxel/TileBricks.usf" 2811
"../../../Engine/Shaders/Private/Nanite/Voxel/AutoVoxel.usf" 2812
"../../../Engine/Shaders/Private/Nanite/NaniteDebugViews.usf" 2813
"../../../Engine/Shaders/Private/Nanite/NaniteEditorCommon.ush" 2814
"../../../Engine/Shaders/Private/BinarySearch.ush" 2815
"../../../Engine/Shaders/Private/Nanite/NaniteDepthDecode.usf" 2816
"../../../Engine/Shaders/Private/HTileEncoding.ush" 2817
"../../../Engine/Shaders/Private/Nanite/NaniteVisualize.usf" 2818
"../../../Engine/Shaders/Private/Nanite/NaniteStreamOut.usf" 2819
"../../../Engine/Shaders/Private/Nanite/NaniteHierarchyTraversal.ush" 2820
"../../../Engine/Shaders/Private/Nanite/NaniteSkinningUpdateViewData.usf" 2821
"../../../Engine/Shaders/Private/Skinning/TransformProviders.usf" 2822
"../../../Engine/Shaders/Private/Nanite/NaniteShadeBinning.usf" 2823
"../../../Engine/Shaders/Private/Nanite/NaniteShadeCommon.ush" 2824
"../../../Engine/Shaders/Private/Nanite/NaniteFastClear.usf" 2825
"../../../Engine/Shaders/Private/Nanite/NaniteExportGBuffer.usf" 2826
"../../../Engine/Shaders/Private/Nanite/NaniteClusterCulling.usf" 2827
"../../../Engine/Shaders/Private/Nanite/NanitePrintStats.usf" 2828
"../../../Engine/Shaders/Private/Nanite/NaniteRasterizer.usf" 2829
"../../../Engine/Shaders/Private/Nanite/NaniteRasterizationCommon.ush" 2830
"../../../Engine/Shaders/Private/Nanite/NaniteRasterizer.ush" 2831
"../../../Engine/Shaders/Private/Nanite/NaniteWritePixel.ush" 2832
"../../../Engine/Shaders/Private/Nanite/NaniteTessellation.ush" 2833
"../../../Engine/Shaders/Private/WorkDistribution.ush" 2834
"../../../Engine/Shaders/Private/Nanite/NaniteDice.ush" 2835
"../../../Engine/Shaders/Private/ShaderBundleWorkGraphCommon.ush" 2836
"../../../Engine/Shaders/Public/RootConstants.ush" 2837
"../../../Engine/Shaders/Public/Platform/D3D/D3DRootConstants.ush" 2838
"../../../Engine/Shaders/Private/Nanite/NaniteSplit.usf" 2839
"../../../Engine/Shaders/Private/Nanite/NaniteRasterBinning.usf" 2840
"../../../Engine/Shaders/Private/Nanite/NaniteInstanceCulling.usf" 2841
"../../../Engine/Shaders/Private/Nanite/NaniteImposter.ush" 2842
"../../../Engine/Shaders/Private/Nanite/NaniteInstanceHierarchyCulling.usf" 2843
"../../../Engine/Shaders/Private/WorkGroupLoadBalancer.ush" 2844
"../../../Engine/Shaders/Private/Nanite/NanitePrimitiveFilter.usf" 2845
"../../../Engine/Shaders/Private/Nanite/NaniteRasterClear.usf" 2846
"../../../Engine/Shaders/Private/Nanite/NaniteDepthExport.usf" 2847
"../../../Engine/Shaders/Private/Nanite/NaniteEmitShadow.usf" 2848
"../../../Engine/Shaders/Private/MobileDeferredUtils.usf" 2849
"../../../Engine/Shaders/Private/MobileLocalLightsBuffer.usf" 2850
"../../../Engine/Shaders/Private/MobileFog.usf" 2851
"../../../Engine/Shaders/Private/DistortApplyScreenPS.usf" 2852
"../../../Engine/Shaders/Private/MobileDeferredShading.usf" 2853
"../../../Engine/Shaders/Private/MobileBasePassPixelShader.usf" 2854
"../../../Engine/Shaders/Private/MobileBasePassCommon.ush" 2855
"../../../Engine/Shaders/Private/BasePassCommon.ush" 2856
"../../../Engine/Shaders/Private/ShadingModelsMaterial.ush" 2857
"../../../Engine/Shaders/Private/ThinTranslucentCommon.ush" 2858
"../../../Engine/Shaders/Private/SingleLayerWaterShading.ush" 2859
"../../../Engine/Shaders/Private/DistortionCommon.ush" 2860
"../../../Engine/Shaders/Private/Substrate/SubstrateMobileForwardLighting.ush" 2861
"../../../Engine/Shaders/Private/MobileBasePassVertexShader.usf" 2862
"../../../Engine/Shaders/Private/MeshEdges.usf" 2863
"../../../Engine/Shaders/Private/MegaLights/MegaLightsVSMTracing.usf" 2864
"../../../Engine/Shaders/Private/MegaLights/MegaLights.ush" 2865
"../../../Engine/Shaders/Shared/MegaLightsDefinitions.h" 2866
"../../../Engine/Shaders/Private/HairStrands/HairStrandsVisibilityUtils.ush" 2867
"../../../Engine/Shaders/Private/MegaLights/MegaLightsRayTracing.ush" 2868
"../../../Engine/Shaders/Private/MegaLights/MegaLightsRayTracing.usf" 2869
"../../../Engine/Shaders/Private/DistanceField/GlobalDistanceFieldUtils.ush" 2870
"../../../Engine/Shaders/Private/Lumen/LumenScreenTracing.ush" 2871
"../../../Engine/Shaders/Private/MegaLights/MegaLightsVolumeRayTracing.usf" 2872
"../../../Engine/Shaders/Private/MegaLights/MegaLightsVolume.ush" 2873
"../../../Engine/Shaders/Private/MegaLights/MegaLightsVolumeHardwareRayTracing.usf" 2874
"../../../Engine/Shaders/Private/Lumen/LumenHardwareRayTracingCommon.ush" 2875
"../../../Engine/Shaders/Private/RayTracing/RayTracingReflectionEnvironment.ush" 2876
"../../../Engine/Shaders/Private/Lumen/LumenHardwareRayTracingPlatformCommon.ush" 2877
"../../../Engine/Shaders/Private/Lumen/LumenReflectionsCombine.ush" 2878
"../../../Engine/Shaders/Private/Lumen/LumenTracingCommon.ush" 2879
"../../../Engine/Shaders/Private/Lumen/SurfaceCache/LumenSurfaceCacheSampling.ush" 2880
"../../../Engine/Shaders/Private/Lumen/SurfaceCache/LumenSurfaceCache.ush" 2881
"../../../Engine/Shaders/Private/Lumen/LumenCardCommon.ush" 2882
"../../../Engine/Shaders/Private/Lumen/LumenCardTileShadowDownsampleFactor.ush" 2883
"../../../Engine/Shaders/Private/MegaLights/MegaLightsHardwareRayTracing.usf" 2884
"../../../Engine/Shaders/Private/MegaLights/MegaLights.usf" 2885
"../../../Engine/Shaders/Private/MegaLights/MegaLightsShading.ush" 2886
"../../../Engine/Shaders/Private/MegaLights/MegaLightsFilterVisibleLightHash.usf" 2887
"../../../Engine/Shaders/Private/MegaLights/MegaLightsDenoiserSpatial.usf" 2888
"../../../Engine/Shaders/Private/Lumen/LumenReflectionDenoiserCommon.ush" 2889
"../../../Engine/Shaders/Private/MegaLights/MegaLightsDenoiserTemporal.usf" 2890
"../../../Engine/Shaders/Private/MegaLights/MegaLightsShading.usf" 2891
"../../../Engine/Shaders/Private/StochasticLighting/StochasticLightingUpsample.ush" 2892
"../../../Engine/Shaders/Private/MegaLights/MegaLightsVisibleLightHash.usf" 2893
"../../../Engine/Shaders/Private/MegaLights/MegaLightsVolumeShading.usf" 2894
"../../../Engine/Shaders/Private/MegaLights/MegaLightsSampling.usf" 2895
"../../../Engine/Shaders/Private/MegaLights/MegaLightsSampling.ush" 2896
"../../../Engine/Shaders/Private/MegaLights/MegaLightsVolumeSampling.usf" 2897
"../../../Engine/Shaders/Private/MaterialCache/MaterialCacheABufferPages.usf" 2898
"../../../Engine/Shaders/Private/MaterialCache/MaterialCacheShade.usf" 2899
"../../../Engine/Shaders/Private/MaterialCache/MaterialCacheUnwrapNaniteShade.usf" 2900
"../../../Engine/Shaders/Private/MaterialCache/MaterialCacheUnwrapPixelShader.usf" 2901
"../../../Engine/Shaders/Private/MaterialCache/MaterialCacheUnwrapVertexShader.usf" 2902
"../../../Engine/Shaders/Private/Lumen/LumenVisualizeRadianceCache.usf" 2903
"../../../Engine/Shaders/Private/Lumen/LumenRadianceCacheCommon.ush" 2904
"../../../Engine/Shaders/Private/Lumen/LumenVisualizeHardwareRayTracing.usf" 2905
"../../../Engine/Shaders/Private/Lumen/LumenVisualize.ush" 2906
"../../../Engine/Shaders/Private/Lumen/LumenHairTracing.ush" 2907
"../../../Engine/Shaders/Private/Lumen/LumenVisualize.usf" 2908
"../../../Engine/Shaders/Private/Lumen/LumenSoftwareRayTracing.ush" 2909
"../../../Engine/Shaders/Private/DistanceField/GlobalDistanceFieldObjectGrid.ush" 2910
"../../../Engine/Shaders/Private/DistanceFieldLightingShared.ush" 2911
"../../../Engine/Shaders/Private/Lumen/LumenVisualizeTraces.ush" 2912
"../../../Engine/Shaders/Private/Lumen/LumenTranslucencyVolumeLighting.usf" 2913
"../../../Engine/Shaders/Private/Lumen/LumenRadianceCacheMarkCommon.ush" 2914
"../../../Engine/Shaders/Private/Lumen/LumenTranslucencyVolumeLightingShared.ush" 2915
"../../../Engine/Shaders/Private/Lumen/LumenScreenProbeCommon.ush" 2916
"../../../Engine/Shaders/Private/RayTracing/RayGenUtils.ush" 2917
"../../../Engine/Shaders/Private/Lumen/LumenRadianceCacheTracingCommon.ush" 2918
"../../../Engine/Shaders/Private/Lumen/LumenTranslucencyVolumeHardwareRayTracing.usf" 2919
"../../../Engine/Shaders/Private/Lumen/LumenTranslucencyRadianceCacheMarkShaders.usf" 2920
"../../../Engine/Shaders/Private/Lumen/SurfaceCache/LumenSurfaceCache.usf" 2921
"../../../Engine/Shaders/Private/Lumen/LumenShortRangeAOHardwareRayTracing.usf" 2922
"../../../Engine/Shaders/Private/Lumen/LumenScreenSpaceBentNormal.ush" 2923
"../../../Engine/Shaders/Private/Lumen/LumenScreenSpaceBentNormal.usf" 2924
"../../../Engine/Shaders/Private/Lumen/LumenScreenProbeTracing.usf" 2925
"../../../Engine/Shaders/Private/Lumen/LumenScreenProbeTracingCommon.ush" 2926
"../../../Engine/Shaders/Private/Lumen/LumenFloatQuantization.ush" 2927
"../../../Engine/Shaders/Private/Lumen/LumenScreenProbeImportanceSampling.usf" 2928
"../../../Engine/Shaders/Private/Lumen/LumenScreenProbeImportanceSamplingShared.ush" 2929
"../../../Engine/Shaders/Private/Lumen/LumenScreenProbeHardwareRayTracing.usf" 2930
"../../../Engine/Shaders/Private/Lumen/LumenScreenProbeDebug.usf" 2931
"../../../Engine/Shaders/Private/Lumen/LumenScreenProbeGather.usf" 2932
"../../../Engine/Shaders/Private/Lumen/LumenScreenProbeGatherTemporal.usf" 2933
"../../../Engine/Shaders/Private/Lumen/LumenScreenProbeFiltering.usf" 2934
"../../../Engine/Shaders/Private/Lumen/LumenSceneLighting.usf" 2935
"../../../Engine/Shaders/Private/Lumen/LumenCardTile.ush" 2936
"../../../Engine/Shaders/Private/Lumen/LumenSceneLighting.ush" 2937
"../../../Engine/Shaders/Private/Lumen/Radiosity/LumenRadiosity.ush" 2938
"../../../Engine/Shaders/Private/Lumen/LumenSceneLightingDebug.usf" 2939
"../../../Engine/Shaders/Private/Lumen/LumenScene.usf" 2940
"../../../Engine/Shaders/Private/Lumen/LumenSceneDirectLightingHardwareRayTracing.usf" 2941
"../../../Engine/Shaders/Private/Lumen/LumenSceneDirectLightingStochastic.ush" 2942
"../../../Engine/Shaders/Private/Lumen/LumenReflectionCommon.ush" 2943
"../../../Engine/Shaders/Private/Lumen/LumenSceneDirectLighting.ush" 2944
"../../../Engine/Shaders/Private/Lumen/LumenSceneDebugHardwareRayTracing.usf" 2945
"../../../Engine/Shaders/Private/Lumen/LumenSceneDirectLightingStochastic.usf" 2946
"../../../Engine/Shaders/Private/Lumen/LumenSceneDirectLightingSoftwareRayTracing.usf" 2947
"../../../Engine/Shaders/Private/DistanceFieldShadowingShared.ush" 2948
"../../../Engine/Shaders/Private/Lumen/LumenSceneDirectLightingPerLightShadowCommon.ush" 2949
"../../../Engine/Shaders/Private/Lumen/LumenSceneDirectLightingShadowMask.usf" 2950
"../../../Engine/Shaders/Private/Lumen/LumenSceneDirectLighting.usf" 2951
"../../../Engine/Shaders/Private/Lumen/LumenSceneDirectLightingCulling.usf" 2952
"../../../Engine/Shaders/Private/Lumen/LumenCardComputeShader.usf" 2953
"../../../Engine/Shaders/Private/Lumen/LumenCardBasePass.ush" 2954
"../../../Engine/Shaders/Private/Lumen/LumenCardPixelShader.usf" 2955
"../../../Engine/Shaders/Private/Lumen/LumenCardVertexShader.usf" 2956
"../../../Engine/Shaders/Private/Lumen/LumenReSTIRGather.usf" 2957
"../../../Engine/Shaders/Private/Lumen/LumenReflectionTracing.usf" 2958
"../../../Engine/Shaders/Private/Lumen/LumenReflectionDenoiserSpatial.usf" 2959
"../../../Engine/Shaders/Private/Lumen/LumenReflectionDenoiserClear.usf" 2960
"../../../Engine/Shaders/Private/Lumen/LumenReflectionDenoiserTemporal.usf" 2961
"../../../Engine/Shaders/Private/Lumen/LumenReflectionResolve.usf" 2962
"../../../Engine/Shaders/Private/Lumen/LumenReflections.usf" 2963
"../../../Engine/Shaders/Private/Lumen/RayTracedTranslucency.usf" 2964
"../../../Engine/Shaders/Private/Lumen/LumenReflectionHardwareRayTracing.usf" 2965
"../../../Engine/Shaders/Private/Lumen/Radiosity/LumenVisualizeRadiosityProbes.usf" 2966
"../../../Engine/Shaders/Private/Lumen/Radiosity/LumenRadiosity.usf" 2967
"../../../Engine/Shaders/Private/Lumen/Radiosity/LumenRadiosityHardwareRayTracing.usf" 2968
"../../../Engine/Shaders/Private/Lumen/Radiosity/LumenRadiosityCulling.usf" 2969
"../../../Engine/Shaders/Private/Lumen/LumenRadianceCacheHardwareRayTracing.usf" 2970
"../../../Engine/Shaders/Private/Lumen/LumenRadianceCache.usf" 2971
"../../../Engine/Shaders/Private/Lumen/LumenRadianceCacheUpdate.ush" 2972
"../../../Engine/Shaders/Private/Lumen/LumenRadianceCacheDebug.usf" 2973
"../../../Engine/Shaders/Private/Lumen/LumenRadianceCacheUpdate.usf" 2974
"../../../Engine/Shaders/Private/Lumen/LumenMeshSDFCulling.usf" 2975
"../../../Engine/Shaders/Private/HybridIndirectLighting.ush" 2976
"../../../Engine/Shaders/Private/MeshDistanceFieldCommon.ush" 2977
"../../../Engine/Shaders/Private/Lumen/LumenIrradianceFieldGather.usf" 2978
"../../../Engine/Shaders/Private/Lumen/LumenHardwareRayTracingMaterials.usf" 2979
"../../../Engine/Shaders/Private/Lumen/LumenFrontLayerTranslucency.usf" 2980
"../../../Engine/Shaders/Private/LocalFogVolumes/LocalFogVolumeSplat.usf" 2981
"../../../Engine/Shaders/Private/LocalFogVolumes/LocalFogVolumeTiledCulling.usf" 2982
"../../../Engine/Shaders/Private/LightShaftShader.usf" 2983
"../../../Engine/Shaders/Private/StationaryLightOverlapShaders.usf" 2984
"../../../Engine/Shaders/Private/DeferredLightPixelShaders.usf" 2985
"../../../Engine/Shaders/Private/DeferredLightVertexShaders.usf" 2986
"../../../Engine/Shaders/Private/LightMapDensityShader.usf" 2987
"../../../Engine/Shaders/Private/LightGridInjection.usf" 2988
"../../../Engine/Shaders/Shared/LightGridDefinitions.h" 2989
"../../../Engine/Shaders/Private/LightFunctionPixelShader.usf" 2990
"../../../Engine/Shaders/Private/LightFunctionVertexShader.usf" 2991
"../../../Engine/Shaders/Private/LightFunctionAtlas/LightFunctionAtlasRender.usf" 2992
"../../../Engine/Shaders/Private/InstanceCulling/InstanceCullingOcclusionQuery.usf" 2993
"../../../Engine/Shaders/Private/InstanceCulling/InstanceCullingSetup.ush" 2994
"../../../Engine/Shaders/Private/InstanceCulling/BuildInstanceDrawCommands.usf" 2995
"../../../Engine/Shaders/Private/InstanceCulling/InstanceCompactionCommon.ush" 2996
"../../../Engine/Shaders/Private/SceneDataMobileWriter.ush" 2997
"../../../Engine/Shaders/Private/InstanceCulling/CompactVisibleInstances.usf" 2998
"../../../Engine/Shaders/Private/ReflectionEnvironmentPixelShader.usf" 2999
"../../../Engine/Shaders/Private/AmbientCubemapComposite.usf" 3000
"../../../Engine/Shaders/Private/DiffuseIndirectComposite.usf" 3001
"../../../Engine/Shaders/Private/IESAtlas.usf" 3002
"../../../Engine/Shaders/Private/HeterogeneousVolumes/HeterogeneousVolumesVoxelGridShadows.usf" 3003
"../../../Engine/Shaders/Private/HeterogeneousVolumes/HeterogeneousVolumesStochasticFiltering.ush" 3004
"../../../Engine/Shaders/Private/HeterogeneousVolumes/HeterogeneousVolumesVoxelGridRenderingUtils.ush" 3005
"../../../Engine/Shaders/Private/HeterogeneousVolumes/HeterogeneousVolumesLightingUtils.ush" 3006
"../../../Engine/Shaders/Private/HeterogeneousVolumes/HeterogeneousVolumesVoxelGridRendering.usf" 3007
"../../../Engine/Shaders/Private/HeterogeneousVolumes/HeterogeneousVolumesVoxelGridPipeline.usf" 3008
"../../../Engine/Shaders/Private/HeterogeneousVolumes/HeterogeneousVolumesMaterialBakingPipeline.usf" 3009
"../../../Engine/Shaders/Private/HeterogeneousVolumes/HeterogeneousVolumesLiveShadingUtils.ush" 3010
"../../../Engine/Shaders/Private/HeterogeneousVolumes/HeterogeneousVolumesFrustumVoxelGrid.usf" 3011
"../../../Engine/Shaders/Private/HeterogeneousVolumes/HeterogeneousVolumesSparseVoxelPipeline.usf" 3012
"../../../Engine/Shaders/Private/HeterogeneousVolumes/HeterogeneousVolumesSparseVoxelUtils.ush" 3013
"../../../Engine/Shaders/Private/HeterogeneousVolumes/HeterogeneousVolumesSparseVoxelUniformBufferUtils.ush" 3014
"../../../Engine/Shaders/Private/HeterogeneousVolumes/HeterogeneousVolumesPreshadingPipeline.usf" 3015
"../../../Engine/Shaders/Private/HeterogeneousVolumes/HeterogeneousVolumesLiveShadingShadows.usf" 3016
"../../../Engine/Shaders/Private/HeterogeneousVolumes/HeterogeneousVolumesLiveShadingGlobalPipeline.usf" 3017
"../../../Engine/Shaders/Private/HeterogeneousVolumes/HeterogeneousVolumesLiveShadingPipeline.usf" 3018
"../../../Engine/Shaders/Private/HeterogeneousVolumes/HeterogeneousVolumesHardwareRayTracing.usf" 3019
"../../../Engine/Shaders/Private/HeterogeneousVolumes/HeterogeneousVolumesAmbientOcclusionPipeline.usf" 3020
"../../../Engine/Shaders/Private/HeterogeneousVolumes/HeterogeneousVolumesComposite.usf" 3021
"../../../Engine/Shaders/Private/HdrCustomResolveShaders.usf" 3022
"../../../Engine/Shaders/Private/HairStrands/RenderCurveRaster.usf" 3023
"../../../Engine/Shaders/Private/HairStrands/HairStrandsVoxelRasterCompute.usf" 3024
"../../../Engine/Shaders/Private/HairStrands/HairStrandsHitProxy.usf" 3025
"../../../Engine/Shaders/Private/HairStrands/HairStrandsVisibilityRasterComputeNaive.usf" 3026
"../../../Engine/Shaders/Private/HairStrands/HairStrandsVisibilityRasterHW.usf" 3027
"../../../Engine/Shaders/Private/HairStrands/HairStrandsVisibilityRasterCompute.usf" 3028
"../../../Engine/Shaders/Private/HairStrands/HairStrandsVisibilityRasterClassification.usf" 3029
"../../../Engine/Shaders/Private/HairStrands/HairStrandsCoverage.usf" 3030
"../../../Engine/Shaders/Private/HairStrands/HairStrandsVisibilityDepthPS.usf" 3031
"../../../Engine/Shaders/Private/HairStrands/HairStrandsVisibilityTransmittanceDepthPS.usf" 3032
"../../../Engine/Shaders/Private/HairStrands/HairStrandsVisibilityFillOpaqueDepthPS.usf" 3033
"../../../Engine/Shaders/Private/HairStrands/HairStrandsVisibilityCompactionComputeRaster.usf" 3034
"../../../Engine/Shaders/Private/HairStrands/HairStrandsVisibilityCompaction.usf" 3035
"../../../Engine/Shaders/Private/HairStrands/HairStrandsVisibilityCopyIndirectArg.usf" 3036
"../../../Engine/Shaders/Private/HairStrands/HairStrandsVisibilityClearPS.usf" 3037
"../../../Engine/Shaders/Private/HairStrands/HairStrandsVisibilityPS.usf" 3038
"../../../Engine/Shaders/Private/HairStrands/HairStrandsVisibilityVS.usf" 3039
"../../../Engine/Shaders/Private/HairStrands/HairStrandsVelocity.usf" 3040
"../../../Engine/Shaders/Private/HairStrands/HairStrandsVisibilityComputeSampleCoverage.usf" 3041
"../../../Engine/Shaders/Private/HairStrands/HairStrandsMaterialPS.usf" 3042
"../../../Engine/Shaders/Private/HairStrands/HairStrandsMaterialCommon.ush" 3043
"../../../Engine/Shaders/Private/HairStrands/HairStrandsMaterialVS.usf" 3044
"../../../Engine/Shaders/Private/HairStrands/HairStrandsLightSample.usf" 3045
"../../../Engine/Shaders/Private/HairStrands/HairStrandsDeepShadowMask.usf" 3046
"../../../Engine/Shaders/Private/HairStrands/HairStrandsDeepTransmittanceMask.usf" 3047
"../../../Engine/Shaders/Private/HairStrands/HairStrandsVisibilityTile.usf" 3048
"../../../Engine/Shaders/Private/HairStrands/HairStrandsDeepShadowPS.usf" 3049
"../../../Engine/Shaders/Private/HairStrands/HairStrandsDeepShadowVS.usf" 3050
"../../../Engine/Shaders/Private/HairStrands/HairStrandsAABB.usf" 3051
"../../../Engine/Shaders/Private/HairStrands/HairStrandsLUT.usf" 3052
"../../../Engine/Shaders/Private/HairStrands/HairStrandsForwardRaster.usf" 3053
"../../../Engine/Shaders/Private/HairStrands/HairStrandsForwardCulling.usf" 3054
"../../../Engine/Shaders/Private/HairStrands/HairStrandsEnvironmentLighting.usf" 3055
"../../../Engine/Shaders/Private/HairStrands/HairStrandsEnvironmentAO.usf" 3056
"../../../Engine/Shaders/Private/HairStrands/HairStrandsDeepShadowAllocation.usf" 3057
"../../../Engine/Shaders/Private/HairStrands/HairStrandsVoxelDebug.usf" 3058
"../../../Engine/Shaders/Private/HairStrands/HairStrandsComposition.usf" 3059
"../../../Engine/Shaders/Private/HairStrands/HairStrandsGBufferCommon.ush" 3060
"../../../Engine/Shaders/Private/GPUScene/GPUSceneDataManagement.usf" 3061
"../../../Engine/Shaders/Private/GPUSceneDebugRender.usf" 3062
"../../../Engine/Shaders/Private/GPUFeedbackCompaction.usf" 3063
"../../../Engine/Shaders/Private/GPUFastFourierTransform.usf" 3064
"../../../Engine/Shaders/Private/GPUFastFourierTransform2DCore.ush" 3065
"../../../Engine/Shaders/Private/GPUFastFourierTransformCore.ush" 3066
"../../../Engine/Shaders/Private/GPUBenchmark.usf" 3067
"../../../Engine/Shaders/Private/DistanceField/GlobalDistanceFieldDebug.usf" 3068
"../../../Engine/Shaders/Private/DistanceField/GlobalDistanceFieldUpdate.ush" 3069
"../../../Engine/Shaders/Private/DistanceField/GlobalDistanceFieldMip.usf" 3070
"../../../Engine/Shaders/Private/DistanceField/GlobalDistanceField.usf" 3071
"../../../Engine/Shaders/Private/DistanceField/GlobalDistanceFieldCompositeObjects.usf" 3072
"../../../Engine/Shaders/Private/DistanceField/GlobalDistanceFieldHeightfields.usf" 3073
"../../../Engine/Shaders/Private/HeightfieldLightingShared.ush" 3074
"../../../Engine/Shaders/Private/GenerateConservativeDepth.usf" 3075
"../../../Engine/Shaders/Private/HeightFogPixelShader.usf" 3076
"../../../Engine/Shaders/Private/HeightFogVertexShader.usf" 3077
"../../../Engine/Shaders/Private/DistortFiltering.usf" 3078
"../../../Engine/Shaders/Private/DistortAccumulatePS.usf" 3079
"../../../Engine/Shaders/Private/DistortAccumulateVS.usf" 3080
"../../../Engine/Shaders/Private/DistanceFieldVisualization.usf" 3081
"../../../Engine/Shaders/Private/DistanceFieldStreaming.usf" 3082
"../../../Engine/Shaders/Private/DistanceFieldShadowing.usf" 3083
"../../../Engine/Shaders/Private/DistanceFieldScreenGridLighting.usf" 3084
"../../../Engine/Shaders/Private/DistanceFieldObjectCulling.usf" 3085
"../../../Engine/Shaders/Private/DistanceFieldLightingPost.usf" 3086
"../../../Engine/Shaders/Private/DitheredTransitionStencil.usf" 3087
"../../../Engine/Shaders/Private/CopyDepthTexture.usf" 3088
"../../../Engine/Shaders/Private/CopyDepthTextureCS.usf" 3089
"../../../Engine/Shaders/Private/DeferredDecal.usf" 3090
"../../../Engine/Shaders/Private/DecalCommon.ush" 3091
"../../../Engine/Shaders/Private/DebugViewModeVertexShader.usf" 3092
"../../../Engine/Shaders/Private/DebugViewModeCommon.ush" 3093
"../../../Engine/Shaders/Private/DebugViewModePixelShader.usf" 3094
"../../../Engine/Shaders/Private/DebugProbes.usf" 3095
"../../../Engine/Shaders/Private/MeshDecals.usf" 3096
"../../../Engine/Shaders/Private/PostProcessAmbientOcclusion.usf" 3097
"../../../Engine/Shaders/Private/ClusteredDeferredShadingPixelShader.usf" 3098
"../../../Engine/Shaders/Private/ClusteredDeferredShadingVertexShader.usf" 3099
"../../../Engine/Shaders/Private/CapsuleShadowShaders.usf" 3100
"../../../Engine/Shaders/Private/BasePassPixelShader.usf" 3101
"../../../Engine/Shaders/Private/ForwardLightingCommon.ush" 3102
"../../../Engine/Shaders/Private/Substrate/SubstrateForwardLighting.ush" 3103
"../../../Engine/Shaders/Private/ComputeShaderOutputCommon.ush" 3104
"../../../Engine/Shaders/Private/BasePassVertexShader.usf" 3105
"../../../Engine/Shaders/Private/BasePassVertexCommon.ush" 3106
"../../../Engine/Shaders/Private/SimpleElementVolumeTexturePreviewPixelShader.usf" 3107
"../../../Engine/Shaders/Private/SimpleElementTexture2DPreviewPixelShader.usf" 3108
"../../../Engine/Shaders/Private/meshpaintdilatepixelshader.usf" 3109
"../../../Engine/Shaders/Private/meshpaintdilatevertexshader.usf" 3110
"../../../Engine/Shaders/Private/MeshPaintPixelShader.usf" 3111
"../../../Engine/Shaders/Private/MeshPaintVertexShader.usf" 3112
"../../../Engine/Shaders/Private/SlateElementPixelShader.usf" 3113
"../../../Engine/Shaders/Private/SlateShaderCommon.ush" 3114
"../../../Engine/Shaders/Private/SlateMaskingShader.usf" 3115
"../../../Engine/Shaders/Private/SlateVertexShader.usf" 3116
"../../../Engine/Shaders/Private/CompositeUIPixelShader.usf" 3117
"../../../Engine/Shaders/Private/ColorDeficiency.ush" 3118
"../../../Engine/Shaders/Private/SlatePostProcessColorDeficiencyPixelShader.usf" 3119
"../../../Engine/Shaders/Private/SlatePostProcessPixelShader.usf" 3120
"../../../Engine/Shaders/Private/Tools/VisualizeTexture.usf" 3121
"../../../Engine/Shaders/Private/UpdateDescriptorHandle.usf" 3122
"../../../Engine/Shaders/Private/ByteBuffer.usf" 3123
"../../../Engine/Shaders/Private/ShaderBundleWorkGraphDispatch.usf" 3124
"../../../Engine/Shaders/Private/ShaderBundleDispatch.usf" 3125
"../../../Engine/Shaders/Private/ResolveVertexShader.usf" 3126
"../../../Engine/Shaders/Private/ResolvePixelShader.usf" 3127
"../../../Engine/Shaders/Private/Tools/SetupIndirectArgs.usf" 3128
"../../../Engine/Shaders/Private/ClearReplacementShaders.usf" 3129
"../../../Engine/Shaders/Private/Tools/DrawTexture.usf" 3130
"../../../Engine/Shaders/Private/RayTracing/RayTracingValidation.usf" 3131
"../../../Engine/Shaders/Private/RenderGraphUtilities.usf" 3132
"../../../Engine/Shaders/Private/OneColorShader.usf" 3133
"../../../Engine/Shaders/Private/OculusShaders.usf" 3134
"../../../Engine/Shaders/Private/MediaShaders.usf" 3135
"../../../Engine/Shaders/Private/GPUMessaging.usf" 3136
"../../../Engine/Shaders/Private/Tools/GPUDebugCrashUtils.usf" 3137
"../../../Engine/Shaders/Private/NullPixelShader.usf" 3138
"../../../Engine/Shaders/Private/ComputeGenerateMips.usf" 3139
"../../../Engine/Shaders/Private/Tools/DumpTexture.usf" 3140
"../../../Engine/Shaders/Private/CopyTextureShaders.usf" 3141
"../../../Engine/Shaders/Private/Tools/FullscreenVertexShader.usf" 3142
"../../../Engine/Shaders/Private/RayTracing/RayTracingDispatchDesc.usf" 3143
"../../../Engine/Shaders/Private/Bink.usf" 3144
"../../../Engine/Shaders/Private/VelocityShader.usf" 3145
"../../../Engine/Shaders/Private/DepthOnlyPixelShader.usf" 3146
"../../../Engine/Shaders/Private/PositionOnlyDepthVertexShader.usf" 3147
"../../../Engine/Shaders/Private/DepthOnlyVertexShader.usf" 3148
"../../../Engine/Shaders/Private/AnisotropyPassShader.usf" 3149
"/Engine/EngineResources/WhiteSquareTexture" 3150
"../../../Engine/Content/EngineResources/WhiteSquareTexture.uasset" 3151
"/Engine/EngineResources/GradientTexture0" 3152
"../../../Engine/Content/EngineResources/GradientTexture0.uasset" 3153
"/Engine/EngineResources/Black" 3154
"../../../Engine/Content/EngineResources/Black.uasset" 3155
"/Engine/EditorResources/S_Actor" 3156
"../../../Engine/Content/EditorResources/S_Actor.uasset" 3157
"/Engine/EngineFonts/RobotoDistanceField" 3158
"../../../Engine/Content/EngineFonts/RobotoDistanceField.uasset" 3159
"/Engine/EngineMaterials/DefaultTextMaterialOpaque" 3160
"../../../Engine/Content/EngineMaterials/DefaultTextMaterialOpaque.uasset" 3161
"/Engine/Functions/Engine_MaterialFunctions01/Shading/PowerToRoughness" 3162
"../../../Engine/Content/Functions/Engine_MaterialFunctions01/Shading/PowerToRoughness.uasset" 3163
"/Engine/Functions/Engine_MaterialFunctions01/Shading/ConvertFromDiffSpec" 3164
"../../../Engine/Content/Functions/Engine_MaterialFunctions01/Shading/ConvertFromDiffSpec.uasset" 3165
"/Engine/EngineMaterials/WorldGridMaterial" 3166
"../../../Engine/Content/EngineMaterials/WorldGridMaterial.uasset" 3167
"../../../Engine/Content/Functions/Engine_MaterialFunctions01/Opacity/CameraDepthFade.uasset" 3168
"../../../Engine/Content/EngineMaterials/T_Default_Material_Grid_M.uasset" 3169
"../../../Engine/Content/EngineMaterials/T_Default_Material_Grid_N.uasset" 3170
"/Engine/EngineMaterials/DefaultDeferredDecalMaterial" 3171
"../../../Engine/Content/EngineMaterials/DefaultDeferredDecalMaterial.uasset" 3172
"../../../Engine/Content/EngineMaterials/DefaultDiffuse.uasset" 3173
"/Engine/EngineMaterials/DefaultLightFunctionMaterial" 3174
"../../../Engine/Content/EngineMaterials/DefaultLightFunctionMaterial.uasset" 3175
"/Engine/EngineMaterials/DefaultPostProcessMaterial" 3176
"../../../Engine/Content/EngineMaterials/DefaultPostProcessMaterial.uasset" 3177
"../../../Engine/Content/Functions/Engine_MaterialFunctions02/Utility/BreakOutFloat2Components.uasset" 3178
"/Engine/EditorResources/S_Trigger" 3179
"../../../Engine/Content/EditorResources/S_Trigger.uasset" 3180
"/Engine/EditorResources/S_BoxReflectionCapture" 3181
"../../../Engine/Content/EditorResources/S_BoxReflectionCapture.uasset" 3182
"/Engine/EngineResources/DefaultTexture" 3183
"../../../Engine/Content/EngineResources/DefaultTexture.uasset" 3184
"/Engine/EditorResources/S_TriggerBox" 3185
"../../../Engine/Content/EditorResources/S_TriggerBox.uasset" 3186
"/Engine/EditorResources/S_TriggerCapsule" 3187
"../../../Engine/Content/EditorResources/S_TriggerCapsule.uasset" 3188
"/Engine/EditorResources/S_TriggerSphere" 3189
"../../../Engine/Content/EditorResources/S_TriggerSphere.uasset" 3190
"/Engine/EngineDamageTypes/DmgTypeBP_Environmental" 3191
"../../../Engine/Content/EngineDamageTypes/DmgTypeBP_Environmental.uasset" 3192
"/Engine/EngineMeshes/Sphere" 3193
"../../../Engine/Content/EngineMeshes/Sphere.uasset" 3194
"/Engine/EngineResources/DefaultTextureCube" 3195
"../../../Engine/Content/EngineResources/DefaultTextureCube.uasset" 3196
"/Engine/EngineResources/DefaultVolumeTexture" 3197
"../../../Engine/Content/EngineResources/DefaultVolumeTexture.uasset" 3198
"../../../Engine/Content/EngineResources/DefaultVolumeTexture2D.uasset" 3199
"/Engine/VREditor/TransformGizmo/SM_Sequencer_Node" 3200
"../../../Engine/Content/VREditor/TransformGizmo/SM_Sequencer_Node.uasset" 3201
"../../../Engine/Content/VREditor/TransformGizmo/Main.uasset" 3202
"../../../Engine/Content/VREditor/TransformGizmo/Xray.uasset" 3203
"/Engine/EditorResources/S_Solver" 3204
"../../../Engine/Content/EditorResources/S_Solver.uasset" 3205
"/Engine/EngineDebugMaterials/VolumeToRender" 3206
"../../../Engine/Content/EngineDebugMaterials/VolumeToRender.uasset" 3207
"/Engine/EngineDebugMaterials/M_VolumeRenderSphereTracePP" 3208
"../../../Engine/Content/EngineDebugMaterials/M_VolumeRenderSphereTracePP.uasset" 3209
"../../../Engine/Content/Functions/Engine_MaterialFunctions02/Utility/CameraDirectionVector.uasset" 3210
"/Engine/EditorMeshes/Camera/SM_CraneRig_Base" 3211
"../../../Engine/Content/EditorMeshes/Camera/SM_CraneRig_Base.uasset" 3212
"../../../Engine/Content/EditorMaterials/Camera/MI_CineMat_Rig.uasset" 3213
"../../../Engine/Content/EditorMaterials/Camera/CineMat.uasset" 3214
"/Engine/EditorMeshes/Camera/SM_CraneRig_Arm" 3215
"../../../Engine/Content/EditorMeshes/Camera/SM_CraneRig_Arm.uasset" 3216
"/Engine/EditorMeshes/Camera/SM_CraneRig_Mount" 3217
"../../../Engine/Content/EditorMeshes/Camera/SM_CraneRig_Mount.uasset" 3218
"/Engine/EditorMeshes/Camera/SM_CraneRig_Body" 3219
"../../../Engine/Content/EditorMeshes/Camera/SM_CraneRig_Body.uasset" 3220
"/Engine/EditorMeshes/Camera/SM_RailRig_Track" 3221
"../../../Engine/Content/EditorMeshes/Camera/SM_RailRig_Track.uasset" 3222
"/Engine/EditorMeshes/Camera/SM_RailRig_Mount" 3223
"../../../Engine/Content/EditorMeshes/Camera/SM_RailRig_Mount.uasset" 3224
"/Engine/EditorLandscapeResources/SplineEditorMesh" 3225
"../../../Engine/Content/EditorLandscapeResources/SplineEditorMesh.uasset" 3226
"../../../Engine/Content/EditorLandscapeResources/SplineEditorMeshMat.uasset" 3227
"/HairStrands/Materials/HairDebugMaterial" 3228
"../../Plugins/Runtime/HairStrands/Content/Materials/HairDebugMaterial.uasset" 3229
"../../../Engine/Content/Functions/Engine_MaterialFunctions02/Utility/MakeFloat2.uasset" 3230
"../../../Engine/Content/Functions/Engine_MaterialFunctions02/Utility/MakeFloat3.uasset" 3231
"../../../Engine/Content/EngineMaterials/HairColorMap.uasset" 3232
"../../../Engine/Content/EngineMaterials/HairDebugColor.uasset" 3233
"../../Plugins/Runtime/HairStrands/Content/Materials/HairGroupColors.uasset" 3234
"/HairStrands/Materials/HairDefaultMaterial" 3235
"../../Plugins/Runtime/HairStrands/Content/Materials/HairDefaultMaterial.uasset" 3236
"/HairStrands/Materials/HairCardsDefaultMaterial" 3237
"../../Plugins/Runtime/HairStrands/Content/Materials/HairCardsDefaultMaterial.uasset" 3238
"/HairStrands/Materials/HairMeshesDefaultMaterial" 3239
"../../Plugins/Runtime/HairStrands/Content/Materials/HairMeshesDefaultMaterial.uasset" 3240
"/Engine/BasicShapes/Cube" 3241
"../../../Engine/Content/BasicShapes/Cube.uasset" 3242
"/CameraCalibrationCore/Materials/M_DefaultOddSquare" 3243
"../../Plugins/VirtualProduction/CameraCalibrationCore/Content/Materials/M_DefaultOddSquare.uasset" 3244
"/CameraCalibrationCore/Materials/M_DefaultEvenSquare" 3245
"../../Plugins/VirtualProduction/CameraCalibrationCore/Content/Materials/M_DefaultEvenSquare.uasset" 3246
"/Engine/EngineMaterials/Widget3DPassThrough_Translucent" 3247
"../../../Engine/Content/EngineMaterials/Widget3DPassThrough_Translucent.uasset" 3248
"../../../Engine/Content/EngineMaterials/Widget3DPassThrough.uasset" 3249
"/Engine/EngineMaterials/Widget3DPassThrough_Translucent_OneSided" 3250
"../../../Engine/Content/EngineMaterials/Widget3DPassThrough_Translucent_OneSided.uasset" 3251
"/Engine/EngineMaterials/Widget3DPassThrough_Opaque" 3252
"../../../Engine/Content/EngineMaterials/Widget3DPassThrough_Opaque.uasset" 3253
"/Engine/EngineMaterials/Widget3DPassThrough_Opaque_OneSided" 3254
"../../../Engine/Content/EngineMaterials/Widget3DPassThrough_Opaque_OneSided.uasset" 3255
"/Engine/EngineMaterials/Widget3DPassThrough_Masked" 3256
"../../../Engine/Content/EngineMaterials/Widget3DPassThrough_Masked.uasset" 3257
"/Engine/EngineMaterials/Widget3DPassThrough_Masked_OneSided" 3258
"../../../Engine/Content/EngineMaterials/Widget3DPassThrough_Masked_OneSided.uasset" 3259
"/Engine/VREditor/ViewportInteractionAssetContainerData" 3260
"../../../Engine/Content/VREditor/ViewportInteractionAssetContainerData.uasset" 3261
"../../../Engine/Content/VREditor/SnapGrid/SnapGridMaterial.uasset" 3262
"../../../Engine/Content/VREditor/TransformGizmo/TransformGizmoMaterial_Inst.uasset" 3263
"../../../Engine/Content/VREditor/TransformGizmo/TranslucentTransformGizmoMaterial_Inst.uasset" 3264
"../../../Engine/Content/VREditor/SnapGrid/SnapGridPlaneMesh.uasset" 3265
"../../../Engine/Content/VREditor/Sounds/UI/Drop_Item_From_ContentBrowser.uasset" 3266
"../../../Engine/Content/VREditor/Sounds/UI/Gizmo_Handle_Clicked.uasset" 3267
"../../../Engine/Content/VREditor/Sounds/UI/Object_PickUp.uasset" 3268
"../../../Engine/Content/VREditor/Sounds/UI/Object_Snaps_To_Another_Actor.uasset" 3269
"../../../Engine/Content/VREditor/Sounds/UI/Object_Snaps_To_Grid.uasset" 3270
"../../../Engine/Content/VREditor/Sounds/UI/Scaling_Down.uasset" 3271
"../../../Engine/Content/VREditor/Sounds/UI/Scaling_Up.uasset" 3272
"../../../Engine/Content/VREditor/Sounds/UI/Selection_Changes.uasset" 3273
"../../../Engine/Content/VREditor/TransformGizmo/PlaneTranslationHandle.uasset" 3274
"../../../Engine/Content/VREditor/TransformGizmo/RotationHandleFull.uasset" 3275
"../../../Engine/Content/VREditor/TransformGizmo/RotationHandleIndicator.uasset" 3276
"../../../Engine/Content/VREditor/TransformGizmo/RotationHandleQuarter.uasset" 3277
"../../../Engine/Content/VREditor/TransformGizmo/StartRotationHandleIndicator.uasset" 3278
"../../../Engine/Content/VREditor/TransformGizmo/TransformGizmoFreeRotation.uasset" 3279
"../../../Engine/Content/VREditor/TransformGizmo/TranslateArrowHandle.uasset" 3280
"../../../Engine/Content/VREditor/TransformGizmo/UniformScaleHandle.uasset" 3281
"../../../Engine/Content/Functions/Engine_MaterialFunctions02/Math/Transform3x3Matrix.uasset" 3282
"../../../Engine/Content/Functions/Engine_MaterialFunctions02/SplitComponents.uasset" 3283
"../../../Engine/Content/VREditor/TransformGizmo/TransformGizmoMaterial.uasset" 3284
"../../../Engine/Content/VREditor/TransformGizmo/TranslucentTransformGizmoMaterial.uasset" 3285
"../../../Engine/Content/Functions/Engine_MaterialFunctions02/Utility/BreakOutFloat3Components.uasset" 3286
"../../../Engine/Content/VREditor/LaserPointer/VR_LaserPower_01.uasset" 3287
"/Engine/VREditor/TransformGizmo/BoundingBoxCorner" 3288
"../../../Engine/Content/VREditor/TransformGizmo/BoundingBoxCorner.uasset" 3289
"/Engine/VREditor/TransformGizmo/BoundingBoxEdge" 3290
"../../../Engine/Content/VREditor/TransformGizmo/BoundingBoxEdge.uasset" 3291
"/Engine/ArtTools/RenderToTexture/Meshes/S_1_Unit_Plane" 3292
"../../../Engine/Content/ArtTools/RenderToTexture/Meshes/S_1_Unit_Plane.uasset" 3293
"/Engine/EngineDebugMaterials/M_SimpleUnlitTranslucent" 3294
"../../../Engine/Content/EngineDebugMaterials/M_SimpleUnlitTranslucent.uasset" 3295
"/Engine/EngineFonts/Roboto" 3296
"../../../Engine/Content/EngineFonts/Roboto.uasset" 3297
"../../../Engine/Content/EngineFonts/Faces/DroidSansFallback.uasset" 3298
"../../../Engine/Content/EngineFonts/Faces/RobotoBold.uasset" 3299
"../../../Engine/Content/EngineFonts/Faces/RobotoBoldItalic.uasset" 3300
"../../../Engine/Content/EngineFonts/Faces/RobotoItalic.uasset" 3301
"../../../Engine/Content/EngineFonts/Faces/RobotoLight.uasset" 3302
"../../../Engine/Content/EngineFonts/Faces/RobotoRegular.uasset" 3303
"/Engine/EditorMaterials/ParticleSystems/PSysThumbnail_NoImage" 3304
"../../../Engine/Content/EditorMaterials/ParticleSystems/PSysThumbnail_NoImage.uasset" 3305
"/Engine/EditorMaterials/ParticleSystems/PSysThumbnail_OOD" 3306
"../../../Engine/Content/EditorMaterials/ParticleSystems/PSysThumbnail_OOD.uasset" 3307
"/Engine/EngineResources/LandscapeVisibilityLayerInfo" 3308
"../../../Engine/Content/EngineResources/LandscapeVisibilityLayerInfo.uasset" 3309
"../../../Engine/Content/Internationalization/icudt64l/coll/en.res" 3310
"/ACLPlugin/ACLAnimBoneCompressionSettings" 3311
"../../Plugins/Animation/ACLPlugin/Content/ACLAnimBoneCompressionSettings.uasset" 3312
"/Engine/Animation/DefaultRecorderBoneCompression" 3313
"../../../Engine/Content/Animation/DefaultRecorderBoneCompression.uasset" 3314
"/ACLPlugin/ACLAnimCurveCompressionSettings" 3315
"../../Plugins/Animation/ACLPlugin/Content/ACLAnimCurveCompressionSettings.uasset" 3316
"/Engine/Animation/DefaultVariableFrameStrippingSettings" 3317
"../../../Engine/Content/Animation/DefaultVariableFrameStrippingSettings.uasset" 3318
"/AudioWidgets/Resources/ScrubHandleDown_Clamped" 3319
"../../Plugins/Runtime/AudioWidgets/Content/Resources/ScrubHandleDown_Clamped.uasset" 3320
"/Paper2D/MaskedUnlitSpriteMaterial" 3321
"../../Plugins/2D/Paper2D/Content/MaskedUnlitSpriteMaterial.uasset" 3322
"../../Plugins/2D/Paper2D/Content/DefaultSpriteMaterial.uasset" 3323
"../../Plugins/2D/Paper2D/Content/PlaceholderTextures/DummySpriteTexture.uasset" 3324
"/Paper2D/OpaqueUnlitSpriteMaterial" 3325
"../../Plugins/2D/Paper2D/Content/OpaqueUnlitSpriteMaterial.uasset" 3326
"/Paper2D/DefaultPaperTerrainMaterial" 3327
"../../Plugins/2D/Paper2D/Content/DefaultPaperTerrainMaterial.uasset" 3328
"../../Plugins/2D/Paper2D/Content/DummySprite.uasset" 3329
"/ControlRig/Controls/ControlRigXRayMaterial" 3330
"../../Plugins/Animation/ControlRig/Content/Controls/ControlRigXRayMaterial.uasset" 3331
"/ControlRig/Controls/DefaultGizmoLibraryNormalized" 3332
"../../Plugins/Animation/ControlRig/Content/Controls/DefaultGizmoLibraryNormalized.uasset" 3333
"/ControlRig/M_Manip" 3334
"../../Plugins/Animation/ControlRig/Content/M_Manip.uasset" 3335
"../../../Engine/Content/Functions/Engine_MaterialFunctions02/WorldPositionOffset/CameraOffset.uasset" 3336
"../../../Engine/Intermediate/ProjectFiles/PrimaryProjectPath.txt" 3337
"/SpeedTreeImporter/SpeedTree9/SpeedTreeMaster" 3338
"../../Plugins/Editor/SpeedTreeImporter/Content/SpeedTree9/SpeedTreeMaster.uasset" 3339
"../../../Engine/Content/Functions/Engine_MaterialFunctions02/ObjectLocalBounds.uasset" 3340
"../../../Engine/Content/Functions/Engine_MaterialFunctions02/SafeNormalize.uasset" 3341
"../../../Engine/Content/Functions/Engine_MaterialFunctions02/Utility/VectorLength.uasset" 3342
"../../../Engine/Content/Functions/Engine_MaterialFunctions02/UVs/BoundingBoxBased_0-1_UVW.uasset" 3343
"../../../Engine/Content/Functions/Engine_MaterialFunctions02/WorldPositionOffset/ObjectScale.uasset" 3344
"../../Plugins/Editor/SpeedTreeImporter/Content/SpeedTree9/SpeedTreeBranchMotion.uasset" 3345
"../../Plugins/Editor/SpeedTreeImporter/Content/SpeedTree9/SpeedTreeCameraFacing.uasset" 3346
"../../Plugins/Editor/SpeedTreeImporter/Content/SpeedTree9/SpeedTreeWind.uasset" 3347
"../../Plugins/Editor/SpeedTreeImporter/Content/SpeedTree9/SpeedTreeWindMotion.uasset" 3348
"../../Plugins/Editor/SpeedTreeImporter/Content/SpeedTree9/UnpackDirection.uasset" 3349
"../../Plugins/Editor/SpeedTreeImporter/Content/SpeedTree9/UnpackInteger3.uasset" 3350
"../../Plugins/Editor/SpeedTreeImporter/Content/SpeedTree9/Empty.uasset" 3351
"../../Plugins/Editor/SpeedTreeImporter/Content/SpeedTree9/EmptyNormal.uasset" 3352
"../../Plugins/Editor/SpeedTreeImporter/Content/SpeedTree9/game_wind_noise.uasset" 3353
"/SpeedTreeImporter/SpeedTree9/SpeedTreeBillboardMaster" 3354
"../../Plugins/Editor/SpeedTreeImporter/Content/SpeedTree9/SpeedTreeBillboardMaster.uasset" 3355
"../../Plugins/Editor/SpeedTreeImporter/Content/SpeedTree9/SpeedTreeBillboard.uasset" 3356
"/MediaPlate/SM_MediaPlateScreen" 3357
"../../Plugins/Media/MediaPlate/Content/SM_MediaPlateScreen.uasset" 3358
"/Engine/BasicShapes/BasicShapeMaterial" 3359
"../../../Engine/Content/BasicShapes/BasicShapeMaterial.uasset" 3360
"/Engine/EditorMaterials/Dataflow/DataflowVertexMaterial" 3361
"../../../Engine/Content/EditorMaterials/Dataflow/DataflowVertexMaterial.uasset" 3362
"/Engine/EditorMaterials/Dataflow/DataflowTwoSidedVertexMaterial" 3363
"../../../Engine/Content/EditorMaterials/Dataflow/DataflowTwoSidedVertexMaterial.uasset" 3364
"/Engine/EditorLandscapeResources/LayerVisMaterial" 3365
"../../../Engine/Content/EditorLandscapeResources/LayerVisMaterial.uasset" 3366
"../../../Engine/Content/EditorLandscapeResources/WhiteSquareTexture.uasset" 3367
"/Engine/EditorLandscapeResources/SelectBrushMaterial_Selected" 3368
"../../../Engine/Content/EditorLandscapeResources/SelectBrushMaterial_Selected.uasset" 3369
"../../../Engine/Content/EditorLandscapeResources/SelectBrushMaterial.uasset" 3370
"../../../Engine/Content/Functions/Engine_MaterialFunctions03/Math/WithinRangeFloat2.uasset" 3371
"../../../Engine/Content/EditorLandscapeResources/DefaultAlphaTexture.uasset" 3372
"/Engine/EditorLandscapeResources/SelectBrushMaterial_SelectedRegion" 3373
"../../../Engine/Content/EditorLandscapeResources/SelectBrushMaterial_SelectedRegion.uasset" 3374
"/Engine/EditorLandscapeResources/MaskBrushMaterial_MaskedRegion" 3375
"../../../Engine/Content/EditorLandscapeResources/MaskBrushMaterial_MaskedRegion.uasset" 3376
"../../../Engine/Content/EditorLandscapeResources/MaskBrushMaterial.uasset" 3377
"/Engine/EditorLandscapeResources/ColorMaskBrushMaterial_MaskedRegion" 3378
"../../../Engine/Content/EditorLandscapeResources/ColorMaskBrushMaterial_MaskedRegion.uasset" 3379
"../../../Engine/Content/EditorLandscapeResources/ColorMaskBrushMaterial.uasset" 3380
"/Engine/EditorLandscapeResources/LandscapeDirtyMaterial" 3381
"../../../Engine/Content/EditorLandscapeResources/LandscapeDirtyMaterial.uasset" 3382
"/Engine/EditorLandscapeResources/LandscapeLayerUsageMaterial" 3383
"../../../Engine/Content/EditorLandscapeResources/LandscapeLayerUsageMaterial.uasset" 3384
"../../../Engine/Content/Functions/Engine_MaterialFunctions01/Debug/DebugIntValues.uasset" 3385
"../../../Engine/Content/Functions/Engine_MaterialFunctions01/Texturing/ScaleUVsByCenter.uasset" 3386
"../../../Engine/Content/Functions/Engine_MaterialFunctions02/WorldPositionOffset/LocalPosition.uasset" 3387
"../../../Engine/Content/Functions/Engine_MaterialFunctions01/Texturing/TextureCropping.uasset" 3388
"../../../Engine/Content/Functions/Engine_MaterialFunctions02/ExampleContent/DebugNumberStrip.uasset" 3389
"C:/Users/DaleB/AppData/Local/UnrealEngine/Editor/UInteractiveToolsPresetCollectionAsset_DefaultCollection.json" 3390
"/Engine/EngineMaterials/NaniteHiddenSectionMaterial" 3391
"../../../Engine/Content/EngineMaterials/NaniteHiddenSectionMaterial.uasset" 3392
"/Engine/EngineMaterials/RemoveSurfaceMaterial" 3393
"../../../Engine/Content/EngineMaterials/RemoveSurfaceMaterial.uasset" 3394
"/Engine/EngineDebugMaterials/DebugMeshMaterial" 3395
"../../../Engine/Content/EngineDebugMaterials/DebugMeshMaterial.uasset" 3396
"/Engine/EngineMaterials/EmissiveMeshMaterial" 3397
"../../../Engine/Content/EngineMaterials/EmissiveMeshMaterial.uasset" 3398
"../../../Engine/Content/EngineMaterials/DefaultWhiteGrid_Low.uasset" 3399
"/Engine/EngineMaterials/M_InvalidLightmapSettings" 3400
"../../../Engine/Content/EngineMaterials/M_InvalidLightmapSettings.uasset" 3401
"../../../Engine/Content/EngineMaterials/InvalidLightmapSettings.uasset" 3402
"/Engine/EngineMaterials/GizmoMaterial" 3403
"../../../Engine/Content/EngineMaterials/GizmoMaterial.uasset" 3404
"/Engine/EngineMaterials/PhAT_JointLimitMaterial" 3405
"../../../Engine/Content/EngineMaterials/PhAT_JointLimitMaterial.uasset" 3406
"/Engine/EngineMaterials/FlattenMaterial" 3407
"../../../Engine/Content/EngineMaterials/FlattenMaterial.uasset" 3408
"../../../Engine/Content/EngineMaterials/BaseFlattenDiffuseMap.uasset" 3409
"../../../Engine/Content/EngineMaterials/BaseFlattenEmissiveMap.uasset" 3410
"../../../Engine/Content/EngineMaterials/BaseFlattenGrayscaleMap.uasset" 3411
"../../../Engine/Content/EngineMaterials/BaseFlattenLinearColor.uasset" 3412
"../../../Engine/Content/EngineMaterials/BaseFlattenNormalMap.uasset" 3413
"../../../Engine/Content/Functions/Engine_MaterialFunctions02/PivotPainter2/Black_1x1_EXR_Texture.uasset" 3414
"/Engine/EngineMaterials/FlattenMaterial_VT" 3415
"../../../Engine/Content/EngineMaterials/FlattenMaterial_VT.uasset" 3416
"../../../Engine/Content/EngineMaterials/BaseFlattenDiffuseMap_VT.uasset" 3417
"../../../Engine/Content/EngineMaterials/BaseFlattenEmissiveMap_VT.uasset" 3418
"../../../Engine/Content/EngineMaterials/BaseFlattenGrayscaleMap_VT.uasset" 3419
"../../../Engine/Content/EngineMaterials/BaseFlattenLinearColor_VT.uasset" 3420
"../../../Engine/Content/EngineMaterials/BaseFlattenNormalMap_VT.uasset" 3421
"../../../Engine/Content/EngineMaterials/Black_1x1_EXR_Texture_VT.uasset" 3422
"/Engine/EngineMaterials/FlattenMaterial_WS_Normal_VT" 3423
"../../../Engine/Content/EngineMaterials/FlattenMaterial_WS_Normal_VT.uasset" 3424
"/Engine/EngineMaterials/Good64x64TilingNoiseHighFreq" 3425
"../../../Engine/Content/EngineMaterials/Good64x64TilingNoiseHighFreq.uasset" 3426
"/Engine/EngineMaterials/DefaultBokeh" 3427
"../../../Engine/Content/EngineMaterials/DefaultBokeh.uasset" 3428
"/Engine/EngineMaterials/MiniFont" 3429
"../../../Engine/Content/EngineMaterials/MiniFont.uasset" 3430
"/Engine/EngineMaterials/WeightMapPlaceholderTexture" 3431
"../../../Engine/Content/EngineMaterials/WeightMapPlaceholderTexture.uasset" 3432
"/Engine/EngineMaterials/WeightMapArrayPlaceholderTexture" 3433
"../../../Engine/Content/EngineMaterials/WeightMapArrayPlaceholderTexture.uasset" 3434
"/Engine/EngineMaterials/DefaultWhiteGrid" 3435
"../../../Engine/Content/EngineMaterials/DefaultWhiteGrid.uasset" 3436
"/Engine/EngineMaterials/PreintegratedSkinBRDF" 3437
"../../../Engine/Content/EngineMaterials/PreintegratedSkinBRDF.uasset" 3438
"/Engine/EngineMaterials/LTC/GGX_LTCAmp" 3439
"../../../Engine/Content/EngineMaterials/LTC/GGX_LTCAmp.uasset" 3440
"/Engine/EngineMaterials/LTC/GGX_LTCMat" 3441
"../../../Engine/Content/EngineMaterials/LTC/GGX_LTCMat.uasset" 3442
"/Engine/EngineMaterials/EnergyConservation/GGX_ReflectionEnergy" 3443
"../../../Engine/Content/EngineMaterials/EnergyConservation/GGX_ReflectionEnergy.uasset" 3444
"/Engine/EngineMaterials/EnergyConservation/GGX_TransmissionEnergyArray" 3445
"../../../Engine/Content/EngineMaterials/EnergyConservation/GGX_TransmissionEnergyArray.uasset" 3446
"/Engine/EngineMaterials/EnergyConservation/SheenLegacy_Energy" 3447
"../../../Engine/Content/EngineMaterials/EnergyConservation/SheenLegacy_Energy.uasset" 3448
"/Engine/EngineMaterials/DefaultPhysicalMaterial" 3449
"../../../Engine/Content/EngineMaterials/DefaultPhysicalMaterial.uasset" 3450
"/Engine/EngineMaterials/DefaultDestructiblePhysicalMaterial" 3451
"../../../Engine/Content/EngineMaterials/DefaultDestructiblePhysicalMaterial.uasset" 3452
"C:/Users/DaleB/AppData/Local/UnrealEngine/Editor/ProjectEditorRecords.json" 3453
"/Niagara/ParameterDefinitions/SpriteRenderer" 3454
"../../Plugins/FX/Niagara/Content/ParameterDefinitions/SpriteRenderer.uasset" 3455
"/Niagara/ParameterDefinitions/RibbonRenderer" 3456
"../../Plugins/FX/Niagara/Content/ParameterDefinitions/RibbonRenderer.uasset" 3457
"/Niagara/ParameterDefinitions/MeshRenderer" 3458
"../../Plugins/FX/Niagara/Content/ParameterDefinitions/MeshRenderer.uasset" 3459
"/Niagara/ParameterDefinitions/LightRenderer" 3460
"../../Plugins/FX/Niagara/Content/ParameterDefinitions/LightRenderer.uasset" 3461
"/Niagara/ParameterDefinitions/DecalRenderer" 3462
"../../Plugins/FX/Niagara/Content/ParameterDefinitions/DecalRenderer.uasset" 3463
"/Niagara/ParameterDefinitions/CoreParameters" 3464
"../../Plugins/FX/Niagara/Content/ParameterDefinitions/CoreParameters.uasset" 3465
"/DeformerGraph/Deformers/DG_LinearBlendSkin_Morph_Cloth" 3466
"../../Plugins/Animation/DeformerGraph/Content/Deformers/DG_LinearBlendSkin_Morph_Cloth.uasset" 3467
"../../Plugins/Animation/DeformerGraph/Content/DeformerFunctions/DG_Function_LinearBlendSkin_Morph_Cloth.uasset" 3468
"/DeformerGraph/Deformers/DG_LinearBlendSkin_Morph_Cloth_RecomputeNormals" 3469
"../../Plugins/Animation/DeformerGraph/Content/Deformers/DG_LinearBlendSkin_Morph_Cloth_RecomputeNormals.uasset" 3470
"../../Plugins/Animation/DeformerGraph/Content/DeformerFunctions/DG_Function_ComputeNormalsTangents.uasset" 3471
"../../Plugins/Animation/DeformerGraph/Content/DeformerFunctions/DG_Function_LinearBlendSkin_Morph_Cloth_PositionOnly.uasset" 3472
"/Engine/EngineFonts/DroidSansMono" 3473
"../../../Engine/Content/EngineFonts/DroidSansMono.uasset" 3474
"../../../Engine/Content/EngineFonts/Faces/DroidSansMono.uasset" 3475
"/Engine/BasicShapes/Sphere" 3476
"../../../Engine/Content/BasicShapes/Sphere.uasset" 3477
"../../../Engine/Content/EngineMaterials/DefaultMaterial.uasset" 3478
"/Engine/BasicShapes/Cylinder" 3479
"../../../Engine/Content/BasicShapes/Cylinder.uasset" 3480
"/Engine/BasicShapes/Cone" 3481
"../../../Engine/Content/BasicShapes/Cone.uasset" 3482
"/Engine/BasicShapes/Plane" 3483
"../../../Engine/Content/BasicShapes/Plane.uasset" 3484
"../../../Engine/Documentation/Source/Shared/Types/ABrush/ABrush.INT.udn" 3485
"../../../Engine/Content/Internationalization/icudt64l/brkitr/zh.res" 3486
"../../../Engine/Content/Internationalization/icudt64l/brkitr/root.res" 3487
"../../../Engine/Content/Internationalization/icudt64l/brkitr/char.brk" 3488
"../../../Engine/Content/Internationalization/icudt64l/brkitr/word.brk" 3489
"/Engine/EditorResources/SequenceRecorder/Countdown" 3490
"../../../Engine/Content/EditorResources/SequenceRecorder/Countdown.uasset" 3491
"/Engine/EditorResources/SequenceRecorder/RecordingIndicator" 3492
"../../../Engine/Content/EditorResources/SequenceRecorder/RecordingIndicator.uasset" 3493
"/Engine/EditorMaterials/PhAT_UnselectedMaterial" 3494
"../../../Engine/Content/EditorMaterials/PhAT_UnselectedMaterial.uasset" 3495
"/Engine/EditorMaterials/PhAT_NoCollisionMaterial" 3496
"../../../Engine/Content/EditorMaterials/PhAT_NoCollisionMaterial.uasset" 3497
"/Engine/EditorResources/S_Terrain" 3498
"../../../Engine/Content/EditorResources/S_Terrain.uasset" 3499
"../../../Engine/Plugins/FX/Niagara/Shaders/Private/NiagaraDataInterfaceTexture2DArrayTemplate.ush" 3500
"../../../Engine/Plugins/FX/Niagara/Shaders/Private/NiagaraDataInterfaceActorComponentTemplate.ush" 3501
"../../../Engine/Plugins/FX/Niagara/Shaders/Private/NiagaraDataInterfaceArrayTemplate.ush" 3502
"../../../Engine/Plugins/FX/Niagara/Shaders/Private/NiagaraDataInterfaceArrayRWTemplate.ush" 3503
"../../../Engine/Plugins/FX/Niagara/Shaders/Private/NiagaraDataInterfaceAsyncGpuTrace.ush" 3504
"../../../Engine/Plugins/FX/Niagara/Shaders/Private/NiagaraDataInterfaceAsyncGpuTraceTemplate.ush" 3505
"../../../Engine/Plugins/FX/Niagara/Shaders/Private/NiagaraDataInterfaceCamera.ush" 3506
"../../../Engine/Plugins/Experimental/ChaosNiagara/Shaders/NiagaraDataInterfaceChaosDestruction.ush" 3507
"../../../Engine/Plugins/FX/Niagara/Shaders/Private/NiagaraDataInterfaceCollisionQuery.ush" 3508
"../../../Engine/Plugins/FX/Niagara/Shaders/Private/NiagaraDataInterfaceCollisionQueryTemplate.ush" 3509
"../../../Engine/Plugins/FX/Niagara/Shaders/Private/NiagaraDataInterfaceCurveTemplate.ush" 3510
"../../../Engine/Plugins/FX/Niagara/Shaders/Private/NiagaraDataInterfaceCubeTextureTemplate.ush" 3511
"../../../Engine/Plugins/FX/Niagara/Shaders/Private/DataChannel/NiagaraDataInterfaceDataChannelCommon.ush" 3512
"../../../Engine/Plugins/FX/Niagara/Shaders/Private/DataChannel/NiagaraDataInterfaceDataChannelTemplateCommon.ush" 3513
"../../../Engine/Plugins/FX/Niagara/Shaders/Private/DataChannel/NiagaraDataInterfaceDataChannelTemplateReadCommon.ush" 3514
"../../../Engine/Plugins/FX/Niagara/Shaders/Private/DataChannel/NiagaraDataInterfaceDataChannelTemplate_Read.ush" 3515
"../../../Engine/Plugins/FX/Niagara/Shaders/Private/DataChannel/NiagaraDataInterfaceDataChannelTemplate_Consume.ush" 3516
"../../../Engine/Plugins/FX/Niagara/Shaders/Private/DataChannel/NiagaraDataInterfaceDataChannelTemplateWriteCommon.ush" 3517
"../../../Engine/Plugins/FX/Niagara/Shaders/Private/DataChannel/NiagaraDataInterfaceDataChannelTemplate_Append.ush" 3518
"../../../Engine/Plugins/FX/Niagara/Shaders/Private/NiagaraDataInterfaceDataTableTemplate.ush" 3519
"../../../Engine/Plugins/FX/Niagara/Shaders/Private/NiagaraDataInterfaceDebugDraw.ush" 3520
"../../../Engine/Plugins/FX/Niagara/Shaders/Private/NiagaraDataInterfaceDebugDrawTemplate.ush" 3521
"../../../Engine/Plugins/FX/Niagara/Shaders/Private/NiagaraDataInterfaceDynamicMeshTemplate.ush" 3522
"../../../Engine/Plugins/FX/Niagara/Shaders/Private/NiagaraDataInterfaceEmitterPropertiesTemplate.ush" 3523
"../../../Engine/Plugins/FX/Niagara/Shaders/Private/NiagaraDataInterfaceExportTemplate.ush" 3524
"../../../Engine/Plugins/FX/Niagara/Shaders/Private/NiagaraDataInterfaceGBufferTemplate.ush" 3525
"../../../Engine/Plugins/Experimental/ChaosNiagara/Shaders/NiagaraDataInterfaceGeometryCollection.ush" 3526
"../../../Engine/Plugins/FX/Niagara/Shaders/Private/NiagaraTransformUtils.ush" 3527
"../../../Engine/Plugins/Runtime/HairStrands/Shaders/Private/NiagaraStrandsExternalForce.ush" 3528
"../../../Engine/Plugins/Runtime/HairStrands/Shaders/Private/NiagaraHookeSpringMaterial.ush" 3529
"../../../Engine/Plugins/Runtime/HairStrands/Shaders/Private/NiagaraAngularSpringMaterial.ush" 3530
"../../../Engine/Plugins/Runtime/HairStrands/Shaders/Private/NiagaraConstantVolumeMaterial.ush" 3531
"../../../Engine/Plugins/Runtime/HairStrands/Shaders/Private/NiagaraCosseratRodMaterial.ush" 3532
"../../../Engine/Plugins/Runtime/HairStrands/Shaders/Private/NiagaraStaticCollisionConstraint.ush" 3533
"../../../Engine/Plugins/Runtime/HairStrands/Shaders/Private/NiagaraDataInterfaceHairStrands.ush" 3534
"../../../Engine/Plugins/Runtime/HairStrands/Shaders/Private/NiagaraDataInterfaceHairStrandsTemplate.ush" 3535
"../../../Engine/Plugins/FX/Niagara/Shaders/Private/NiagaraDataInterfaceIntRenderTarget2D.ush" 3536
"../../../Engine/Plugins/FX/Niagara/Shaders/Private/NiagaraDataInterfaceLandscape.ush" 3537
"../../../Engine/Plugins/FX/Niagara/Shaders/Private/NiagaraDataInterfaceMemoryBufferTemplate.ush" 3538
"../../../Engine/Plugins/FX/Niagara/Shaders/Private/NiagaraDataInterfaceMeshRendererInfoTemplate.ush" 3539
"../../../Engine/Plugins/FX/Niagara/Shaders/Private/NiagaraDataInterfaceOcclusion.ush" 3540
"../../../Engine/Plugins/FX/Niagara/Shaders/Private/NiagaraDataInterfacePhysicsAsset.ush" 3541
"../../../Engine/Plugins/Experimental/ChaosNiagara/Shaders/NiagaraDataInterfacePhysicsField.ush" 3542
"../../../Engine/Plugins/FX/Niagara/Shaders/Private/NiagaraDataInterfacePlatformSetTemplate.ush" 3543
"../../../Engine/Plugins/Runtime/HairStrands/Shaders/Private/NiagaraDataInterfaceVelocityGrid.ush" 3544
"../../../Engine/Plugins/Runtime/HairStrands/Shaders/Private/NiagaraDataInterfaceVelocityGridTemplate.ush" 3545
"../../../Engine/Plugins/Runtime/HairStrands/Shaders/Private/NiagaraDataInterfacePressureGrid.ush" 3546
"../../../Engine/Plugins/Runtime/HairStrands/Shaders/Private/NiagaraDataInterfacePressureGridTemplate.ush" 3547
"../../../Engine/Plugins/FX/Niagara/Shaders/Private/NiagaraDataInterfaceRenderTarget2DTemplate.ush" 3548
"../../../Engine/Plugins/FX/Niagara/Shaders/Private/NiagaraDataInterfaceRenderTarget2DArrayTemplate.ush" 3549
"../../../Engine/Plugins/FX/Niagara/Shaders/Private/NiagaraDataInterfaceRenderTargetCubeTemplate.ush" 3550
"../../../Engine/Plugins/FX/Niagara/Shaders/Private/NiagaraDataInterfaceRenderTargetVolumeTemplate.ush" 3551
"../../../Engine/Plugins/FX/Niagara/Shaders/Private/NiagaraDataInterfaceRigidMeshCollisionQuery.ush" 3552
"../../../Engine/Plugins/FX/Niagara/Shaders/Private/NiagaraDistanceFieldQueries.ush" 3553
"../../../Engine/Plugins/FX/Niagara/Shaders/Private/NiagaraDataInterfaceSceneCapture2DTemplate.ush" 3554
"../../../Engine/Plugins/FX/Niagara/Shaders/Private/NiagaraDataInterfaceSimCacheReaderTemplate.ush" 3555
"../../../Engine/Plugins/FX/Niagara/Shaders/Private/NiagaraDataInterfaceSimpleCounterTemplate.ush" 3556
"../../../Engine/Plugins/FX/Niagara/Shaders/Private/NiagaraDataInterfaceSkeletalMesh.ush" 3557
"../../../Engine/Plugins/FX/Niagara/Shaders/Private/NiagaraBaryCentricUtils.ush" 3558
"../../../Engine/Plugins/FX/Niagara/Shaders/Private/NiagaraDataInterfaceSkeletalMeshTemplate.ush" 3559
"../../../Engine/Plugins/FX/Niagara/Shaders/Private/NiagaraDataInterfaceSocketReaderTemplate.ush" 3560
"../../../Engine/Plugins/FX/Niagara/Shaders/Private/NiagaraDataInterfaceSparseVolumeTextureTemplate.ush" 3561
"../../../Engine/Plugins/FX/Niagara/Shaders/Private/NiagaraDataInterfaceSplineTemplate.ush" 3562
"../../../Engine/Plugins/FX/Niagara/Shaders/Private/NiagaraDataInterfaceSpriteRendererInfoTemplate.ush" 3563
"../../../Engine/Plugins/FX/Niagara/Shaders/Private/NiagaraDataInterfaceStaticMeshTemplate.ush" 3564
"../../../Engine/Plugins/FX/Niagara/Shaders/Private/NiagaraDataInterfaceTextureTemplate.ush" 3565
"../../../Engine/Plugins/FX/Niagara/Shaders/Private/NiagaraDataInterfaceVirtualTexture.ush" 3566
"../../../Engine/Plugins/FX/Niagara/Shaders/Private/NiagaraDataInterfaceVirtualTextureTemplate.ush" 3567
"../../../Engine/Plugins/FX/Niagara/Shaders/Private/NiagaraDataInterfaceVolumeCache.ush" 3568
"../../../Engine/Plugins/FX/Niagara/Shaders/Private/NiagaraDataInterfaceVolumeTextureTemplate.ush" 3569
"E:/DaleBruise_Repo/Unreal_Learning/Binaries/Win64/UnrealEditor-UnrealProjects56-Win64-DebugGame.dll" 3570
"C:/Users/DaleB/AppData/Local/Temp/UnrealShaderWorkingDir/E51430AF4FD466B2FFD8DBBC360E5B88/6/WorkerOutputOnly.out" 3571
"C:/Users/DaleB/AppData/Local/Temp/UnrealShaderWorkingDir/E51430AF4FD466B2FFD8DBBC360E5B88/1/WorkerOutputOnly.out" 3572
"C:/Users/DaleB/AppData/Local/Temp/UnrealShaderWorkingDir/E51430AF4FD466B2FFD8DBBC360E5B88/8/WorkerOutputOnly.out" 3573
"C:/Users/DaleB/AppData/Local/Temp/UnrealShaderWorkingDir/E51430AF4FD466B2FFD8DBBC360E5B88/2/WorkerOutputOnly.out" 3574
"C:/Users/DaleB/AppData/Local/Temp/UnrealShaderWorkingDir/E51430AF4FD466B2FFD8DBBC360E5B88/3/WorkerOutputOnly.out" 3575
"C:/Users/DaleB/AppData/Local/Temp/UnrealShaderWorkingDir/E51430AF4FD466B2FFD8DBBC360E5B88/7/WorkerOutputOnly.out" 3576
"C:/Users/DaleB/AppData/Local/Temp/UnrealShaderWorkingDir/E51430AF4FD466B2FFD8DBBC360E5B88/0/WorkerOutputOnly.out" 3577
"C:/Users/DaleB/AppData/Local/Temp/UnrealShaderWorkingDir/E51430AF4FD466B2FFD8DBBC360E5B88/5/WorkerOutputOnly.out" 3578
"C:/Users/DaleB/AppData/Local/Temp/UnrealShaderWorkingDir/E51430AF4FD466B2FFD8DBBC360E5B88/4/WorkerOutputOnly.out" 3579
"E:/DaleBruise_Repo/Unreal_Learning/Intermediate/ShaderAutogen/PCD3D_SM5/AutogenShaderHeaders.ush" 3580
"../../../Engine/Content/EngineSounds/Submixes/MasterReverbSubmixDefault.uasset" 3581
"../../../Engine/Content/EngineSounds/Submixes/MasterSubmixDefault.uasset" 3582
"../../../Engine/Content/EngineSounds/Submixes/MasterEQSubmixDefault.uasset" 3583
"../../../Engine/Content/EngineSounds/Submixes/MasterReverbEffectPreset.uasset" 3584
"E:/DaleBruise_Repo/Unreal_Learning/Content/SanderAudio/Sources/Interactables/S_Interactables_Loot_Coin-002.uasset" 3585
"E:/DaleBruise_Repo/Unreal_Learning/Content/SanderAudio/Sources/Interactables/S_Interactables_Loot_Coin-003.uasset" 3586
"E:/DaleBruise_Repo/Unreal_Learning/Content/SanderAudio/Sources/Interactables/S_Interactables_Loot_Coin-005.uasset" 3587
"E:/DaleBruise_Repo/Unreal_Learning/Content/SanderAudio/Sources/Interactables/S_Interactables_Loot_Coin-004.uasset" 3588
"../../../Engine/Content/EngineSounds/Submixes/MasterEQEffectPreset.uasset" 3589
"E:/DaleBruise_Repo/Unreal_Learning/Content/SanderAudio/Sources/Interactables/S_Interactables_Loot_Coin-001.uasset" 3590
"E:/DaleBruise_Repo/Unreal_Learning/Content/SanderAudio/Sources/Interactables/S_Interactables_Loot_Coin-006.uasset" 3591
"E:/DaleBruise_Repo/Unreal_Learning/Content/SanderAudio/Sources/Interactables/S_Interactables_Loot_Coin-008.uasset" 3592
"E:/DaleBruise_Repo/Unreal_Learning/Content/SanderAudio/Sources/Interactables/S_Interactables_Loot_Coin-007.uasset" 3593
"E:/DaleBruise_Repo/Unreal_Learning/Content/SanderAudio/Sources/Interactables/S_Interactables_Loot_Coin-009.uasset" 3594
"E:/DaleBruise_Repo/Unreal_Learning/Content/SanderAudio/Sources/Interactables/S_Interactables_Loot_Coin-010.uasset" 3595
"E:/DaleBruise_Repo/Unreal_Learning/Content/SanderAudio/Sources/Interactables/S_Interactables_Loot_Coin-011.uasset" 3596
"E:/DaleBruise_Repo/Unreal_Learning/Content/SanderAudio/Sources/Interactables/S_Interactables_Loot_Coin-012.uasset" 3597
"E:/DaleBruise_Repo/Unreal_Learning/Content/SanderAudio/Sources/Interactables/S_Interactables_Loot_Coin-013.uasset" 3598
"E:/DaleBruise_Repo/Unreal_Learning/Content/SanderAudio/Sources/Interactables/S_Interactables_Loot_Coin-014.uasset" 3599
"E:/DaleBruise_Repo/Unreal_Learning/Content/SanderAudio/Sources/Interactables/S_Interactables_Loot_Coin-017.uasset" 3600
"E:/DaleBruise_Repo/Unreal_Learning/Content/SanderAudio/Sources/Interactables/S_Interactables_Loot_Coin-015.uasset" 3601
"E:/DaleBruise_Repo/Unreal_Learning/Content/SanderAudio/Sources/Interactables/S_Interactables_Loot_Coin-016.uasset" 3602
"E:/DaleBruise_Repo/Unreal_Learning/Content/SanderAudio/Sources/Interactables/S_Interactables_Loot_Coin-018.uasset" 3603
"E:/DaleBruise_Repo/Unreal_Learning/Content/SanderAudio/Sources/Interactables/S_Interactables_Loot_Coin-019.uasset" 3604
"E:/DaleBruise_Repo/Unreal_Learning/Content/SanderAudio/Sources/Interactables/S_Interactables_Loot_Coin-020.uasset" 3605
"E:/DaleBruise_Repo/Unreal_Learning/Content/SanderAudio/Sources/Interactables/S_Interactables_Loot_Coin-021.uasset" 3606
"E:/DaleBruise_Repo/Unreal_Learning/Content/SanderAudio/AttenuationSettings/Att_030mBigInner.uasset" 3607
"E:/DaleBruise_Repo/Unreal_Learning/Content/SanderAudio/SoundClasses/SC_ActionRoguelike_Environmental.uasset" 3608
"E:/DaleBruise_Repo/Unreal_Learning/Content/SanderAudio/SoundClasses/SC_ActionRoguelike_Amb.uasset" 3609
"E:/DaleBruise_Repo/Unreal_Learning/Content/SanderAudio/SoundClasses/SC_ActionRoguelike_Foley.uasset" 3610
"E:/DaleBruise_Repo/Unreal_Learning/Content/SanderAudio/SoundClasses/SC_ActionRoguelike_Combat.uasset" 3611
"E:/DaleBruise_Repo/Unreal_Learning/Content/SanderAudio/SoundClasses/SC_ActionRoguelike_UI.uasset" 3612
"/Engine/EngineSounds/Submixes/MasterSubmixDefault" 3613
"E:/DaleBruise_Repo/Unreal_Learning/Content/SanderAudio/SoundClasses/SC_ActionRoguelike_Music.uasset" 3614
"E:/DaleBruise_Repo/Unreal_Learning/Content/SanderAudio/SoundClasses/SoundSubmixes/SS_ActionRoguelike_Combat.uasset" 3615
"E:/DaleBruise_Repo/Unreal_Learning/Content/SanderAudio/SoundClasses/SoundSubmixes/SS_ActionRoguelike_Amb.uasset" 3616
"E:/DaleBruise_Repo/Unreal_Learning/Content/SanderAudio/SoundClasses/SoundSubmixes/SS_ActionRoguelike_Music.uasset" 3617
"/Game/SanderAudio/Sources/Interactables/S_Interactables_Loot_Coin-001" 3618
"/Game/SanderAudio/Sources/Interactables/S_Interactables_Loot_Coin-002" 3619
"/Game/SanderAudio/Sources/Interactables/S_Interactables_Loot_Coin-003" 3620
"/Game/SanderAudio/Sources/Interactables/S_Interactables_Loot_Coin-004" 3621
"/Game/SanderAudio/Sources/Interactables/S_Interactables_Loot_Coin-005" 3622
"/Game/SanderAudio/Sources/Interactables/S_Interactables_Loot_Coin-006" 3623
"/Game/SanderAudio/Sources/Interactables/S_Interactables_Loot_Coin-007" 3624
"/Game/SanderAudio/Sources/Interactables/S_Interactables_Loot_Coin-008" 3625
"/Game/SanderAudio/Sources/Interactables/S_Interactables_Loot_Coin-009" 3626
"/Game/SanderAudio/Sources/Interactables/S_Interactables_Loot_Coin-010" 3627
"/Game/SanderAudio/Sources/Interactables/S_Interactables_Loot_Coin-011" 3628
"/Game/SanderAudio/Sources/Interactables/S_Interactables_Loot_Coin-012" 3629
"/Game/SanderAudio/Sources/Interactables/S_Interactables_Loot_Coin-013" 3630
"/Game/SanderAudio/Sources/Interactables/S_Interactables_Loot_Coin-014" 3631
"/Game/SanderAudio/Sources/Interactables/S_Interactables_Loot_Coin-015" 3632
"/Game/SanderAudio/Sources/Interactables/S_Interactables_Loot_Coin-016" 3633
"/Game/SanderAudio/Sources/Interactables/S_Interactables_Loot_Coin-017" 3634
"/Game/SanderAudio/Sources/Interactables/S_Interactables_Loot_Coin-018" 3635
"/Game/SanderAudio/Sources/Interactables/S_Interactables_Loot_Coin-019" 3636
"/Game/SanderAudio/Sources/Interactables/S_Interactables_Loot_Coin-020" 3637
"/Game/SanderAudio/Sources/Interactables/S_Interactables_Loot_Coin-021" 3638
"/Game/SanderAudio/AttenuationSettings/Att_030mBigInner" 3639
"/Game/SanderAudio/SoundClasses/SC_ActionRoguelike_Environmental" 3640
"../../../../../DaleBruise_Repo/Unreal_Learning/Content/SanderAudio/SoundClasses/SC_ActionRoguelike_SFX.uasset" 3641
"../../../../../DaleBruise_Repo/Unreal_Learning/Content/SanderAudio/SoundClasses/SoundSubmixes/SS_ActionRoguelike_Environmental.uasset" 3642
"../../../../../DaleBruise_Repo/Unreal_Learning/Content/SanderAudio/SoundClasses/SC_ActionRoguelike_Items.uasset" 3643
"../../../../../DaleBruise_Repo/Unreal_Learning/Content/SanderAudio/SoundClasses/SC_ActionRoguelike_Master.uasset" 3644
"../../../../../DaleBruise_Repo/Unreal_Learning/Content/SanderAudio/SoundClasses/SoundSubmixes/SS_ActionRoguelike_SFX.uasset" 3645
"../../../../../DaleBruise_Repo/Unreal_Learning/Content/SanderAudio/SoundClasses/SoundSubmixes/SS_ActionRoguelike_Amb.uasset" 3646
"../../../../../DaleBruise_Repo/Unreal_Learning/Content/SanderAudio/SoundClasses/SoundSubmixes/SS_ActionRoguelike_Combat.uasset" 3647
"../../../../../DaleBruise_Repo/Unreal_Learning/Content/SanderAudio/SoundClasses/SoundSubmixes/SS_ActionRoguelike_Foley.uasset" 3648
"../../../../../DaleBruise_Repo/Unreal_Learning/Content/SanderAudio/SoundClasses/SoundSubmixes/SS_ActionRoguelike_Items.uasset" 3649
"../../../../../DaleBruise_Repo/Unreal_Learning/Content/SanderAudio/SoundClasses/SC_ActionRoguelike_Music.uasset" 3650
"../../../../../DaleBruise_Repo/Unreal_Learning/Content/SanderAudio/SoundClasses/SC_ActionRoguelike_VO.uasset" 3651
"../../../../../DaleBruise_Repo/Unreal_Learning/Content/SanderAudio/SoundClasses/SoundSubmixes/SS_ActionRoguelike_Master.uasset" 3652
"../../../../../DaleBruise_Repo/Unreal_Learning/Content/SanderAudio/SoundClasses/SoundSubmixes/SS_ActionRoguelike_UI.uasset" 3653
"../../../../../DaleBruise_Repo/Unreal_Learning/Content/SanderAudio/SoundClasses/SoundSubmixes/SS_ActionRoguelike_Music.uasset" 3654
"../../../../../DaleBruise_Repo/Unreal_Learning/Content/SanderAudio/SoundClasses/SoundSubmixes/SS_ActionRoguelike_VO.uasset" 3655
"E:/DaleBruise_Repo/Unreal_Learning/Content/SanderAudio/Sources/Interactables/MSS_Interactables_CurrencyPickup.uasset" 3656
"/Engine/EngineSounds/Submixes/MasterReverbEffectPreset" 3657
"/Engine/EngineSounds/Submixes/MasterEQEffectPreset" 3658
"/Engine/EngineSounds/Submixes/MasterEQSubmixDefault" 3659
"../../../Engine/Content/Functions/Engine_MaterialFunctions01/Texturing/FlattenNormal.uasset" 3660
"../../../Engine/Plugins/Interchange/Assets/Content/gltf/MaterialBodies/MF_ClearCoat_Body.uasset" 3661
"../../../Engine/Plugins/Interchange/Assets/Content/gltf/MaterialFunctions/MF_Clearcoat.uasset" 3662
"../../../Engine/Plugins/Interchange/Assets/Content/gltf/Textures/T_Anisotropy_Direction_Linear.uasset" 3663
"../../../Engine/Plugins/Interchange/Assets/Content/gltf/MaterialFunctions/MF_Emissive.uasset" 3664
"../../../Engine/Plugins/Interchange/Assets/Content/gltf/MaterialFunctions/MF_ScaleNormal.uasset" 3665
"../../../Engine/Plugins/Interchange/Assets/Content/gltf/MaterialFunctions/MF_SpecularAnisotropy.uasset" 3666
"../../../Engine/Plugins/Interchange/Assets/Content/gltf/MaterialFunctions/MF_Specular.uasset" 3667
"../../../Engine/Plugins/Interchange/Assets/Content/gltf/MaterialFunctions/MF_Occlusion.uasset" 3668
"../../../Engine/Plugins/Interchange/Assets/Content/gltf/Textures/T_Generic_N.uasset" 3669
"/InterchangeAssets/gltf/MaterialFunctions/MF_ScaleNormal" 3670
"/InterchangeAssets/gltf/Textures/T_Generic_N" 3671
"../../../Engine/Plugins/Interchange/Assets/Content/gltf/MaterialFunctions/MF_MetallicRoughness.uasset" 3672
"../../../Engine/Plugins/Interchange/Assets/Content/gltf/Textures/T_White_Linear.uasset" 3673
"../../../Engine/Plugins/Interchange/Assets/Content/Functions/MF_IridescenceNoLUT.uasset" 3674
"../../../Engine/Plugins/Interchange/Assets/Content/gltf/MaterialFunctions/MF_RotateNormals_TS.uasset" 3675
"/InterchangeAssets/gltf/MaterialFunctions/MF_SpecularAnisotropy" 3676
"../../../Engine/Plugins/Interchange/Assets/Content/gltf/MaterialFunctions/MF_Normals.uasset" 3677
"/Engine/Functions/Engine_MaterialFunctions01/Texturing/FlattenNormal" 3678
"/Game/SanderAudio/Sources/Interactables/MSS_Interactables_CurrencyPickup" 3679
"../../../Engine/Plugins/Interchange/Assets/Content/gltf/MaterialFunctions/MF_IOR.uasset" 3680
"../../../Engine/Plugins/Interchange/Assets/Content/gltf/MaterialFunctions/MF_RotateV2.uasset" 3681
"../../../Engine/Plugins/Interchange/Assets/Content/gltf/MaterialFunctions/MF_TransformUVs.uasset" 3682
"../../../Engine/Plugins/Interchange/Assets/Content/gltf/MaterialFunctions/MF_Iridescence.uasset" 3683
"../../../Engine/Plugins/Interchange/Assets/Content/gltf/Textures/T_White_srgb.uasset" 3684
"../../../Engine/Plugins/Interchange/Assets/Content/Functions/MF_Iridescence.uasset" 3685
"../../../Engine/Content/Functions/Engine_MaterialFunctions03/Math/RemapValueRange.uasset" 3686
"../../../Engine/Plugins/Interchange/Assets/Content/gltf/MaterialFunctions/MF_BaseColor.uasset" 3687
"../../../Engine/Plugins/Interchange/Assets/Content/Utilities/New_LUT.uasset" 3688
"../../../Engine/Plugins/Interchange/Assets/Content/gltf/M_ClearCoat.uasset" 3689
"../../../Engine/Plugins/Interchange/Assets/Content/gltf/MaterialInstances/MI_ClearCoat_Opaque_DS.uasset" 3690
"../../../Engine/Plugins/Interchange/Assets/Content/gltf/MaterialInstances/MI_ClearCoat_Opaque.uasset" 3691
"../../../Engine/Plugins/Interchange/Assets/Content/gltf/MaterialInstances/MI_ClearCoat_Blend.uasset" 3692
"../../../Engine/Plugins/Interchange/Assets/Content/gltf/MaterialInstances/MI_ClearCoat_Mask.uasset" 3693
"../../../Engine/Plugins/Interchange/Assets/Content/gltf/MaterialInstances/MI_ClearCoat_Mask_DS.uasset" 3694
"/InterchangeAssets/gltf/Textures/T_White_Linear" 3695
"/InterchangeAssets/gltf/MaterialFunctions/MF_Normals" 3696
"/InterchangeAssets/gltf/MaterialFunctions/MF_Occlusion" 3697
"/InterchangeAssets/gltf/MaterialFunctions/MF_Specular" 3698
"/InterchangeAssets/gltf/MaterialFunctions/MF_Emissive" 3699
"../../../Engine/Plugins/Interchange/Assets/Content/gltf/MaterialInstances/MI_ClearCoat_Blend_DS.uasset" 3700
"/InterchangeAssets/gltf/MaterialBodies/MF_ClearCoat_Body" 3701
"../../../Engine/Plugins/Interchange/Assets/Content/gltf/MaterialInstances/MI_Default_Mask.uasset" 3702
"../../../Engine/Plugins/Interchange/Assets/Content/gltf/MaterialInstances/MI_Default_Opaque.uasset" 3703
"../../../Engine/Plugins/Interchange/Assets/Content/gltf/M_Default.uasset" 3704
"../../../Engine/Plugins/Interchange/Assets/Content/gltf/MaterialBodies/MF_Default_Body.uasset" 3705
"../../../Engine/Plugins/Interchange/Assets/Content/gltf/MaterialInstances/MI_Default_Blend.uasset" 3706
"../../../Engine/Plugins/Interchange/Assets/Content/gltf/MaterialInstances/MI_Default_Opaque_DS.uasset" 3707
"/InterchangeAssets/gltf/MaterialInstances/MI_ClearCoat_Mask_DS" 3708
"/InterchangeAssets/gltf/MaterialInstances/MI_ClearCoat_Opaque_DS" 3709
"/InterchangeAssets/gltf/MaterialInstances/MI_ClearCoat_Blend" 3710
"/InterchangeAssets/gltf/MaterialInstances/MI_ClearCoat_Mask" 3711
"/InterchangeAssets/gltf/MaterialInstances/MI_ClearCoat_Opaque" 3712
"/InterchangeAssets/gltf/MaterialInstances/MI_Default_Opaque_DS" 3713
"../../../Engine/Plugins/Interchange/Assets/Content/gltf/MaterialInstances/MI_Default_Mask_DS.uasset" 3714
"../../../Engine/Plugins/Interchange/Assets/Content/gltf/MaterialFunctions/MF_Sheen.uasset" 3715
"../../../Engine/Plugins/Interchange/Assets/Content/gltf/MaterialInstances/MI_Default_Blend_DS.uasset" 3716
"../../../Engine/Plugins/Interchange/Assets/Content/gltf/MaterialBodies/MF_Sheen_Body.uasset" 3717
"../../../Engine/Plugins/Interchange/Assets/Content/gltf/M_Sheen.uasset" 3718
"../../../Engine/Plugins/Interchange/Assets/Content/gltf/MaterialInstances/MI_Sheen_Opaque.uasset" 3719
"/InterchangeAssets/gltf/MaterialInstances/MI_Default_Blend" 3720
"../../../Engine/Plugins/Interchange/Assets/Content/gltf/MaterialInstances/MI_Sheen_Blend_DS.uasset" 3721
"../../../Engine/Plugins/Interchange/Assets/Content/gltf/MaterialInstances/MI_Sheen_Mask_DS.uasset" 3722
"../../../Engine/Plugins/Interchange/Assets/Content/gltf/MaterialInstances/MI_Sheen_Blend.uasset" 3723
"../../../Engine/Plugins/Interchange/Assets/Content/gltf/MaterialInstances/MI_Sheen_Mask.uasset" 3724
"../../../Engine/Content/Functions/Engine_MaterialFunctions02/Texturing/ScreenAlignedPixelToPixelUVs.uasset" 3725
"../../../Engine/Plugins/Interchange/Assets/Content/gltf/MaterialInstances/MI_Sheen_Opaque_DS.uasset" 3726
"../../../Engine/Plugins/Interchange/Assets/Content/gltf/MaterialFunctions/MF_Transmission.uasset" 3727
"../../../Engine/Plugins/Interchange/Assets/Content/gltf/MaterialFunctions/MF_Fresnel_DS.uasset" 3728
"../../../Engine/Plugins/Interchange/Assets/Content/gltf/MaterialFunctions/MF_Temporal_Blur.uasset" 3729
"../../../Engine/Plugins/Interchange/Assets/Content/gltf/M_Transmission.uasset" 3730
"../../../Engine/Plugins/Interchange/Assets/Content/gltf/MaterialInstances/MI_Transmission.uasset" 3731
"../../../Engine/Plugins/Interchange/Assets/Content/gltf/MaterialFunctions/MF_PerceivedBrightness.uasset" 3732
"../../../Engine/Plugins/Interchange/Assets/Content/gltf/MaterialBodies/MF_Transmission_Body.uasset" 3733
"../../../Engine/Plugins/Interchange/Assets/Content/gltf/MaterialInstances/MI_Transmission_DS.uasset" 3734
"../../../Engine/Plugins/Interchange/Assets/Content/gltf/MaterialFunctions/MF_DiffuseSpecGloss.uasset" 3735
"../../../Engine/Plugins/Interchange/Assets/Content/gltf/MaterialFunctions/MF_SpecGlossToMetalRoughness.uasset" 3736
"../../../Engine/Plugins/Interchange/Assets/Content/gltf/MaterialFunctions/MF_MaxComponentValue.uasset" 3737
"../../../Engine/Content/Functions/Engine_MaterialFunctions02/Math/AddComponents.uasset" 3738
"../../../Engine/Plugins/Interchange/Assets/Content/gltf/MaterialBodies/MF_SpecularGlossiness_Body.uasset" 3739
"../../../Engine/Plugins/Interchange/Assets/Shaders/ThinFilmFunctions.usf" 3740
"/InterchangeAssets/gltf/MaterialInstances/MI_Default_Mask" 3741
"/InterchangeAssets/gltf/MaterialInstances/MI_Default_Opaque" 3742
"/InterchangeAssets/gltf/MaterialInstances/MI_ClearCoat_Blend_DS" 3743
"/Engine/Functions/Engine_MaterialFunctions02/Math/AddComponents" 3744
"/InterchangeAssets/gltf/MaterialBodies/MF_SpecularGlossiness_Body" 3745
"/InterchangeAssets/gltf/MaterialInstances/MI_Transmission_DS" 3746
"/InterchangeAssets/gltf/MaterialInstances/MI_Transmission" 3747
"/InterchangeAssets/gltf/MaterialInstances/MI_Sheen_Blend_DS" 3748
"../../../Engine/Plugins/Interchange/Assets/Content/gltf/MaterialInstances/MI_SpecularGlossiness_Opaque.uasset" 3749
"../../../Engine/Plugins/Interchange/Assets/Content/gltf/M_SpecularGlossiness.uasset" 3750
"../../../Engine/Plugins/Interchange/Assets/Content/gltf/MaterialInstances/MI_SpecularGlossiness_Mask_DS.uasset" 3751
"/InterchangeAssets/gltf/MaterialInstances/MI_Sheen_Mask_DS" 3752
"../../../Engine/Plugins/Interchange/Assets/Content/gltf/MaterialInstances/MI_SpecularGlossiness_Opaque_DS.uasset" 3753
"/InterchangeAssets/gltf/MaterialInstances/MI_Sheen_Opaque_DS" 3754
"/InterchangeAssets/gltf/MaterialInstances/MI_Sheen_Blend" 3755
"../../../Engine/Plugins/Interchange/Assets/Content/gltf/MaterialInstances/MI_SpecularGlossiness_Blend.uasset" 3756
"/InterchangeAssets/gltf/MaterialInstances/MI_Sheen_Mask" 3757
"../../../Engine/Plugins/Interchange/Assets/Content/gltf/MaterialInstances/MI_SpecularGlossiness_Mask.uasset" 3758
"../../../Engine/Plugins/Interchange/Assets/Content/gltf/MaterialInstances/MI_SpecularGlossiness_Blend_DS.uasset" 3759
"/InterchangeAssets/gltf/MaterialInstances/MI_Sheen_Opaque" 3760
"/InterchangeAssets/gltf/MaterialInstances/MI_Default_Blend_DS" 3761
"/InterchangeAssets/gltf/MaterialInstances/MI_Default_Mask_DS" 3762
"/InterchangeAssets/gltf/MaterialInstances/MI_SpecularGlossiness_Blend_DS" 3763
"/InterchangeAssets/gltf/MaterialInstances/MI_SpecularGlossiness_Mask_DS" 3764
"/InterchangeAssets/gltf/MaterialInstances/MI_SpecularGlossiness_Opaque_DS" 3765
"/InterchangeAssets/gltf/MaterialInstances/MI_SpecularGlossiness_Blend" 3766
"/InterchangeAssets/gltf/MaterialInstances/MI_SpecularGlossiness_Mask" 3767
"/InterchangeAssets/gltf/MaterialInstances/MI_SpecularGlossiness_Opaque" 3768
"E:/DaleBruise_Repo/Unreal_Learning/Content/__ExternalActors__/ActionRogueLike/Maps/Map1/1/F2/N4WJ7NSI0KEZ4NOK8HFPW6.uasset" 3769
"E:/DaleBruise_Repo/Unreal_Learning/Content/__ExternalActors__/ActionRogueLike/Maps/Map1/B/IV/8NF555ZF8ET596VMLL7D9N.uasset" 3770
"E:/DaleBruise_Repo/Unreal_Learning/Content/__ExternalActors__/ActionRogueLike/Maps/Map1/E/OA/05BGCY6VDJ6357ZB2KEHBQ.uasset" 3771
"E:/DaleBruise_Repo/Unreal_Learning/Content/ActionRogueLike/Maps/Map1_HLOD0_Instancing.uasset" 3772
"E:/DaleBruise_Repo/Unreal_Learning/Content/ExampleContent/Audio/Textures/T_Metal_Painted01_N.uasset" 3773
"E:/DaleBruise_Repo/Unreal_Learning/Content/ExampleContent/Materials/M_Metal_Lighter.uasset" 3774
"E:/DaleBruise_Repo/Unreal_Learning/Content/ExampleContent/Meshes/SM_Interactive_Switch.uasset" 3775
"E:/DaleBruise_Repo/Unreal_Learning/Content/ExampleContent/Materials/M_Orange_Shiny.uasset" 3776
"E:/DaleBruise_Repo/Unreal_Learning/Content/ExampleContent/Meshes/SM_Interactive_Switch_Handle.uasset" 3777
"E:/DaleBruise_Repo/Unreal_Learning/Content/ActionRogueLike/World/BP_ItemLeverCoin.uasset" 3778
"E:/DaleBruise_Repo/Unreal_Learning/Content/ActionRogueLike/Maps/Map1.umap" 3779
"../../../Engine/Content/Functions/Engine_MaterialFunctions01/Volumetrics/BeersLaw.uasset" 3780
"../../../Engine/Plugins/Interchange/Assets/Content/Functions/MX_Transmission.uasset" 3781
"../../../Engine/Plugins/Interchange/Assets/Content/Functions/MF_OrenNayerView.uasset" 3782
"../../../Engine/Plugins/Interchange/Assets/Content/Functions/MX_StandardSurface.uasset" 3783
"../../../Engine/Content/Functions/Substrate/MF_SchlickInternal.uasset" 3784
"../../../Engine/Plugins/Interchange/Assets/Content/Functions/MX_TransmissionSurface.uasset" 3785
"../../../Engine/Plugins/Interchange/Assets/Content/Functions/MX_OpenPBR_Translucent.uasset" 3786
"../../../Engine/Plugins/Interchange/Assets/Content/gltf/MaterialInstances/MI_Unlit_Opaque.uasset" 3787
"E:/DaleBruise_Repo/Unreal_Learning/Content/ActionRogueLike/UI/WBP_CrosHair.uasset" 3788
"E:/DaleBruise_Repo/Unreal_Learning/Content/ActionRogueLike/UI/WBP_PlayerHealth.uasset" 3789
"../../../Engine/Plugins/Interchange/Assets/Content/gltf/MaterialInstances/MI_Unlit_Mask.uasset" 3790
"../../../Engine/Plugins/Interchange/Assets/Content/gltf/MaterialBodies/MF_Unlit_Body.uasset" 3791
"E:/DaleBruise_Repo/Unreal_Learning/Content/ActionRogueLike/UI/WBP_MainHUD.uasset" 3792
"E:/DaleBruise_Repo/Unreal_Learning/Content/ActionRogueLike/BP_HUD.uasset" 3793
"../../../Engine/Plugins/Interchange/Assets/Content/gltf/M_Unlit.uasset" 3794
"E:/DaleBruise_Repo/Unreal_Learning/Content/ActionRogueLike/InputAction/IA_Interact.uasset" 3795
"E:/DaleBruise_Repo/Unreal_Learning/Content/ActionRogueLike/BP_PlayerController.uasset" 3796
"../../../Engine/Plugins/Interchange/Assets/Content/gltf/MaterialInstances/MI_Unlit_Mask_DS.uasset" 3797
"../../../Engine/Plugins/Interchange/Assets/Content/gltf/MaterialInstances/MI_Unlit_Blend.uasset" 3798
"../../../Engine/Plugins/Interchange/Assets/Content/gltf/MaterialInstances/MI_Unlit_Opaque_DS.uasset" 3799
"../../../Engine/Plugins/Interchange/Assets/Content/gltf/MaterialInstances/MI_Unlit_Blend_DS.uasset" 3800
"/InterchangeAssets/gltf/MaterialInstances/MI_Unlit_Mask_DS" 3801
"/InterchangeAssets/gltf/MaterialInstances/MI_Unlit_Opaque_DS" 3802
"/InterchangeAssets/gltf/MaterialInstances/MI_Unlit_Blend" 3803
"/InterchangeAssets/gltf/MaterialInstances/MI_Unlit_Mask" 3804
"/InterchangeAssets/gltf/MaterialInstances/MI_Unlit_Opaque" 3805
"/Game/ActionRogueLike/BP_PlayerController" 3806
"/InterchangeAssets/Functions/MX_OpenPBR_Translucent" 3807
"/Game/ActionRogueLike/BP_HUD" 3808
"/InterchangeAssets/gltf/MaterialInstances/MI_Unlit_Blend_DS" 3809
"/Game/ActionRogueLike/Maps/Map1" 3810
"/Game/__ExternalActors__/ActionRogueLike/Maps/Map1/0/2P/6DA6S52DV1W25HBWOTBZ0J" 3811
"../../../../../DaleBruise_Repo/Unreal_Learning/Content/__ExternalActors__/ActionRogueLike/Maps/Map1/0/2P/6DA6S52DV1W25HBWOTBZ0J.uasset" 3812
"/Game/__ExternalActors__/ActionRogueLike/Maps/Map1/0/MG/RDZVTOQL8ICJMEJGO09YI8" 3813
"../../../../../DaleBruise_Repo/Unreal_Learning/Content/__ExternalActors__/ActionRogueLike/Maps/Map1/0/MG/RDZVTOQL8ICJMEJGO09YI8.uasset" 3814
"/Game/__ExternalActors__/ActionRogueLike/Maps/Map1/3/29/7YZCHS09HHRWHKX9RUL02Z" 3815
"../../../../../DaleBruise_Repo/Unreal_Learning/Content/__ExternalActors__/ActionRogueLike/Maps/Map1/3/29/7YZCHS09HHRWHKX9RUL02Z.uasset" 3816
"/Game/__ExternalActors__/ActionRogueLike/Maps/Map1/4/NW/JGX70TQWHZ7KX4DAU89TYO" 3817
"../../../../../DaleBruise_Repo/Unreal_Learning/Content/__ExternalActors__/ActionRogueLike/Maps/Map1/4/NW/JGX70TQWHZ7KX4DAU89TYO.uasset" 3818
"/Game/__ExternalActors__/ActionRogueLike/Maps/Map1/5/7Z/0BMWVOBY9I3DA4DTKB694B" 3819
"../../../../../DaleBruise_Repo/Unreal_Learning/Content/__ExternalActors__/ActionRogueLike/Maps/Map1/5/7Z/0BMWVOBY9I3DA4DTKB694B.uasset" 3820
"/Game/__ExternalActors__/ActionRogueLike/Maps/Map1/6/6T/9CCXS6DCBZZ68Z6PLCF75U" 3821
"../../../../../DaleBruise_Repo/Unreal_Learning/Content/__ExternalActors__/ActionRogueLike/Maps/Map1/6/6T/9CCXS6DCBZZ68Z6PLCF75U.uasset" 3822
"../../../Engine/Content/EngineSky/VolumetricClouds/m_SimpleVolumetricCloud_Inst.uasset" 3823
"../../../Engine/Content/EngineSky/VolumetricClouds/m_SimpleVolumetricCloud.uasset" 3824
"../../../Engine/Content/EngineSky/VolumetricClouds/T_CloudMask.uasset" 3825
"../../../Engine/Content/EngineSky/VolumetricClouds/T_CloudPattern.uasset" 3826
"../../../Engine/Content/EngineSky/VolumetricClouds/T_Profile_08.uasset" 3827
"../../../Engine/Content/EngineSky/VolumetricClouds/VT_PerlinWorley_Balanced.uasset" 3828
"../../../Engine/Content/Functions/Engine_MaterialFunctions01/Units/Km-to-Cm.uasset" 3829
"../../../Engine/Content/Functions/Engine_MaterialFunctions02/Utility/BreakOutFloat4Components.uasset" 3830
"../../../Engine/Content/Functions/Engine_MaterialFunctions02/Utility/MakeFloat4.uasset" 3831
"../../../Engine/Content/EngineSky/VolumetricClouds/VT_Lightning.uasset" 3832
"/Game/__ExternalActors__/ActionRogueLike/Maps/Map1/6/7C/A5BCGPD0YK82UI9GDI9YCD" 3833
"../../../../../DaleBruise_Repo/Unreal_Learning/Content/__ExternalActors__/ActionRogueLike/Maps/Map1/6/7C/A5BCGPD0YK82UI9GDI9YCD.uasset" 3834
"../../../../../DaleBruise_Repo/Unreal_Learning/Content/ActionRogueLike/World/BP_ItemLever.uasset" 3835
"/Game/__ExternalActors__/ActionRogueLike/Maps/Map1/7/CO/OH3805QALJ5FPIG849CR19" 3836
"../../../../../DaleBruise_Repo/Unreal_Learning/Content/__ExternalActors__/ActionRogueLike/Maps/Map1/7/CO/OH3805QALJ5FPIG849CR19.uasset" 3837
"/Game/__ExternalActors__/ActionRogueLike/Maps/Map1/7/JL/FG3VKWK06GYYIGT0MN1BJY" 3838
"../../../../../DaleBruise_Repo/Unreal_Learning/Content/__ExternalActors__/ActionRogueLike/Maps/Map1/7/JL/FG3VKWK06GYYIGT0MN1BJY.uasset" 3839
"../../../Engine/Content/OpenWorldTemplate/LandscapeMaterial/M_ProcGrid.uasset" 3840
"../../../Engine/Content/Functions/Engine_MaterialFunctions01/Gradient/LinearGradient.uasset" 3841
"../../../Engine/Content/Functions/Engine_MaterialFunctions01/ImageAdjustment/CheapContrast.uasset" 3842
"../../../Engine/Content/Functions/Engine_MaterialFunctions03/Blends/Blend_Overlay.uasset" 3843
"../../../Engine/Content/OpenWorldTemplate/LandscapeMaterial/MF_ProcGrid.uasset" 3844
"../../../Engine/Content/EngineMaterials/BlendFunc_DefBase.uasset" 3845
"../../../Engine/Content/EngineMaterials/BlendFunc_DefBlend.uasset" 3846
"../../../Engine/Content/OpenWorldTemplate/LandscapeMaterial/T_GridChecker_A.uasset" 3847
"/Game/__ExternalActors__/ActionRogueLike/Maps/Map1/B/J7/BIYP8SNEZBD31F2OO0BFT4" 3848
"../../../../../DaleBruise_Repo/Unreal_Learning/Content/__ExternalActors__/ActionRogueLike/Maps/Map1/B/J7/BIYP8SNEZBD31F2OO0BFT4.uasset" 3849
"/Engine/EditorResources/EmptyActor" 3850
"../../../Engine/Content/EditorResources/EmptyActor.uasset" 3851
"/Game/__ExternalActors__/ActionRogueLike/Maps/Map1/0/J0/3Y9KI0HTNA00FDHOTSEMO8" 3852
"../../../../../DaleBruise_Repo/Unreal_Learning/Content/__ExternalActors__/ActionRogueLike/Maps/Map1/0/J0/3Y9KI0HTNA00FDHOTSEMO8.uasset" 3853
"/Game/__ExternalActors__/ActionRogueLike/Maps/Map1/0/YH/TJRTFF6MABN5UBLUO8ZR48" 3854
"../../../../../DaleBruise_Repo/Unreal_Learning/Content/__ExternalActors__/ActionRogueLike/Maps/Map1/0/YH/TJRTFF6MABN5UBLUO8ZR48.uasset" 3855
"/Game/__ExternalActors__/ActionRogueLike/Maps/Map1/2/0Q/2HO9EVBAMVTZLCTOAUOEXM" 3856
"../../../../../DaleBruise_Repo/Unreal_Learning/Content/__ExternalActors__/ActionRogueLike/Maps/Map1/2/0Q/2HO9EVBAMVTZLCTOAUOEXM.uasset" 3857
"/Game/__ExternalActors__/ActionRogueLike/Maps/Map1/2/JP/E8EAGA2RIZGV2G5F476HA8" 3858
"../../../../../DaleBruise_Repo/Unreal_Learning/Content/__ExternalActors__/ActionRogueLike/Maps/Map1/2/JP/E8EAGA2RIZGV2G5F476HA8.uasset" 3859
"/Game/__ExternalActors__/ActionRogueLike/Maps/Map1/4/I4/SKY2H1AWZIDXBDYNMR29GJ" 3860
"../../../../../DaleBruise_Repo/Unreal_Learning/Content/__ExternalActors__/ActionRogueLike/Maps/Map1/4/I4/SKY2H1AWZIDXBDYNMR29GJ.uasset" 3861
"/Game/__ExternalActors__/ActionRogueLike/Maps/Map1/6/YB/FO1YSD5H6OGZFGE7A6XF63" 3862
"../../../../../DaleBruise_Repo/Unreal_Learning/Content/__ExternalActors__/ActionRogueLike/Maps/Map1/6/YB/FO1YSD5H6OGZFGE7A6XF63.uasset" 3863
"/Game/__ExternalActors__/ActionRogueLike/Maps/Map1/8/UK/L025U0XA19CH5YOTPZKJ6F" 3864
"../../../../../DaleBruise_Repo/Unreal_Learning/Content/__ExternalActors__/ActionRogueLike/Maps/Map1/8/UK/L025U0XA19CH5YOTPZKJ6F.uasset" 3865
"/Game/__ExternalActors__/ActionRogueLike/Maps/Map1/9/J6/PDMZCS2PXAGRAUZW3SR7DQ" 3866
"../../../../../DaleBruise_Repo/Unreal_Learning/Content/__ExternalActors__/ActionRogueLike/Maps/Map1/9/J6/PDMZCS2PXAGRAUZW3SR7DQ.uasset" 3867
"/Game/__ExternalActors__/ActionRogueLike/Maps/Map1/A/8I/2PQYSESKKATXCWIRNB86R4" 3868
"../../../../../DaleBruise_Repo/Unreal_Learning/Content/__ExternalActors__/ActionRogueLike/Maps/Map1/A/8I/2PQYSESKKATXCWIRNB86R4.uasset" 3869
"/Game/__ExternalActors__/ActionRogueLike/Maps/Map1/A/F5/UIITWNEWGSB30E2O93LB4S" 3870
"../../../../../DaleBruise_Repo/Unreal_Learning/Content/__ExternalActors__/ActionRogueLike/Maps/Map1/A/F5/UIITWNEWGSB30E2O93LB4S.uasset" 3871
"/Game/__ExternalActors__/ActionRogueLike/Maps/Map1/C/DY/QAJ2LERKJ8HCVBM7LEUQJ4" 3872
"../../../../../DaleBruise_Repo/Unreal_Learning/Content/__ExternalActors__/ActionRogueLike/Maps/Map1/C/DY/QAJ2LERKJ8HCVBM7LEUQJ4.uasset" 3873
"/Game/__ExternalActors__/ActionRogueLike/Maps/Map1/C/V2/DFQYS5TKFP83O8WXAVG4DY" 3874
"../../../../../DaleBruise_Repo/Unreal_Learning/Content/__ExternalActors__/ActionRogueLike/Maps/Map1/C/V2/DFQYS5TKFP83O8WXAVG4DY.uasset" 3875
"/Game/__ExternalActors__/ActionRogueLike/Maps/Map1/D/AQ/3CUFAVXUAYP9MOMYSE2K28" 3876
"../../../../../DaleBruise_Repo/Unreal_Learning/Content/__ExternalActors__/ActionRogueLike/Maps/Map1/D/AQ/3CUFAVXUAYP9MOMYSE2K28.uasset" 3877
"/Game/__ExternalActors__/ActionRogueLike/Maps/Map1/E/EA/AJRFQGC152R82P1V2TDG6L" 3878
"../../../../../DaleBruise_Repo/Unreal_Learning/Content/__ExternalActors__/ActionRogueLike/Maps/Map1/E/EA/AJRFQGC152R82P1V2TDG6L.uasset" 3879
"/Game/__ExternalActors__/ActionRogueLike/Maps/Map1/E/FH/P8EHGYXR5Z31HB6B7P0PKH" 3880
"../../../../../DaleBruise_Repo/Unreal_Learning/Content/__ExternalActors__/ActionRogueLike/Maps/Map1/E/FH/P8EHGYXR5Z31HB6B7P0PKH.uasset" 3881
"/Game/__ExternalActors__/ActionRogueLike/Maps/Map1/0/DH/SJFJEK87LHBI4JXVXQBT41" 3882
"../../../../../DaleBruise_Repo/Unreal_Learning/Content/__ExternalActors__/ActionRogueLike/Maps/Map1/0/DH/SJFJEK87LHBI4JXVXQBT41.uasset" 3883
"/Game/__ExternalActors__/ActionRogueLike/Maps/Map1/0/IX/HPFGRVCU0S73WEWV3UP3AQ" 3884
"../../../../../DaleBruise_Repo/Unreal_Learning/Content/__ExternalActors__/ActionRogueLike/Maps/Map1/0/IX/HPFGRVCU0S73WEWV3UP3AQ.uasset" 3885
"../../../../../DaleBruise_Repo/Unreal_Learning/Content/ActionRogueLike/World/BP_ItemChest.uasset" 3886
"../../../../../DaleBruise_Repo/Unreal_Learning/Content/SanderAudio/Sources/Interactables/MSS_Interactables_TreasureChestOpen.uasset" 3887
"../../../../../DaleBruise_Repo/Unreal_Learning/Content/tharlevfx_tutorials/CharacterFX/ParagonSourceAssets/Niagara/NS_Treasure_Burst.uasset" 3888
"../../../../../DaleBruise_Repo/Unreal_Learning/Content/ExampleContent/Meshes/SM_Chest_Bottom.uasset" 3889
"../../../../../DaleBruise_Repo/Unreal_Learning/Content/ExampleContent/Meshes/SM_Chest_Lid.uasset" 3890
"../../../../../DaleBruise_Repo/Unreal_Learning/Content/ExampleContent/Meshes/SM_Treasure_Pile.uasset" 3891
"../../../../../DaleBruise_Repo/Unreal_Learning/Content/SanderAudio/_MS_Presets/MSS_Preset_RandomGet_STEREO.uasset" 3892
"../../../../../DaleBruise_Repo/Unreal_Learning/Content/SanderAudio/Sources/Interactables/S_Interactables_TreasureChest_Open-001.uasset" 3893
"../../../../../DaleBruise_Repo/Unreal_Learning/Content/SanderAudio/Sources/Interactables/S_Interactables_TreasureChest_Open-002.uasset" 3894
"../../../../../DaleBruise_Repo/Unreal_Learning/Content/SanderAudio/Sources/Interactables/S_Interactables_TreasureChest_Open-003.uasset" 3895
"../../../../../DaleBruise_Repo/Unreal_Learning/Content/SanderAudio/Sources/Interactables/S_Interactables_TreasureChest_Open-004.uasset" 3896
"../../../../../DaleBruise_Repo/Unreal_Learning/Content/SanderAudio/Sources/Interactables/S_Interactables_TreasureChest_Open-005.uasset" 3897
"../../../../../DaleBruise_Repo/Unreal_Learning/Content/SanderAudio/Sources/Interactables/S_Interactables_TreasureChest_Open-006.uasset" 3898
"../../../../../DaleBruise_Repo/Unreal_Learning/Content/SanderAudio/Sources/Interactables/S_Interactables_TreasureChest_Open-007.uasset" 3899
"../../../../../DaleBruise_Repo/Unreal_Learning/Content/SanderAudio/Sources/Interactables/S_Interactables_TreasureChest_Open-008.uasset" 3900
"../../../../../DaleBruise_Repo/Unreal_Learning/Content/tharlevfx_tutorials/CharacterFX/ParagonSourceAssets/Materials/m_flare_03.uasset" 3901
"../../../../../DaleBruise_Repo/Unreal_Learning/Content/tharlevfx_tutorials/CharacterFX/ParagonSourceAssets/Materials/M_Radial_Gradient.uasset" 3902
"../../Plugins/FX/Niagara/Content/DynamicInputs/TypeConversions/VectorFromFloat.uasset" 3903
"../../Plugins/FX/Niagara/Content/DynamicInputs/UniformRange/V2/RandomRangeVector.uasset" 3904
"../../Plugins/FX/Niagara/Content/DynamicInputs/ValueFromCurve/ColorFromCurve.uasset" 3905
"../../Plugins/FX/Niagara/Content/DynamicInputs/ValueFromCurve/FloatFromCurve.uasset" 3906
"../../Plugins/FX/Niagara/Content/DynamicInputs/ValueFromCurve/VectorFromCurve.uasset" 3907
"../../Plugins/FX/Niagara/Content/Modules/Emitter/EmitterState.uasset" 3908
"../../Plugins/FX/Niagara/Content/Modules/Emitter/SpawnBurst_Instantaneous.uasset" 3909
"../../Plugins/FX/Niagara/Content/Modules/Emitter/SpawnRate.uasset" 3910
"../../Plugins/FX/Niagara/Content/Modules/Solvers/SolveForcesAndVelocity.uasset" 3911
"../../Plugins/FX/Niagara/Content/Modules/Spawn/Initialization/V2/InitializeParticle.uasset" 3912
"../../Plugins/FX/Niagara/Content/Modules/Spawn/Location/V2/ShapeLocation.uasset" 3913
"../../Plugins/FX/Niagara/Content/Modules/Spawn/Orientation/V3/InitialMeshOrientation.uasset" 3914
"../../Plugins/FX/Niagara/Content/Modules/Spawn/Velocity/AddVelocity.uasset" 3915
"../../Plugins/FX/Niagara/Content/Modules/System/SystemState.uasset" 3916
"../../Plugins/FX/Niagara/Content/Modules/Update/Color/Color.uasset" 3917
"../../Plugins/FX/Niagara/Content/Modules/Update/Color/ScaleColor.uasset" 3918
"../../Plugins/FX/Niagara/Content/Modules/Update/Forces/GravityForce.uasset" 3919
"../../Plugins/FX/Niagara/Content/Modules/Update/Lifetime/ParticleState.uasset" 3920
"../../Plugins/FX/Niagara/Content/Modules/Update/Material/DynamicMaterialParameters.uasset" 3921
"../../Plugins/FX/Niagara/Content/Modules/Update/Orientation/V3/UpdateMeshOrientation.uasset" 3922
"../../Plugins/FX/Niagara/Content/Modules/Update/Size/ScaleMeshSize.uasset" 3923
"../../Plugins/FX/Niagara/Content/Modules/Update/Size/ScaleSpriteSize.uasset" 3924
"../../../../../DaleBruise_Repo/Unreal_Learning/Content/tharlevfx_tutorials/CharacterFX/ParagonSourceAssets/Meshes/SM_Coin_Small.uasset" 3925
"../../../../../DaleBruise_Repo/Unreal_Learning/Content/tharlevfx_tutorials/CharacterFX/ParagonSourceAssets/Meshes/SM_Open_Square.uasset" 3926
"../../Plugins/FX/Niagara/Content/Enums/Angles/ENiagara_AngleInput.uasset" 3927
"../../Plugins/FX/Niagara/Content/Enums/ENiagara_AttributeSamplingApplyOutput.uasset" 3928
"../../Plugins/FX/Niagara/Content/Enums/ENiagara_ColorInitializationMode.uasset" 3929
"../../Plugins/FX/Niagara/Content/Enums/ENiagara_EmitterStateOptions.uasset" 3930
"../../Plugins/FX/Niagara/Content/Enums/ENiagara_InfiniteLoopDuration.uasset" 3931
"../../Plugins/FX/Niagara/Content/Enums/ENiagara_LifetimeMode.uasset" 3932
"../../Plugins/FX/Niagara/Content/Enums/ENiagara_MassInitializationMode.uasset" 3933
"../../Plugins/FX/Niagara/Content/Enums/ENiagara_PositionInitializationMode.uasset" 3934
"../../Plugins/FX/Niagara/Content/Enums/ENiagara_SizeScaleMode.uasset" 3935
"../../Plugins/FX/Niagara/Content/Enums/ENiagara_SpriteRotationMode.uasset" 3936
"../../Plugins/FX/Niagara/Content/Enums/ENiagara_UVFlippingMode.uasset" 3937
"../../Plugins/FX/Niagara/Content/Enums/ENiagaraCalculateRadiusOptions.uasset" 3938
"../../Plugins/FX/Niagara/Content/Enums/ENiagaraChannelCorrelation.uasset" 3939
"../../Plugins/FX/Niagara/Content/Enums/ENiagaraEmitterLifeCycleMode.uasset" 3940
"../../Plugins/FX/Niagara/Content/Enums/ENiagaraEmitterScalabilityMode_Limited.uasset" 3941
"../../Plugins/FX/Niagara/Content/Enums/ENiagaraInactiveMode.uasset" 3942
"../../Plugins/FX/Niagara/Content/Enums/ENiagaraMeshTransforms.uasset" 3943
"../../Plugins/FX/Niagara/Content/Enums/ENiagaraRandomnessEvaluation.uasset" 3944
"../../Plugins/FX/Niagara/Content/Enums/ENiagaraRandomnessMode.uasset" 3945
"../../Plugins/FX/Niagara/Content/Enums/ENiagaraScaleColorMode.uasset" 3946
"../../Plugins/FX/Niagara/Content/Enums/ENiagaraShapeTorusMode.uasset" 3947
"../../Plugins/FX/Niagara/Content/Enums/ENiagaraSphereDistributionMode.uasset" 3948
"../../Plugins/FX/Niagara/Content/Enums/ENiagaraSystemInactiveMode.uasset" 3949
"../../Plugins/FX/Niagara/Content/Enums/ENiagaraTorusDistributionMode.uasset" 3950
"../../Plugins/FX/Niagara/Content/Enums/Location/ENiagara_BoxPlaneMode.uasset" 3951
"../../Plugins/FX/Niagara/Content/Enums/Location/ENiagara_ConeMode.uasset" 3952
"../../Plugins/FX/Niagara/Content/Enums/Location/ENiagara_CylinderMode.uasset" 3953
"../../Plugins/FX/Niagara/Content/Enums/Location/ENiagara_LocationShapes.uasset" 3954
"../../Plugins/FX/Niagara/Content/Enums/Location/ENiagaraRingDiscMode.uasset" 3955
"../../Plugins/FX/Niagara/Content/Enums/Ribbons/ENiagara_UnsetDirectSet.uasset" 3956
"../../Plugins/FX/Niagara/Content/Enums/Ribbons/ENiagara_UnsetDirectSetRandom.uasset" 3957
"../../Plugins/FX/Niagara/Content/Enums/SpriteRenderer/ENiagara_ScaleSpriteSize.uasset" 3958
"../../Plugins/FX/Niagara/Content/Enums/Transforms/ENiagara_MeshOrientationOptions.uasset" 3959
"../../Plugins/FX/Niagara/Content/Enums/Transforms/ENiagara_OffsetMode.uasset" 3960
"../../Plugins/FX/Niagara/Content/Enums/Transforms/ENiagara_RotationMode.uasset" 3961
"../../Plugins/FX/Niagara/Content/Enums/Transforms/ENiagara_ScaleMode.uasset" 3962
"../../Plugins/FX/Niagara/Content/Enums/Transforms/ENiagara_TransformOrder.uasset" 3963
"../../Plugins/FX/Niagara/Content/Enums/Transforms/ENiagara_TransformType.uasset" 3964
"../../Plugins/FX/Niagara/Content/Enums/Utility/ENiagara_OrientVectorCount.uasset" 3965
"../../Plugins/FX/Niagara/Content/Enums/Utility/ENiagara_UpdateMeshOrientationMode.uasset" 3966
"../../Plugins/FX/Niagara/Content/Enums/Utility/ENiagara_VelocityMode.uasset" 3967
"../../../../../DaleBruise_Repo/Unreal_Learning/Content/ExampleContent/Materials/M_Treasure_Chest.uasset" 3968
"../../../../../DaleBruise_Repo/Unreal_Learning/Content/ExampleContent/Materials/M_Gold_Pile.uasset" 3969
"../../../../../DaleBruise_Repo/Unreal_Learning/Content/SanderAudio/AttenuationSettings/Att_020m.uasset" 3970
"../../../../../DaleBruise_Repo/Unreal_Learning/Content/tharlevfx_tutorials/CharacterFX/ParagonSourceAssets/Textures/T_sunflare.uasset" 3971
"../../Plugins/FX/Niagara/Content/Functions/V2/CalculateRandomRange.uasset" 3972
"../../Plugins/FX/Niagara/Content/Functions/Emitter/EmitterChangeState.uasset" 3973
"../../Plugins/FX/Niagara/Content/Icons/Modules/T_Icon_Scalability_Emitter.uasset" 3974
"../../Plugins/FX/Niagara/Content/Icons/Modules/T_Icon_Scalability_System.uasset" 3975
"../../Plugins/FX/Niagara/Content/Functions/V2/CalculateRandomRangeFloat.uasset" 3976
"../../Plugins/FX/Niagara/Content/Functions/RandomRangeFloat.uasset" 3977
"../../Plugins/FX/Niagara/Content/Functions/DirectionAndLengthSafe.uasset" 3978
"../../Plugins/FX/Niagara/Content/Functions/Drag/DragVelocity.uasset" 3979
"../../Plugins/FX/Niagara/Content/Functions/Math/CentimeterMeterConversion.uasset" 3980
"../../Plugins/FX/Niagara/Content/Functions/Rotation/MultiplyVectorWithQuaternion.uasset" 3981
"../../Plugins/FX/Niagara/Content/Modules/Solvers/ApplyRotationVector.uasset" 3982
"../../Plugins/FX/Niagara/Content/Icons/Modules/T_Icon_Solver_LimitAccel.uasset" 3983
"../../Plugins/FX/Niagara/Content/Icons/Modules/T_Icon_Solver_LimitSpeed.uasset" 3984
"../../Plugins/FX/Niagara/Content/Icons/Modules/T_Icon_Solver_RotationalSolve.uasset" 3985
"../../Plugins/FX/Niagara/Content/Functions/LinearColor/HueShiftLinearColor.uasset" 3986
"../../Plugins/FX/Niagara/Content/Functions/Localspace/SimulationPosition.uasset" 3987
"../../Plugins/FX/Niagara/Content/Functions/Localspace/TransformVector.uasset" 3988
"../../Plugins/FX/Niagara/Content/Functions/V2/CalculateRandomBool.uasset" 3989
"../../Plugins/FX/Niagara/Content/Functions/V2/CalculateRandomRangeInteger.uasset" 3990
"../../Plugins/FX/Niagara/Content/Functions/Localspace/TransformPosition.uasset" 3991
"../../Plugins/FX/Niagara/Content/Functions/Math/CalculateRandomPointInConeSphereIntersection.uasset" 3992
"../../Plugins/FX/Niagara/Content/Functions/Math/SaturateFloat.uasset" 3993
"../../Plugins/FX/Niagara/Content/Functions/NormalizedExecutionIndex.uasset" 3994
"../../Plugins/FX/Niagara/Content/Functions/ParametricTorus.uasset" 3995
"../../Plugins/FX/Niagara/Content/Functions/ParametricTorusKnot.uasset" 3996
"../../Plugins/FX/Niagara/Content/Functions/PolarToCartesianCoordinates.uasset" 3997
"../../Plugins/FX/Niagara/Content/Functions/RandomPointInBox.uasset" 3998
"../../Plugins/FX/Niagara/Content/Functions/Rotation/AngleUnitConverter.uasset" 3999
"../../Plugins/FX/Niagara/Content/Functions/Rotation/RotateVector2D.uasset" 4000
"../../Plugins/FX/Niagara/Content/Functions/Rotation/TransformStack/TransformStack_Rotation.uasset" 4001
"../../Plugins/FX/Niagara/Content/Functions/SphericalToCartesianCoordinates.uasset" 4002
"../../Plugins/FX/Niagara/Content/Functions/V2/RemapRange.uasset" 4003
"../../Plugins/FX/Niagara/Content/Enums/ENiagaraExpansionMode.uasset" 4004
"../../Plugins/FX/Niagara/Content/Functions/Rotation/FindQuatBetween.uasset" 4005
"../../Plugins/FX/Niagara/Content/Functions/Rotation/MatrixToQuaternion.uasset" 4006
"../../Plugins/FX/Niagara/Content/Functions/Rotation/MultiplyQuaternion.uasset" 4007
"../../Plugins/FX/Niagara/Content/Functions/Rotation/RandomQuaternion.uasset" 4008
"../../Plugins/FX/Niagara/Content/Functions/Rotation/AxisAngleToQuaternion.uasset" 4009
"../../Plugins/FX/Niagara/Content/Functions/Rotation/InvertQuaternion.uasset" 4010
"../../Plugins/FX/Niagara/Content/Functions/Rotation/MakeQuaternionFrom3BasisVectors.uasset" 4011
"../../Plugins/FX/Niagara/Content/Functions/Rotation/XYZRotationToQuaternion.uasset" 4012
"../../Plugins/FX/Niagara/Content/Functions/V2/CalculateRandomUnitVector.uasset" 4013
"../../Plugins/FX/Niagara/Content/Functions/V2/DistanceBasedFalloff.uasset" 4014
"../../Plugins/FX/Niagara/Content/Functions/System/SystemChangeState.uasset" 4015
"../../Plugins/FX/Niagara/Content/Icons/Modules/T_Icon_Particle_InfiniteLife.uasset" 4016
"../../Plugins/FX/Niagara/Content/Enums/Utility/ENiagara_DynamicMaterialParametersInputMode.uasset" 4017
"../../Plugins/FX/Niagara/Content/Functions/CalculateMeshRadius.uasset" 4018
"../../Plugins/FX/Niagara/Content/Functions/DeriveThirdOrthogonalVector.uasset" 4019
"../../Plugins/FX/Niagara/Content/Functions/Helpers/DoOnce_fn.uasset" 4020
"../../Plugins/FX/Niagara/Content/Functions/Helpers/FN_FirstFrame_Numeric.uasset" 4021
"../../Plugins/FX/Niagara/Content/Functions/MakeVectorsOrthogonal.uasset" 4022
"../../Plugins/FX/Niagara/Content/Functions/Math/InterpolateOverTime_V3_.uasset" 4023
"../../Plugins/FX/Niagara/Content/Functions/Math/V2/SmoothLerpOverTime.uasset" 4024
"../../Plugins/FX/Niagara/Content/Functions/ProjectVectorOnPlane.uasset" 4025
"../../Plugins/FX/Niagara/Content/Functions/Rotation/LerpQuaternion.uasset" 4026
"../../Plugins/FX/Niagara/Content/Functions/Rotation/MakeQuaternionFromXAndYVectors.uasset" 4027
"../../Plugins/FX/Niagara/Content/Functions/Rotation/MakeQuaternionFromXAndZVectors.uasset" 4028
"../../Plugins/FX/Niagara/Content/Functions/Rotation/RotateAngleOnAxis.uasset" 4029
"../../Plugins/FX/Niagara/Content/Functions/Rotation/TwoVectorsToQuaternion.uasset" 4030
"../../../../../DaleBruise_Repo/Unreal_Learning/Content/tharlevfx_tutorials/CharacterFX/ParagonSourceAssets/Materials/M_Gold_Pile.uasset" 4031
"../../../../../DaleBruise_Repo/Unreal_Learning/Content/tharlevfx_tutorials/CharacterFX/ParagonSourceAssets/Materials/M_Energy_Burst.uasset" 4032
"../../../../../DaleBruise_Repo/Unreal_Learning/Content/ExampleContent/Materials/T_Treasure_Chest_M.uasset" 4033
"../../../../../DaleBruise_Repo/Unreal_Learning/Content/ExampleContent/Materials/T_Treasure_Chest_N.uasset" 4034
"../../../../../DaleBruise_Repo/Unreal_Learning/Content/ExampleContent/Materials/T_Treasure_N.uasset" 4035
"../../Plugins/FX/Niagara/Content/Functions/GetRandomInfo.uasset" 4036
"../../Plugins/FX/Niagara/Content/Functions/Localspace/TransformBase.uasset" 4037
"../../Plugins/FX/Niagara/Content/Functions/IsolateLongestVectorComponent.uasset" 4038
"../../Plugins/FX/Niagara/Content/Functions/NormalizeDistanceRange.uasset" 4039
"../../../../../DaleBruise_Repo/Unreal_Learning/Content/tharlevfx_tutorials/CharacterFX/ParagonSourceAssets/Textures/T_Treasure_N.uasset" 4040
"../../../Engine/Content/EngineVolumetrics/LightBeam/Materials/T_EV_LightBeam_Falloff_03.uasset" 4041
"../../../../../DaleBruise_Repo/Unreal_Learning/Content/tharlevfx_tutorials/CharacterFX/ParagonSourceAssets/Textures/T_Space.uasset" 4042
"E:/DaleBruise_Repo/Unreal_Learning/Content/ActionRogueLike/BP_GameMode.uasset" 4043
"../../../Engine/Content/Functions/Engine_MaterialFunctions02/WorldPositionOffset/RotateAboutWorldAxis_cheap.uasset" 4044
"../../../Engine/Content/Functions/Engine_MaterialFunctions02/FixRotateAboutAxisNormals.uasset" 4045
"../../../Engine/Content/Functions/Engine_MaterialFunctions02/WorldPositionOffset/ObjectPivotPoint.uasset" 4046
"E:/DaleBruise_Repo/Unreal_Learning/Content/ExampleContent/Materials/T_UnrealEngineDecal.uasset" 4047
"E:/DaleBruise_Repo/Unreal_Learning/Content/ExampleContent/Materials/M_Pickup_Coin.uasset" 4048
"../../../Engine/Content/Functions/Engine_MaterialFunctions02/Utility/BlendAngleCorrectedNormals.uasset" 4049
"E:/DaleBruise_Repo/Unreal_Learning/Content/ExampleContent/Meshes/SM_Pickup_Coin.uasset" 4050
"../../../Engine/Plugins/Interchange/Assets/Content/Functions/MX_OpenPBR_Opaque.uasset" 4051
"../../../Engine/Plugins/Animation/ControlRig/Content/Controls/ControlRig_Sphere_solid.uasset" 4052
"../../../Engine/Plugins/Animation/ControlRig/Content/Controls/ControlRig_Arrow2_3mm.uasset" 4053
"../../../Engine/Plugins/Animation/ControlRig/Content/Controls/ControlRig_Arrow2_1mm.uasset" 4054
"../../../Engine/Plugins/Animation/ControlRig/Content/Controls/ControlRig_Arrow2_solid.uasset" 4055
"../../../Engine/Plugins/Animation/ControlRig/Content/Controls/ControlRig_Arrow4_1mm.uasset" 4056
"../../../Engine/Plugins/Animation/ControlRig/Content/Controls/ControlRig_Arrow4_3mm.uasset" 4057
"../../../Engine/Plugins/Animation/ControlRig/Content/Controls/ControlRig_Arrow4_solid.uasset" 4058
"../../../Engine/Plugins/Animation/ControlRig/Content/Controls/ControlRig_Arrow_1mm.uasset" 4059
"../../../Engine/Plugins/Animation/ControlRig/Content/Controls/ControlRig_Arrow_3mm.uasset" 4060
"../../../Engine/Plugins/Animation/ControlRig/Content/Controls/ControlRig_Arrow_solid.uasset" 4061
"../../../Engine/Plugins/Animation/ControlRig/Content/Controls/ControlRig_Box_3mm.uasset" 4062
"../../../Engine/Plugins/Animation/ControlRig/Content/Controls/ControlRig_Box_1mm.uasset" 4063
"../../../Engine/Plugins/Animation/ControlRig/Content/Controls/ControlRig_Box_solid.uasset" 4064
"../../../Engine/Plugins/Animation/ControlRig/Content/Controls/ControlRig_Circle_3mm.uasset" 4065
"../../../Engine/Plugins/Animation/ControlRig/Content/Controls/ControlRig_Circle_1mm.uasset" 4066
"../../../Engine/Plugins/Animation/ControlRig/Content/Controls/ControlRig_Circle_solid.uasset" 4067
"../../../Engine/Plugins/Animation/ControlRig/Content/Controls/ControlRig_Diamond_1mm.uasset" 4068
"../../../Engine/Plugins/Animation/ControlRig/Content/Controls/ControlRig_HalfCircle_1mm.uasset" 4069
"../../../Engine/Plugins/Animation/ControlRig/Content/Controls/ControlRig_HalfCircle_solid.uasset" 4070
"../../../Engine/Plugins/Animation/ControlRig/Content/Controls/ControlRig_Diamond_3mm.uasset" 4071
"../../../Engine/Plugins/Animation/ControlRig/Content/Controls/ControlRig_Diamond_solid.uasset" 4072
"../../../../../DaleBruise_Repo/Unreal_Learning/Content/ExampleContent/Meshes/SM_Interactive_Switch.uasset" 4073
"../../../../../DaleBruise_Repo/Unreal_Learning/Content/ExampleContent/Meshes/SM_Interactive_Switch_Handle.uasset" 4074
"../../../Engine/Plugins/Animation/ControlRig/Content/Controls/ControlRig_HalfCircle_3mm.uasset" 4075
"/Game/__ExternalActors__/ActionRogueLike/Maps/Map1/9/BD/MD6ZMILWXDT8SNN9T06UP5" 4076
"../../../../../DaleBruise_Repo/Unreal_Learning/Content/__ExternalActors__/ActionRogueLike/Maps/Map1/9/BD/MD6ZMILWXDT8SNN9T06UP5.uasset" 4077
"../../../../../DaleBruise_Repo/Unreal_Learning/Content/ActionRogueLike/World/BP_ProjectileSpammer.uasset" 4078
"../../../../../DaleBruise_Repo/Unreal_Learning/Content/ActionRogueLike/Projectiles/BP_ProjectileMagic.uasset" 4079
"../../../../../DaleBruise_Repo/Unreal_Learning/Content/ActionRogueLike/DamageType/BP_DamgeType_Default.uasset" 4080
"../../../../../DaleBruise_Repo/Unreal_Learning/Content/SanderAudio/Sources/Player/Combat/MSS_Combat_Abilities_Primary_Impact.uasset" 4081
"../../../../../DaleBruise_Repo/Unreal_Learning/Content/SanderAudio/Sources/Player/Combat/MSS_Combat_Abilities_Primary_Loop.uasset" 4082
"../../../../../DaleBruise_Repo/Unreal_Learning/Content/tharlevfx_tutorials/CharacterFX/ParagonSourceAssets/Niagara/NS_Gideon_Primary_HitWorld.uasset" 4083
"../../../../../DaleBruise_Repo/Unreal_Learning/Content/tharlevfx_tutorials/CharacterFX/ParagonSourceAssets/Niagara/NS_Gideon_Primary_Projectile.uasset" 4084
"../../../../../DaleBruise_Repo/Unreal_Learning/Content/SanderAudio/AttenuationSettings/Att_100m.uasset" 4085
"../../../../../DaleBruise_Repo/Unreal_Learning/Content/SanderAudio/Sources/Player/Combat/S_Combat_Abilities_Primary_Impact-001.uasset" 4086
"../../../../../DaleBruise_Repo/Unreal_Learning/Content/SanderAudio/Sources/Player/Combat/S_Combat_Abilities_Primary_Impact-002.uasset" 4087
"../../../../../DaleBruise_Repo/Unreal_Learning/Content/SanderAudio/Sources/Player/Combat/S_Combat_Abilities_Primary_Impact-003.uasset" 4088
"../../../../../DaleBruise_Repo/Unreal_Learning/Content/SanderAudio/Sources/Player/Combat/S_Combat_Abilities_Primary_Impact-004.uasset" 4089
"../../../../../DaleBruise_Repo/Unreal_Learning/Content/SanderAudio/Sources/Player/Combat/S_Combat_Abilities_Primary_Impact-005.uasset" 4090
"../../../../../DaleBruise_Repo/Unreal_Learning/Content/SanderAudio/Sources/Player/Combat/S_Combat_Abilities_Primary_Impact-006.uasset" 4091
"../../../../../DaleBruise_Repo/Unreal_Learning/Content/SanderAudio/Sources/Player/Combat/S_Combat_Abilities_Primary_Impact-007.uasset" 4092
"../../../../../DaleBruise_Repo/Unreal_Learning/Content/SanderAudio/Sources/Player/Combat/S_Combat_Abilities_Primary_Impact-008.uasset" 4093
"../../../../../DaleBruise_Repo/Unreal_Learning/Content/SanderAudio/Sources/Player/Combat/S_Combat_Abilities_Primary_Impact-009.uasset" 4094
"../../../../../DaleBruise_Repo/Unreal_Learning/Content/SanderAudio/Sources/Player/Combat/S_Combat_Abilities_Primary_Impact-010.uasset" 4095
"../../../../../DaleBruise_Repo/Unreal_Learning/Content/SanderAudio/Sources/Player/Combat/S_Combat_Abilities_Primary_Impact-011.uasset" 4096
"../../../../../DaleBruise_Repo/Unreal_Learning/Content/SanderAudio/Sources/Player/Combat/S_Combat_Abilities_Primary_Impact-012.uasset" 4097
"../../../../../DaleBruise_Repo/Unreal_Learning/Content/SanderAudio/Sources/Player/Combat/S_Combat_Abilities_Primary_Impact-013.uasset" 4098
"../../../../../DaleBruise_Repo/Unreal_Learning/Content/SanderAudio/Sources/Player/Combat/S_Combat_Abilities_Primary_Impact-014.uasset" 4099
"../../../../../DaleBruise_Repo/Unreal_Learning/Content/SanderAudio/Sources/Player/Combat/S_Combat_Abilities_Primary_Impact-015.uasset" 4100
"../../../../../DaleBruise_Repo/Unreal_Learning/Content/SanderAudio/Sources/Player/Combat/S_Combat_Abilities_Primary_Impact-016.uasset" 4101
"../../../../../DaleBruise_Repo/Unreal_Learning/Content/SanderAudio/Sources/Player/Combat/S_Combat_Abilities_Primary_Loop.uasset" 4102
"../../../../../DaleBruise_Repo/Unreal_Learning/Content/tharlevfx_tutorials/CharacterFX/ParagonSourceAssets/Materials/M_DarkFlare_DistShrink.uasset" 4103
"../../../../../DaleBruise_Repo/Unreal_Learning/Content/tharlevfx_tutorials/CharacterFX/ParagonSourceAssets/Materials/M_Explosion_RockChunks.uasset" 4104
"../../../../../DaleBruise_Repo/Unreal_Learning/Content/tharlevfx_tutorials/CharacterFX/ParagonSourceAssets/Materials/M_Explosion_Smoke_Spears.uasset" 4105
"../../../../../DaleBruise_Repo/Unreal_Learning/Content/tharlevfx_tutorials/CharacterFX/ParagonSourceAssets/Materials/M_GlowPoint_DistShrink_MASTER.uasset" 4106
"../../../../../DaleBruise_Repo/Unreal_Learning/Content/tharlevfx_tutorials/CharacterFX/ParagonSourceAssets/Materials/M_Hotdog_Spark_VLerp_MASTER.uasset" 4107
"../../../../../DaleBruise_Repo/Unreal_Learning/Content/tharlevfx_tutorials/CharacterFX/ParagonSourceAssets/Materials/M_Inky_Smoke_Burst.uasset" 4108
"../../../../../DaleBruise_Repo/Unreal_Learning/Content/tharlevfx_tutorials/CharacterFX/ParagonSourceAssets/Materials/M_Lensflare_TB_Soft_LDR2HDR.uasset" 4109
"../../../../../DaleBruise_Repo/Unreal_Learning/Content/tharlevfx_tutorials/CharacterFX/ParagonSourceAssets/Materials/M_Radial_Blur_Refraction.uasset" 4110
"../../../../../DaleBruise_Repo/Unreal_Learning/Content/tharlevfx_tutorials/CharacterFX/ParagonSourceAssets/Materials/M_Soft_Spark_Glow.uasset" 4111
"../../../../../DaleBruise_Repo/Unreal_Learning/Content/tharlevfx_tutorials/CharacterFX/ParagonSourceAssets/Materials/M_Wisp_SplineThicken_Small.uasset" 4112
"../../../../../DaleBruise_Repo/Unreal_Learning/Content/tharlevfx_tutorials/CharacterFX/ParagonSourceAssets/Materials/M_Spark_VelocityLerp_Pellets_Inst.uasset" 4113
"../../Plugins/FX/Niagara/Content/DynamicInputs/UniformRange/V2/RandomRangeFloat.uasset" 4114
"../../Plugins/FX/Niagara/Content/DynamicInputs/UniformRange/V2/RandomRangeInt.uasset" 4115
"../../Plugins/FX/Niagara/Content/DynamicInputs/Vectors/Position/AddVectorToPosition.uasset" 4116
"../../Plugins/FX/Niagara/Content/Modules/Collision/Collision.uasset" 4117
"../../Plugins/FX/Niagara/Content/Modules/Update/Camera/CameraOffset.uasset" 4118
"../../Plugins/FX/Niagara/Content/Modules/Update/Forces/AccelerationForce.uasset" 4119
"../../Plugins/FX/Niagara/Content/Modules/Update/Forces/Drag.uasset" 4120
"../../Plugins/FX/Niagara/Content/Modules/Update/Forces/V2/CurlNoiseForce.uasset" 4121
"../../Plugins/FX/Niagara/Content/Modules/Update/Size/ScaleSpriteSizeBySpeed.uasset" 4122
"../../Plugins/FX/Niagara/Content/Modules/Update/SubUV/V2/SubUVAnimation.uasset" 4123
"../../Plugins/FX/Niagara/Content/Modules/Update/Velocity/InheritVelocity.uasset" 4124
"../../../../../DaleBruise_Repo/Unreal_Learning/Content/tharlevfx_tutorials/CharacterFX/ParagonSourceAssets/Meshes/SM_Spline_X_Aligned.uasset" 4125
"../../Plugins/FX/Niagara/Content/Enums/Collision/SceneDepthCollisionQueryMethod.uasset" 4126
"../../Plugins/FX/Niagara/Content/Enums/ENiagara_CPUCollisionType.uasset" 4127
"../../Plugins/FX/Niagara/Content/Enums/ENiagara_GPUCollisionType.uasset" 4128
"../../Plugins/FX/Niagara/Content/Enums/ENiagara_SubUVLookupModeV2.uasset" 4129
"../../Plugins/FX/Niagara/Content/Enums/ENiagara_WrapClamp.uasset" 4130
"../../Plugins/FX/Niagara/Content/Enums/ENiagaraCollisionRadiusOptions.uasset" 4131
"../../Plugins/FX/Niagara/Content/Enums/ENiagaraCurlNoiseQuality.uasset" 4132
"../../Plugins/FX/Niagara/Content/Enums/ENiagaraFrictionMergeType.uasset" 4133
"../../Plugins/FX/Niagara/Content/Enums/ENiagaraMeshOrSprite.uasset" 4134
"../../Plugins/FX/Niagara/Content/Enums/ENiagaraRestitutionMergeType.uasset" 4135
"../../Plugins/FX/Niagara/Content/Enums/SpriteRenderer/ENiagara_AutomaticManual.uasset" 4136
"../../Plugins/FX/Niagara/Content/Enums/SpriteRenderer/ENiagara_FPSPlayrate.uasset" 4137
"../../Plugins/FX/Niagara/Content/VectorFields/Assets/TilingCurl32.uasset" 4138
"../../../../../DaleBruise_Repo/Unreal_Learning/Content/tharlevfx_tutorials/CharacterFX/ParagonSourceAssets/Materials/M_Wispy_Smoke_Trail_Projectile.uasset" 4139
"../../Plugins/FX/Niagara/Content/DynamicInputs/Bool/v2/SetBoolByFloatComparison.uasset" 4140
"../../Plugins/FX/Niagara/Content/Modules/Emitter/SpawnPerUnit.uasset" 4141
"../../Plugins/FX/Niagara/Content/Modules/Ribbons/ScaleRibbonWidth.uasset" 4142
"../../Plugins/FX/Niagara/Content/Modules/Update/Lifetime/KillParticles.uasset" 4143
"../../Plugins/FX/Niagara/Content/Enums/ENiagaraBooleanLogicOps_v2.uasset" 4144
"../../../../../DaleBruise_Repo/Unreal_Learning/Content/tharlevfx_tutorials/CharacterFX/ParagonSourceAssets/Materials/Functions/MF_FX_EmissiveModulate.uasset" 4145
"../../../../../DaleBruise_Repo/Unreal_Learning/Content/tharlevfx_tutorials/CharacterFX/ParagonSourceAssets/Materials/Functions/MF_ParticleShrinkDistance.uasset" 4146
"../../../../../DaleBruise_Repo/Unreal_Learning/Content/tharlevfx_tutorials/CharacterFX/ParagonSourceAssets/Textures/T_Concrete_ChunkSubUV_D.uasset" 4147
"../../../../../DaleBruise_Repo/Unreal_Learning/Content/tharlevfx_tutorials/CharacterFX/ParagonSourceAssets/Textures/T_Concrete_ChunkSubUV_N_TGA.uasset" 4148
"../../../../../DaleBruise_Repo/Unreal_Learning/Content/tharlevfx_tutorials/CharacterFX/ParagonSourceAssets/Materials/Functions/MF_CameraDistanceFade.uasset" 4149
"../../../../../DaleBruise_Repo/Unreal_Learning/Content/tharlevfx_tutorials/CharacterFX/ParagonSourceAssets/Textures/T_FluidSmoke_04.uasset" 4150
"../../../../../DaleBruise_Repo/Unreal_Learning/Content/tharlevfx_tutorials/CharacterFX/ParagonSourceAssets/Textures/T_FluidSmoke_04_Depth.uasset" 4151
"../../../../../DaleBruise_Repo/Unreal_Learning/Content/tharlevfx_tutorials/CharacterFX/ParagonSourceAssets/Textures/T_TilingClouds_01.uasset" 4152
"../../../Engine/Content/Functions/Engine_MaterialFunctions01/ImageAdjustment/DeriveHDRfromLDR.uasset" 4153
"../../../../../DaleBruise_Repo/Unreal_Learning/Content/tharlevfx_tutorials/CharacterFX/ParagonSourceAssets/Textures/T_Spark_Soft.uasset" 4154
"../../../Engine/Content/Functions/Engine_MaterialFunctions02/Utility/DebugTimeSine.uasset" 4155
"../../../../../DaleBruise_Repo/Unreal_Learning/Content/tharlevfx_tutorials/CharacterFX/ParagonSourceAssets/Materials/Functions/MF_FX_NearCameraFade.uasset" 4156
"../../../../../DaleBruise_Repo/Unreal_Learning/Content/tharlevfx_tutorials/CharacterFX/ParagonSourceAssets/Textures/T_Inky_Smoke.uasset" 4157
"../../../../../DaleBruise_Repo/Unreal_Learning/Content/tharlevfx_tutorials/CharacterFX/ParagonSourceAssets/Textures/T_Inky_Smoke_Tile.uasset" 4158
"../../../../../DaleBruise_Repo/Unreal_Learning/Content/tharlevfx_tutorials/CharacterFX/ParagonSourceAssets/Materials/Functions/MF_Eleven_Colors.uasset" 4159
"../../../../../DaleBruise_Repo/Unreal_Learning/Content/tharlevfx_tutorials/CharacterFX/ParagonSourceAssets/Textures/T_Flare_Spikeball.uasset" 4160
"../../../Engine/Content/Functions/Engine_MaterialFunctions02/Utility/DitherTemporalAA.uasset" 4161
"../../../../../DaleBruise_Repo/Unreal_Learning/Content/tharlevfx_tutorials/CharacterFX/ParagonSourceAssets/Materials/Functions/MF_DitheredRefraction.uasset" 4162
"../../../../../DaleBruise_Repo/Unreal_Learning/Content/tharlevfx_tutorials/CharacterFX/ParagonSourceAssets/Textures/T_Radial_Burst.uasset" 4163
"../../../../../DaleBruise_Repo/Unreal_Learning/Content/tharlevfx_tutorials/CharacterFX/ParagonSourceAssets/Textures/T_Radial_Refraction_Blur_N.uasset" 4164
"../../../Engine/Content/Functions/Engine_MaterialFunctions01/WorldPositionOffset/SplineThicken.uasset" 4165
"../../../Engine/Content/Functions/Engine_MaterialFunctions02/Math/CreateThirdOrthogonalVector.uasset" 4166
"../../../Engine/Content/Functions/Engine_MaterialFunctions02/TangentBasis.uasset" 4167
"../../../../../DaleBruise_Repo/Unreal_Learning/Content/tharlevfx_tutorials/CharacterFX/ParagonSourceAssets/Textures/T_Silky_Smoke_Trail.uasset" 4168
"../../../../../DaleBruise_Repo/Unreal_Learning/Content/tharlevfx_tutorials/CharacterFX/ParagonSourceAssets/Textures/T_Smoke_Trail_Soft.uasset" 4169
"../../../../../DaleBruise_Repo/Unreal_Learning/Content/tharlevfx_tutorials/CharacterFX/ParagonSourceAssets/Textures/T_Soft_Noise.uasset" 4170
"../../../../../DaleBruise_Repo/Unreal_Learning/Content/tharlevfx_tutorials/CharacterFX/ParagonSourceAssets/Textures/T_Trail_Mask.uasset" 4171
"../../../../../DaleBruise_Repo/Unreal_Learning/Content/tharlevfx_tutorials/CharacterFX/ParagonSourceAssets/Materials/M_Spark_VelocityLerp_TeamColor.uasset" 4172
"../../Plugins/FX/Niagara/Content/Functions/CalculateRadiusFromSpriteSize.uasset" 4173
"../../Plugins/FX/Niagara/Content/Modules/Collision/CollisionQueryAndResponse.uasset" 4174
"../../Plugins/FX/Niagara/Content/Functions/Localspace/PositionToVector.uasset" 4175
"../../Plugins/FX/Niagara/Content/Functions/V2/ConeMask.uasset" 4176
"../../Plugins/FX/Niagara/Content/VectorFields/Assets/TilingCurl16.uasset" 4177
"../../Plugins/FX/Niagara/Content/VectorFields/Assets/TilingCurl64.uasset" 4178
"../../Plugins/FX/Niagara/Content/Functions/Helpers/SetBoolByTimer.uasset" 4179
"../../Plugins/FX/Niagara/Content/Functions/RandomRangeInteger.uasset" 4180
"../../Plugins/FX/Niagara/Content/Enums/ENiagara_SubUVLookupMode.uasset" 4181
"../../Plugins/FX/Niagara/Content/Enums/ENiagaraBooleanLogicOps.uasset" 4182
"../../../../../DaleBruise_Repo/Unreal_Learning/Content/tharlevfx_tutorials/CharacterFX/ParagonSourceAssets/Textures/T_Glow_Sphere_Soft.uasset" 4183
"../../../../../DaleBruise_Repo/Unreal_Learning/Content/tharlevfx_tutorials/CharacterFX/ParagonSourceAssets/Textures/T_StretchSpark_01.uasset" 4184
"../../../../../DaleBruise_Repo/Unreal_Learning/Content/tharlevfx_tutorials/CharacterFX/ParagonSourceAssets/Textures/T_TankMoteNoise.uasset" 4185
"../../Plugins/FX/Niagara/Content/Functions/Collision/PlaneSphereCollisionDetection.uasset" 4186
"../../Plugins/FX/Niagara/Content/Functions/Collision/RandomizeCollisionNormals.uasset" 4187
"../../Plugins/FX/Niagara/Content/Functions/ReflectVector.uasset" 4188
"../../Plugins/FX/Niagara/Content/Functions/Textures/CalculateA_VolumeTexturesDistanceFieldGradient.uasset" 4189
"../../Plugins/FX/Niagara/Content/Modules/Collision/NiagaraDistanceFieldCollisions.uasset" 4190
"../../Plugins/FX/Niagara/Content/Modules/Collision/SceneDepthTest.uasset" 4191
"../../Plugins/FX/Niagara/Content/Enums/ENiagara_Float4Channel.uasset" 4192
"../../Plugins/FX/Niagara/Content/Functions/ChannelMasks/SelectV4Channel.uasset" 4193
"../../Plugins/FX/Niagara/Content/Enums/ENiagaraVector4_Channels.uasset" 4194
"../../Plugins/FX/Niagara/Content/Functions/FindAngleBetweenVectors.uasset" 4195
"/Game/__ExternalActors__/ActionRogueLike/Maps/Map1/A/NF/G37I11I91XYMX93DNM7YCY" 4196
"../../../../../DaleBruise_Repo/Unreal_Learning/Content/__ExternalActors__/ActionRogueLike/Maps/Map1/A/NF/G37I11I91XYMX93DNM7YCY.uasset" 4197
"/Game/__ExternalActors__/ActionRogueLike/Maps/Map1/A/OB/GTFDKVPRDNML3OYI52SMZ4" 4198
"../../../../../DaleBruise_Repo/Unreal_Learning/Content/__ExternalActors__/ActionRogueLike/Maps/Map1/A/OB/GTFDKVPRDNML3OYI52SMZ4.uasset" 4199
"../../../../../DaleBruise_Repo/Unreal_Learning/Content/ExampleContent/Meshes/SM_Pickup_Coin.uasset" 4200
"../../../../../DaleBruise_Repo/Unreal_Learning/Content/ExampleContent/Materials/M_Pickup_Coin.uasset" 4201
"../../../../../DaleBruise_Repo/Unreal_Learning/Content/ExampleContent/Materials/T_UnrealEngineDecal.uasset" 4202
"/Game/__ExternalActors__/ActionRogueLike/Maps/Map1/A/UN/2WWRYKYQ2N3S8B6M46VILZ" 4203
"../../../../../DaleBruise_Repo/Unreal_Learning/Content/__ExternalActors__/ActionRogueLike/Maps/Map1/A/UN/2WWRYKYQ2N3S8B6M46VILZ.uasset" 4204
"../../../../../DaleBruise_Repo/Unreal_Learning/Content/ActionRogueLike/AI/BP_MinionCharacter.uasset" 4205
"../../../../../DaleBruise_Repo/Unreal_Learning/Content/ParagonMinions/Characters/Minions/Down_Minions/Meshes/MinionRanged_AnimBP.uasset" 4206
"../../../../../DaleBruise_Repo/Unreal_Learning/Content/ActionRogueLike/AI/BP_MinionAIController.uasset" 4207
"../../../../../DaleBruise_Repo/Unreal_Learning/Content/ActionRogueLike/Materials/MI_HitFlashOverlay_Inst.uasset" 4208
"../../../../../DaleBruise_Repo/Unreal_Learning/Content/ParagonMinions/Characters/Minions/Down_Minions/Meshes/Minion_Lane_Ranged_Dawn.uasset" 4209
"../../../../../DaleBruise_Repo/Unreal_Learning/Content/ParagonMinions/Characters/Minions/Down_Minions/Animations/Ranged/TurnInPlace_Fast_Combat.uasset" 4210
"../../../../../DaleBruise_Repo/Unreal_Learning/Content/ParagonMinions/Characters/Minions/Down_Minions/Animations/Ranged/Blendspaces/IdleToRun_A_Combat.uasset" 4211
"../../../../../DaleBruise_Repo/Unreal_Learning/Content/ParagonMinions/Characters/Minions/Down_Minions/Animations/Ranged/Blendspaces/IdleToRun_A_NonCombat.uasset" 4212
"../../../../../DaleBruise_Repo/Unreal_Learning/Content/ParagonMinions/Characters/Minions/Down_Minions/Meshes/Minion_Lane_Core_Skeleton.uasset" 4213
"../../../../../DaleBruise_Repo/Unreal_Learning/Content/ActionRogueLike/AI/BT_MinionRanged.uasset" 4214
"../../../../../DaleBruise_Repo/Unreal_Learning/Content/ActionRogueLike/Materials/M_HitFlashOverlay.uasset" 4215
"../../../../../DaleBruise_Repo/Unreal_Learning/Content/ParagonMinions/Characters/Minions/Down_Minions/Materials/MI_SimpleMinion_Ranged.uasset" 4216
"../../../../../DaleBruise_Repo/Unreal_Learning/Content/ParagonMinions/Characters/Minions/Down_Minions/Meshes/Minion_Lane_Ranged_Physics.uasset" 4217
"../../../../../DaleBruise_Repo/Unreal_Learning/Content/ParagonMinions/Characters/Minions/Down_Minions/Animations/Ranged/Idle_A.uasset" 4218
"../../../../../DaleBruise_Repo/Unreal_Learning/Content/ParagonMinions/Characters/Minions/Down_Minions/Animations/Ranged/Jog_Fwd_Combat_A.uasset" 4219
"../../../../../DaleBruise_Repo/Unreal_Learning/Content/ParagonMinions/Characters/Minions/Down_Minions/Animations/Ranged/Jog_Left_Combat_A.uasset" 4220
"../../../../../DaleBruise_Repo/Unreal_Learning/Content/ParagonMinions/Characters/Minions/Down_Minions/Animations/Ranged/Jog_Right_Combat_A.uasset" 4221
"../../../../../DaleBruise_Repo/Unreal_Learning/Content/ParagonMinions/Characters/Minions/Down_Minions/Animations/Ranged/Walk_Fwd_Combat_A.uasset" 4222
"../../../../../DaleBruise_Repo/Unreal_Learning/Content/ParagonMinions/Characters/Minions/Down_Minions/Animations/Ranged/Idle_NonCombat_A.uasset" 4223
"../../../../../DaleBruise_Repo/Unreal_Learning/Content/ParagonMinions/Characters/Minions/Down_Minions/Animations/Ranged/Jog_Fwd_NonCombat_A.uasset" 4224
"../../../../../DaleBruise_Repo/Unreal_Learning/Content/ParagonMinions/Characters/Minions/Down_Minions/Animations/Ranged/Jog_Left_NonCombat_A.uasset" 4225
"../../../../../DaleBruise_Repo/Unreal_Learning/Content/ParagonMinions/Characters/Minions/Down_Minions/Animations/Ranged/Jog_Right_NonCombat_A.uasset" 4226
"../../../../../DaleBruise_Repo/Unreal_Learning/Content/ParagonMinions/Characters/Minions/Down_Minions/Animations/Ranged/Walk_Fwd_NonCombat_A.uasset" 4227
"../../../../../DaleBruise_Repo/Unreal_Learning/Content/ActionRogueLike/AI/BB_MinionRanged.uasset" 4228
"../../../../../DaleBruise_Repo/Unreal_Learning/Content/ActionRogueLike/AI/EQS_MoveToTarget.uasset" 4229
"../../../../../DaleBruise_Repo/Unreal_Learning/Content/ParagonMinions/Characters/Minions/Down_Minions/Materials/M_SimpleLaneMinion.uasset" 4230
"../../../../../DaleBruise_Repo/Unreal_Learning/Content/ParagonMinions/Characters/Minions/Down_Minions/Textures/Ranged/T_Minion_Dawn_Ranged_D.uasset" 4231
"../../../../../DaleBruise_Repo/Unreal_Learning/Content/ParagonMinions/Characters/Minions/Down_Minions/Textures/Ranged/T_Minion_Dawn_Ranged_N.uasset" 4232
"../../../Engine/Content/Functions/Engine_MaterialFunctions02/HueShift.uasset" 4233
"../../../Engine/Content/EngineMaterials/FlatNormal.uasset" 4234
"../../../../../DaleBruise_Repo/Unreal_Learning/Content/ExampleContent/Textures/T_White.uasset" 4235
"/Game/__ExternalActors__/ActionRogueLike/Maps/Map1/D/30/9KVVMF3K5BUK4I29V2PR9J" 4236
"../../../../../DaleBruise_Repo/Unreal_Learning/Content/__ExternalActors__/ActionRogueLike/Maps/Map1/D/30/9KVVMF3K5BUK4I29V2PR9J.uasset" 4237
"../../../../../DaleBruise_Repo/Unreal_Learning/Content/ActionRogueLike/Maps/Map1.umap" 4238
"/Game/__ExternalActors__/ActionRogueLike/Maps/Map1/0/JJ/22DC1LDEGO30WTMBCVO3TF" 4239
"../../../../../DaleBruise_Repo/Unreal_Learning/Content/__ExternalActors__/ActionRogueLike/Maps/Map1/0/JJ/22DC1LDEGO30WTMBCVO3TF.uasset" 4240
"/Game/__ExternalActors__/ActionRogueLike/Maps/Map1/1/DI/IBR0CBF0IG2RUNT025GNHA" 4241
"../../../../../DaleBruise_Repo/Unreal_Learning/Content/__ExternalActors__/ActionRogueLike/Maps/Map1/1/DI/IBR0CBF0IG2RUNT025GNHA.uasset" 4242
"../../../../../DaleBruise_Repo/Unreal_Learning/Content/ActionRogueLike/World/BP_ExplosiveBarrel.uasset" 4243
"../../../../../DaleBruise_Repo/Unreal_Learning/Content/SanderAudio/Sources/Environment/MSS_Environmental_BarrelAftermath.uasset" 4244
"../../../../../DaleBruise_Repo/Unreal_Learning/Content/SanderAudio/Sources/Environment/MSS_Environmental_BarrelExplode.uasset" 4245
"../../../../../DaleBruise_Repo/Unreal_Learning/Content/tharlevfx_tutorials/CharacterFX/ParagonSourceAssets/Niagara/NS_Explosion.uasset" 4246
"../../../../../DaleBruise_Repo/Unreal_Learning/Content/tharlevfx_tutorials/CharacterFX/ParagonSourceAssets/Niagara/NS_Flames.uasset" 4247
"../../../../../DaleBruise_Repo/Unreal_Learning/Content/Troy/SM_OilBarrel.uasset" 4248
"../../../../../DaleBruise_Repo/Unreal_Learning/Content/SanderAudio/AttenuationSettings/Att_015mBigInner.uasset" 4249
"../../../../../DaleBruise_Repo/Unreal_Learning/Content/SanderAudio/Sources/Environment/S_Environmental_Barrel_FireAftermath-001.uasset" 4250
"../../../../../DaleBruise_Repo/Unreal_Learning/Content/SanderAudio/Sources/Environment/S_Environmental_Barrel_FireAftermath-002.uasset" 4251
"../../../../../DaleBruise_Repo/Unreal_Learning/Content/SanderAudio/Sources/Environment/S_Environmental_Barrel_FireAftermath-003.uasset" 4252
"../../../../../DaleBruise_Repo/Unreal_Learning/Content/SanderAudio/Sources/Environment/S_Environmental_Barrel_FireAftermath-004.uasset" 4253
"../../../../../DaleBruise_Repo/Unreal_Learning/Content/SanderAudio/Sources/Environment/S_Environmental_Barrel_FireAftermath-005.uasset" 4254
"../../../../../DaleBruise_Repo/Unreal_Learning/Content/SanderAudio/Sources/Environment/S_Environmental_Barrel_Explosion-001.uasset" 4255
"../../../../../DaleBruise_Repo/Unreal_Learning/Content/SanderAudio/Sources/Environment/S_Environmental_Barrel_Explosion-002.uasset" 4256
"../../../../../DaleBruise_Repo/Unreal_Learning/Content/SanderAudio/Sources/Environment/S_Environmental_Barrel_Explosion-003.uasset" 4257
"../../../../../DaleBruise_Repo/Unreal_Learning/Content/SanderAudio/Sources/Environment/S_Environmental_Barrel_Explosion-004.uasset" 4258
"../../../../../DaleBruise_Repo/Unreal_Learning/Content/SanderAudio/Sources/Environment/S_Environmental_Barrel_Explosion-005.uasset" 4259
"../../../../../DaleBruise_Repo/Unreal_Learning/Content/SanderAudio/Sources/Environment/S_Environmental_Barrel_Explosion-006.uasset" 4260
"../../../../../DaleBruise_Repo/Unreal_Learning/Content/SanderAudio/Sources/Environment/S_Environmental_Barrel_Explosion-007.uasset" 4261
"../../../../../DaleBruise_Repo/Unreal_Learning/Content/SanderAudio/Sources/Environment/S_Environmental_Barrel_Explosion-008.uasset" 4262
"../../../../../DaleBruise_Repo/Unreal_Learning/Content/SanderAudio/Sources/Environment/S_Environmental_Barrel_Explosion-009.uasset" 4263
"../../../../../DaleBruise_Repo/Unreal_Learning/Content/SanderAudio/Sources/Environment/S_Environmental_Barrel_Impact-001.uasset" 4264
"../../../../../DaleBruise_Repo/Unreal_Learning/Content/SanderAudio/Sources/Environment/S_Environmental_Barrel_Impact-002.uasset" 4265
"../../../../../DaleBruise_Repo/Unreal_Learning/Content/SanderAudio/Sources/Environment/S_Environmental_Barrel_Impact-003.uasset" 4266
"../../../../../DaleBruise_Repo/Unreal_Learning/Content/SanderAudio/Sources/Environment/S_Environmental_Barrel_Impact-004.uasset" 4267
"../../../../../DaleBruise_Repo/Unreal_Learning/Content/SanderAudio/Sources/Environment/S_Environmental_Barrel_Impact-005.uasset" 4268
"../../../../../DaleBruise_Repo/Unreal_Learning/Content/SanderAudio/Sources/Environment/S_Environmental_Barrel_Impact-006.uasset" 4269
"../../../../../DaleBruise_Repo/Unreal_Learning/Content/SanderAudio/Sources/Environment/S_Environmental_Barrel_Impact-007.uasset" 4270
"../../../../../DaleBruise_Repo/Unreal_Learning/Content/SanderAudio/Sources/Environment/S_Environmental_Barrel_Impact-008.uasset" 4271
"../../../../../DaleBruise_Repo/Unreal_Learning/Content/SanderAudio/Sources/Environment/S_Environmental_Barrel_Impact-009.uasset" 4272
"../../../../../DaleBruise_Repo/Unreal_Learning/Content/SanderAudio/Sources/Environment/S_Environmental_Barrel_Impact-010.uasset" 4273
"../../../../../DaleBruise_Repo/Unreal_Learning/Content/SanderAudio/Sources/Environment/S_Environmental_Barrel_Impact-011.uasset" 4274
"../../../../../DaleBruise_Repo/Unreal_Learning/Content/SanderAudio/Sources/Environment/S_Environmental_Barrel_Impact-012.uasset" 4275
"../../../../../DaleBruise_Repo/Unreal_Learning/Content/SanderAudio/Sources/Environment/S_Environmental_Barrel_Impact-013.uasset" 4276
"../../../../../DaleBruise_Repo/Unreal_Learning/Content/SanderAudio/Sources/Environment/S_Environmental_Barrel_Impact-014.uasset" 4277
"../../../../../DaleBruise_Repo/Unreal_Learning/Content/SanderAudio/Sources/Environment/S_Environmental_Barrel_Impact-015.uasset" 4278
"../../../../../DaleBruise_Repo/Unreal_Learning/Content/SanderAudio/Sources/Environment/S_Environmental_Barrel_Impact-016.uasset" 4279
"../../../../../DaleBruise_Repo/Unreal_Learning/Content/SanderAudio/Sources/Environment/S_Environmental_Barrel_Impact-017.uasset" 4280
"../../../../../DaleBruise_Repo/Unreal_Learning/Content/SanderAudio/Sources/Environment/S_Environmental_Barrel_Impact-018.uasset" 4281
"../../../../../DaleBruise_Repo/Unreal_Learning/Content/SanderAudio/Sources/Environment/S_Environmental_Barrel_Impact-019.uasset" 4282
"../../../../../DaleBruise_Repo/Unreal_Learning/Content/SanderAudio/Sources/Environment/S_Environmental_Barrel_Impact-020.uasset" 4283
"../../../../../DaleBruise_Repo/Unreal_Learning/Content/SanderAudio/Sources/Environment/S_Environmental_Barrel_Impact-021.uasset" 4284
"../../../../../DaleBruise_Repo/Unreal_Learning/Content/SanderAudio/Sources/Environment/S_Environmental_Barrel_Impact-022.uasset" 4285
"../../../../../DaleBruise_Repo/Unreal_Learning/Content/SanderAudio/Sources/Environment/S_Environmental_Barrel_Impact-023.uasset" 4286
"../../../../../DaleBruise_Repo/Unreal_Learning/Content/SanderAudio/Sources/Environment/S_Environmental_Barrel_Impact-024.uasset" 4287
"../../../../../DaleBruise_Repo/Unreal_Learning/Content/tharlevfx_tutorials/CharacterFX/ParagonSourceAssets/Materials/M_Burst.uasset" 4288
"../../../../../DaleBruise_Repo/Unreal_Learning/Content/tharlevfx_tutorials/CharacterFX/ParagonSourceAssets/Materials/m_flare_01.uasset" 4289
"../../../../../DaleBruise_Repo/Unreal_Learning/Content/tharlevfx_tutorials/CharacterFX/ParagonSourceAssets/Materials/M_radial_ramp.uasset" 4290
"../../Plugins/FX/Niagara/Content/Modules/Update/Orientation/SpriteRotationRate.uasset" 4291
"../../../../../DaleBruise_Repo/Unreal_Learning/Content/tharlevfx_tutorials/CharacterFX/ParagonSourceAssets/Materials/M_Fire.uasset" 4292
"../../../../../DaleBruise_Repo/Unreal_Learning/Content/tharlevfx_tutorials/CharacterFX/ParagonSourceAssets/Materials/M_smoke_subUV.uasset" 4293
"../../Plugins/FX/Niagara/Content/DefaultAssets/DefaultSpriteMaterial.uasset" 4294
"../../../../../DaleBruise_Repo/Unreal_Learning/Content/Troy/MI_GlobalColor_Orange.uasset" 4295
"../../../../../DaleBruise_Repo/Unreal_Learning/Content/tharlevfx_tutorials/CharacterFX/ParagonSourceAssets/Textures/T_Burst_M.uasset" 4296
"../../../Engine/Content/Functions/Engine_MaterialFunctions01/Gradient/RadialGradient.uasset" 4297
"../../../../../DaleBruise_Repo/Unreal_Learning/Content/tharlevfx_tutorials/CharacterFX/ParagonSourceAssets/Textures/T_Fire_subUV_01.uasset" 4298
"../../../../../DaleBruise_Repo/Unreal_Learning/Content/tharlevfx_tutorials/CharacterFX/ParagonSourceAssets/Textures/T_Fire_tile.uasset" 4299
"../../../../../DaleBruise_Repo/Unreal_Learning/Content/tharlevfx_tutorials/CharacterFX/ParagonSourceAssets/Textures/T_Smoke_Tiled_D.uasset" 4300
"../../../../../DaleBruise_Repo/Unreal_Learning/Content/tharlevfx_tutorials/CharacterFX/ParagonSourceAssets/Textures/T_SmokeSubUV_8X8.uasset" 4301
"../../../../../DaleBruise_Repo/Unreal_Learning/Content/Troy/M_GlobalColor_Master.uasset" 4302
"/Game/__ExternalActors__/ActionRogueLike/Maps/Map1/5/5Z/Z8V9NMPZO07UB6SLJLRJAN" 4303
"../../../../../DaleBruise_Repo/Unreal_Learning/Content/__ExternalActors__/ActionRogueLike/Maps/Map1/5/5Z/Z8V9NMPZO07UB6SLJLRJAN.uasset" 4304
"/Game/__ExternalActors__/ActionRogueLike/Maps/Map1/6/3N/17H2P915OC3ILCIK61EQR9" 4305
"../../../../../DaleBruise_Repo/Unreal_Learning/Content/__ExternalActors__/ActionRogueLike/Maps/Map1/6/3N/17H2P915OC3ILCIK61EQR9.uasset" 4306
"../../../../../DaleBruise_Repo/Unreal_Learning/Content/ActionRogueLike/World/BP_HealthPickUp.uasset" 4307
"../../../../../DaleBruise_Repo/Unreal_Learning/Content/SanderAudio/Sources/Interactables/MSS_Consumables_HealthPotion.uasset" 4308
"../../../../../DaleBruise_Repo/Unreal_Learning/Content/ExampleContent/Meshes/SM_PotionBottle.uasset" 4309
"../../../../../DaleBruise_Repo/Unreal_Learning/Content/SanderAudio/AttenuationSettings/Att_040m.uasset" 4310
"../../../../../DaleBruise_Repo/Unreal_Learning/Content/SanderAudio/Sources/Interactables/S_Consumables_HealthPotion_Bubbles-001.uasset" 4311
"../../../../../DaleBruise_Repo/Unreal_Learning/Content/SanderAudio/Sources/Interactables/S_Consumables_HealthPotion_Bubbles-002.uasset" 4312
"../../../../../DaleBruise_Repo/Unreal_Learning/Content/SanderAudio/Sources/Interactables/S_Consumables_HealthPotion_Bubbles-003.uasset" 4313
"../../../../../DaleBruise_Repo/Unreal_Learning/Content/SanderAudio/Sources/Interactables/S_Consumables_HealthPotion_Bubbles-004.uasset" 4314
"../../../../../DaleBruise_Repo/Unreal_Learning/Content/SanderAudio/Sources/Interactables/S_Consumables_HealthPotion_Bubbles-005.uasset" 4315
"../../../../../DaleBruise_Repo/Unreal_Learning/Content/SanderAudio/Sources/Interactables/S_Consumables_HealthPotion_Bubbles-006.uasset" 4316
"../../../../../DaleBruise_Repo/Unreal_Learning/Content/SanderAudio/Sources/Interactables/S_Consumables_HealthPotion_Bubbles-007.uasset" 4317
"../../../../../DaleBruise_Repo/Unreal_Learning/Content/SanderAudio/Sources/Interactables/S_Consumables_HealthPotion_Bubbles-008.uasset" 4318
"../../../../../DaleBruise_Repo/Unreal_Learning/Content/SanderAudio/Sources/Interactables/S_Consumables_HealthPotion_Bubbles-009.uasset" 4319
"../../../../../DaleBruise_Repo/Unreal_Learning/Content/SanderAudio/Sources/Interactables/S_Consumables_HealthPotion_Bubbles-010.uasset" 4320
"../../../../../DaleBruise_Repo/Unreal_Learning/Content/SanderAudio/Sources/Interactables/S_Consumables_HealthPotion_Bubbles-011.uasset" 4321
"../../../../../DaleBruise_Repo/Unreal_Learning/Content/SanderAudio/Sources/Interactables/S_Consumables_HealthPotion_Bubbles-012.uasset" 4322
"../../../../../DaleBruise_Repo/Unreal_Learning/Content/SanderAudio/Sources/Interactables/S_Consumables_HealthPotion_Bubbles-013.uasset" 4323
"../../../../../DaleBruise_Repo/Unreal_Learning/Content/SanderAudio/Sources/Interactables/S_Consumables_HealthPotion_Bubbles-014.uasset" 4324
"../../../../../DaleBruise_Repo/Unreal_Learning/Content/SanderAudio/Sources/Interactables/S_Consumables_HealthPotion_Bubbles-015.uasset" 4325
"../../../../../DaleBruise_Repo/Unreal_Learning/Content/SanderAudio/Sources/Interactables/S_Consumables_HealthPotion_Bubbles-016.uasset" 4326
"../../../../../DaleBruise_Repo/Unreal_Learning/Content/SanderAudio/Sources/Interactables/S_Consumables_HealthPotion_Bubbles-017.uasset" 4327
"../../../../../DaleBruise_Repo/Unreal_Learning/Content/SanderAudio/Sources/Interactables/S_Consumables_HealthPotion_Bubbles-018.uasset" 4328
"../../../../../DaleBruise_Repo/Unreal_Learning/Content/SanderAudio/Sources/Interactables/S_Consumables_HealthPotion_Bubbles-019.uasset" 4329
"../../../../../DaleBruise_Repo/Unreal_Learning/Content/SanderAudio/Sources/Interactables/S_Consumables_HealthPotion_Bubbles-020.uasset" 4330
"../../../../../DaleBruise_Repo/Unreal_Learning/Content/SanderAudio/Sources/Interactables/S_Consumables_HealthPotion_Bubbles-021.uasset" 4331
"../../../../../DaleBruise_Repo/Unreal_Learning/Content/SanderAudio/Sources/Interactables/S_Consumables_HealthPotion_Bubbles-022.uasset" 4332
"../../../../../DaleBruise_Repo/Unreal_Learning/Content/SanderAudio/Sources/Interactables/S_Consumables_HealthPotion_Bubbles-023.uasset" 4333
"../../../../../DaleBruise_Repo/Unreal_Learning/Content/SanderAudio/Sources/Interactables/S_Consumables_HealthPotion_Bubbles-024.uasset" 4334
"../../../../../DaleBruise_Repo/Unreal_Learning/Content/SanderAudio/Sources/Interactables/S_Consumables_HealthPotion_Cork-001.uasset" 4335
"../../../../../DaleBruise_Repo/Unreal_Learning/Content/SanderAudio/Sources/Interactables/S_Consumables_HealthPotion_Cork-002.uasset" 4336
"../../../../../DaleBruise_Repo/Unreal_Learning/Content/SanderAudio/Sources/Interactables/S_Consumables_HealthPotion_Cork-003.uasset" 4337
"../../../../../DaleBruise_Repo/Unreal_Learning/Content/SanderAudio/Sources/Interactables/S_Consumables_HealthPotion_Cork-004.uasset" 4338
"../../../../../DaleBruise_Repo/Unreal_Learning/Content/SanderAudio/Sources/Interactables/S_Consumables_HealthPotion_Cork-005.uasset" 4339
"../../../../../DaleBruise_Repo/Unreal_Learning/Content/SanderAudio/Sources/Interactables/S_Consumables_HealthPotion_Cork-006.uasset" 4340
"../../../../../DaleBruise_Repo/Unreal_Learning/Content/SanderAudio/Sources/Interactables/S_Consumables_HealthPotion_Cork-007.uasset" 4341
"../../../../../DaleBruise_Repo/Unreal_Learning/Content/SanderAudio/Sources/Interactables/S_Consumables_HealthPotion_Cork-008.uasset" 4342
"../../../../../DaleBruise_Repo/Unreal_Learning/Content/SanderAudio/Sources/Interactables/S_Consumables_HealthPotion_Magic-001.uasset" 4343
"../../../../../DaleBruise_Repo/Unreal_Learning/Content/SanderAudio/Sources/Interactables/S_Consumables_HealthPotion_Sub-001.uasset" 4344
"../../../../../DaleBruise_Repo/Unreal_Learning/Content/SanderAudio/Sources/Interactables/S_Consumables_HealthPotion_Sub-002.uasset" 4345
"../../../../../DaleBruise_Repo/Unreal_Learning/Content/ExampleContent/Materials/M_PotionGlass.uasset" 4346
"../../../Engine/Content/Functions/Engine_MaterialFunctions02/SmoothStep.uasset" 4347
"/Game/__ExternalActors__/ActionRogueLike/Maps/Map1/7/NS/0R7MJFFERAP11EBLHDWMZ0" 4348
"../../../../../DaleBruise_Repo/Unreal_Learning/Content/__ExternalActors__/ActionRogueLike/Maps/Map1/7/NS/0R7MJFFERAP11EBLHDWMZ0.uasset" 4349
"/Game/__ExternalActors__/ActionRogueLike/Maps/Map1/1/9V/CNNYO0OQ6B3KUQ7K0SYDVO" 4350
"../../../../../DaleBruise_Repo/Unreal_Learning/Content/__ExternalActors__/ActionRogueLike/Maps/Map1/1/9V/CNNYO0OQ6B3KUQ7K0SYDVO.uasset" 4351
"/Game/__ExternalActors__/ActionRogueLike/Maps/Map1/1/UK/3AESZMQKW4NUAHPOIY40M3" 4352
"../../../../../DaleBruise_Repo/Unreal_Learning/Content/__ExternalActors__/ActionRogueLike/Maps/Map1/1/UK/3AESZMQKW4NUAHPOIY40M3.uasset" 4353
"/Game/__ExternalActors__/ActionRogueLike/Maps/Map1/A/98/38D0ILOFG7VA0OYZC8RN4H" 4354
"../../../../../DaleBruise_Repo/Unreal_Learning/Content/__ExternalActors__/ActionRogueLike/Maps/Map1/A/98/38D0ILOFG7VA0OYZC8RN4H.uasset" 4355
"/Game/__ExternalActors__/ActionRogueLike/Maps/Map1/B/ZF/VDI1KCDD410D5SGAABVMML" 4356
"../../../../../DaleBruise_Repo/Unreal_Learning/Content/__ExternalActors__/ActionRogueLike/Maps/Map1/B/ZF/VDI1KCDD410D5SGAABVMML.uasset" 4357
"/Game/__ExternalActors__/ActionRogueLike/Maps/Map1/C/RS/BW38M4OTBEMC0HNTY3I4GL" 4358
"../../../../../DaleBruise_Repo/Unreal_Learning/Content/__ExternalActors__/ActionRogueLike/Maps/Map1/C/RS/BW38M4OTBEMC0HNTY3I4GL.uasset" 4359
"../../../../../DaleBruise_Repo/Unreal_Learning/Content/ActionRogueLike/LingLongCharacter_BP.uasset" 4360
"../../../../../DaleBruise_Repo/Unreal_Learning/Content/ControlRig/Characters/Mannequins/Animations/Gideon/GideonManny_AnimBlueprint.uasset" 4361
"../../../../../DaleBruise_Repo/Unreal_Learning/Content/ControlRig/Characters/Mannequins/Animations/Gideon/Death_Montage.uasset" 4362
"../../../../../DaleBruise_Repo/Unreal_Learning/Content/ActionRogueLike/Actions/Action_BlackHole.uasset" 4363
"../../../../../DaleBruise_Repo/Unreal_Learning/Content/ActionRogueLike/Actions/Action_MagicProjectile.uasset" 4364
"../../../../../DaleBruise_Repo/Unreal_Learning/Content/ActionRogueLike/Actions/Action_Sprint.uasset" 4365
"../../../../../DaleBruise_Repo/Unreal_Learning/Content/ActionRogueLike/Actions/Action_Teleport.uasset" 4366
"../../../../../DaleBruise_Repo/Unreal_Learning/Content/ActionRogueLike/InputAction/IA_BlackHole.uasset" 4367
"../../../../../DaleBruise_Repo/Unreal_Learning/Content/ActionRogueLike/InputAction/IA_Jump.uasset" 4368
"../../../../../DaleBruise_Repo/Unreal_Learning/Content/ActionRogueLike/InputAction/IA_Look.uasset" 4369
"../../../../../DaleBruise_Repo/Unreal_Learning/Content/ActionRogueLike/InputAction/IA_Move.uasset" 4370
"../../../../../DaleBruise_Repo/Unreal_Learning/Content/ActionRogueLike/InputAction/IA_PrimaryAttack.uasset" 4371
"../../../../../DaleBruise_Repo/Unreal_Learning/Content/ActionRogueLike/InputAction/IA_Sprint.uasset" 4372
"../../../../../DaleBruise_Repo/Unreal_Learning/Content/ActionRogueLike/InputAction/IA_Teleport.uasset" 4373
"../../../../../DaleBruise_Repo/Unreal_Learning/Content/ControlRig/Characters/Mannequins/Meshes/SKM_Manny.uasset" 4374
"../../../../../DaleBruise_Repo/Unreal_Learning/Content/ControlRig/Characters/Mannequins/Animations/Gideon/AO_Blendspace.uasset" 4375
"../../../../../DaleBruise_Repo/Unreal_Learning/Content/ControlRig/Characters/Mannequins/Animations/Gideon/Idle.uasset" 4376
"../../../../../DaleBruise_Repo/Unreal_Learning/Content/ControlRig/Characters/Mannequins/Animations/Gideon/IdlePoseAdjustment.uasset" 4377
"../../../../../DaleBruise_Repo/Unreal_Learning/Content/ControlRig/Characters/Mannequins/Animations/Gideon/Jump_In_Place_Apex.uasset" 4378
"../../../../../DaleBruise_Repo/Unreal_Learning/Content/ControlRig/Characters/Mannequins/Animations/Gideon/Jump_In_Place_Land.uasset" 4379
"../../../../../DaleBruise_Repo/Unreal_Learning/Content/ControlRig/Characters/Mannequins/Animations/Gideon/Jump_In_Place_Recover.uasset" 4380
"../../../../../DaleBruise_Repo/Unreal_Learning/Content/ControlRig/Characters/Mannequins/Animations/Gideon/Jump_In_Place_Start.uasset" 4381
"../../../../../DaleBruise_Repo/Unreal_Learning/Content/ControlRig/Characters/Mannequins/Animations/Gideon/Turn_Right_90_Short_Additive.uasset" 4382
"../../../../../DaleBruise_Repo/Unreal_Learning/Content/ControlRig/Characters/Mannequins/Animations/Gideon/Turn_Right_90_Short_Grounded.uasset" 4383
"../../../../../DaleBruise_Repo/Unreal_Learning/Content/ControlRig/Characters/Mannequins/Animations/Gideon/Run_Direction.uasset" 4384
"../../../../../DaleBruise_Repo/Unreal_Learning/Content/ControlRig/Characters/Mannequins/Animations/Gideon/TravelMode_Direction_BS.uasset" 4385
"../../../../../DaleBruise_Repo/Unreal_Learning/Content/ControlRig/Characters/Mannequins/Meshes/SK_Mannequin.uasset" 4386
"../../../../../DaleBruise_Repo/Unreal_Learning/Content/ControlRig/Characters/Mannequins/Animations/Gideon/Death_Back.uasset" 4387
"../../../../../DaleBruise_Repo/Unreal_Learning/Content/ControlRig/Characters/Mannequins/Animations/Gideon/Primary_Attack_A_Medium_Montage.uasset" 4388
"../../../../../DaleBruise_Repo/Unreal_Learning/Content/ActionRogueLike/Projectiles/BP_ProjectileBlackHole.uasset" 4389
"../../../../../DaleBruise_Repo/Unreal_Learning/Content/SanderAudio/Sources/Player/Combat/MSS_Combat_Abilities_Primary_Cast.uasset" 4390
"../../../../../DaleBruise_Repo/Unreal_Learning/Content/tharlevfx_tutorials/CharacterFX/ParagonSourceAssets/Niagara/NS_Portal_Cast.uasset" 4391
"../../../Engine/Content/EditorBlueprintResources/StandardMacros.uasset" 4392
"../../../../../DaleBruise_Repo/Unreal_Learning/Content/SanderAudio/Sources/Player/Locomotion/MSS_PlayerLocomotion_Hover.uasset" 4393
"../../../../../DaleBruise_Repo/Unreal_Learning/Content/tharlevfx_tutorials/CharacterFX/ParagonSourceAssets/Niagara/NS_Gideon_TravelMode_Hands.uasset" 4394
"../../../../../DaleBruise_Repo/Unreal_Learning/Content/ActionRogueLike/Projectiles/BP_ProjectileTeleport.uasset" 4395
"../../../../../DaleBruise_Repo/Unreal_Learning/Content/ControlRig/Characters/Mannequins/Rigs/ABP_Manny_PostProcess.uasset" 4396
"../../../../../DaleBruise_Repo/Unreal_Learning/Content/Characters/Mannequins/Materials/Manny/MI_Manny_01_New.uasset" 4397
"../../../../../DaleBruise_Repo/Unreal_Learning/Content/Characters/Mannequins/Materials/Manny/MI_Manny_02_New.uasset" 4398
"../../../../../DaleBruise_Repo/Unreal_Learning/Content/ControlRig/Characters/Mannequins/Rigs/PA_Mannequin.uasset" 4399
"../../../../../DaleBruise_Repo/Unreal_Learning/Content/ControlRig/Characters/Mannequins/Animations/Gideon/AO_CC.uasset" 4400
"../../../../../DaleBruise_Repo/Unreal_Learning/Content/ControlRig/Characters/Mannequins/Animations/Gideon/AO_CD.uasset" 4401
"../../../../../DaleBruise_Repo/Unreal_Learning/Content/ControlRig/Characters/Mannequins/Animations/Gideon/AO_CU.uasset" 4402
"../../../../../DaleBruise_Repo/Unreal_Learning/Content/ControlRig/Characters/Mannequins/Animations/Gideon/AO_LC.uasset" 4403
"../../../../../DaleBruise_Repo/Unreal_Learning/Content/ControlRig/Characters/Mannequins/Animations/Gideon/AO_LD.uasset" 4404
"../../../../../DaleBruise_Repo/Unreal_Learning/Content/ControlRig/Characters/Mannequins/Animations/Gideon/AO_LU.uasset" 4405
"../../../../../DaleBruise_Repo/Unreal_Learning/Content/ControlRig/Characters/Mannequins/Animations/Gideon/AO_RC.uasset" 4406
"../../../../../DaleBruise_Repo/Unreal_Learning/Content/ControlRig/Characters/Mannequins/Animations/Gideon/AO_RD.uasset" 4407
"../../../../../DaleBruise_Repo/Unreal_Learning/Content/ControlRig/Characters/Mannequins/Animations/Gideon/AO_RU.uasset" 4408
"../../../../../DaleBruise_Repo/Unreal_Learning/Content/ControlRig/Characters/Mannequins/Animations/Gideon/Jog_Bwd.uasset" 4409
"../../../../../DaleBruise_Repo/Unreal_Learning/Content/ControlRig/Characters/Mannequins/Animations/Gideon/Jog_Fwd.uasset" 4410
"../../../../../DaleBruise_Repo/Unreal_Learning/Content/ControlRig/Characters/Mannequins/Animations/Gideon/Jog_Left.uasset" 4411
"../../../../../DaleBruise_Repo/Unreal_Learning/Content/ControlRig/Characters/Mannequins/Animations/Gideon/Jog_Right.uasset" 4412
"../../../../../DaleBruise_Repo/Unreal_Learning/Content/ControlRig/Characters/Mannequins/Animations/Gideon/TravelMode_Hover_Bwd.uasset" 4413
"../../../../../DaleBruise_Repo/Unreal_Learning/Content/ControlRig/Characters/Mannequins/Animations/Gideon/TravelMode_Hover_Fwd.uasset" 4414
"../../../../../DaleBruise_Repo/Unreal_Learning/Content/ControlRig/Characters/Mannequins/Animations/Gideon/TravelMode_Hover_Idle.uasset" 4415
"../../../../../DaleBruise_Repo/Unreal_Learning/Content/ControlRig/Characters/Mannequins/Animations/Gideon/TravelMode_Hover_Left.uasset" 4416
"../../../../../DaleBruise_Repo/Unreal_Learning/Content/ControlRig/Characters/Mannequins/Animations/Gideon/TravelMode_Hover_Right.uasset" 4417
"../../../../../DaleBruise_Repo/Unreal_Learning/Content/ControlRig/Characters/Mannequins/Animations/Gideon/Primary_Attack_A_Medium.uasset" 4418
"../../../../../DaleBruise_Repo/Unreal_Learning/Content/SanderAudio/Sources/Player/Combat/MSS_Combat_Abilities_Secondary_Loop.uasset" 4419
"../../../../../DaleBruise_Repo/Unreal_Learning/Content/tharlevfx_tutorials/CharacterFX/ParagonSourceAssets/Niagara/NS_Gideon_Ultimate.uasset" 4420
"../../../../../DaleBruise_Repo/Unreal_Learning/Content/SanderAudio/Sources/Player/VOFX/MSS_Player_VOFX_Primary_Cast.uasset" 4421
"../../../../../DaleBruise_Repo/Unreal_Learning/Content/SanderAudio/Sources/Player/Combat/S_Combat_Abilities_Primary_Cast-001.uasset" 4422
"../../../../../DaleBruise_Repo/Unreal_Learning/Content/SanderAudio/Sources/Player/Combat/S_Combat_Abilities_Primary_Cast-002.uasset" 4423
"../../../../../DaleBruise_Repo/Unreal_Learning/Content/SanderAudio/Sources/Player/Combat/S_Combat_Abilities_Primary_Cast-003.uasset" 4424
"../../../../../DaleBruise_Repo/Unreal_Learning/Content/SanderAudio/Sources/Player/Combat/S_Combat_Abilities_Primary_Cast-004.uasset" 4425
"../../../../../DaleBruise_Repo/Unreal_Learning/Content/SanderAudio/Sources/Player/Combat/S_Combat_Abilities_Primary_Cast-005.uasset" 4426
"../../../../../DaleBruise_Repo/Unreal_Learning/Content/SanderAudio/Sources/Player/Combat/S_Combat_Abilities_Primary_Cast-006.uasset" 4427
"../../../../../DaleBruise_Repo/Unreal_Learning/Content/SanderAudio/Sources/Player/Combat/S_Combat_Abilities_Primary_Cast-007.uasset" 4428
"../../../../../DaleBruise_Repo/Unreal_Learning/Content/SanderAudio/Sources/Player/Combat/S_Combat_Abilities_Primary_Cast-008.uasset" 4429
"../../../../../DaleBruise_Repo/Unreal_Learning/Content/SanderAudio/Sources/Player/Combat/S_Combat_Abilities_Primary_Cast-009.uasset" 4430
"../../../../../DaleBruise_Repo/Unreal_Learning/Content/SanderAudio/Sources/Player/Combat/S_Combat_Abilities_Primary_Cast-010.uasset" 4431
"../../../../../DaleBruise_Repo/Unreal_Learning/Content/SanderAudio/Sources/Player/Combat/S_Combat_Abilities_Primary_Cast-011.uasset" 4432
"../../../../../DaleBruise_Repo/Unreal_Learning/Content/SanderAudio/Sources/Player/Combat/S_Combat_Abilities_Primary_Cast-012.uasset" 4433
"../../../../../DaleBruise_Repo/Unreal_Learning/Content/SanderAudio/Sources/Player/Combat/S_Combat_Abilities_Primary_Cast-013.uasset" 4434
"../../../../../DaleBruise_Repo/Unreal_Learning/Content/SanderAudio/Sources/Player/Combat/S_Combat_Abilities_Primary_Cast-014.uasset" 4435
"../../../../../DaleBruise_Repo/Unreal_Learning/Content/SanderAudio/Sources/Player/Combat/S_Combat_Abilities_Primary_Cast-015.uasset" 4436
"../../../../../DaleBruise_Repo/Unreal_Learning/Content/SanderAudio/Sources/Player/VOFX/Gideon_Effort_Ability_Primary_Cast_010.uasset" 4437
"../../../../../DaleBruise_Repo/Unreal_Learning/Content/SanderAudio/Sources/Player/VOFX/Gideon_Effort_Ability_Primary_Cast_011.uasset" 4438
"../../../../../DaleBruise_Repo/Unreal_Learning/Content/SanderAudio/Sources/Player/VOFX/Gideon_Effort_Swing_010.uasset" 4439
"../../../../../DaleBruise_Repo/Unreal_Learning/Content/SanderAudio/Sources/Player/VOFX/Gideon_Effort_Swing_012.uasset" 4440
"../../../../../DaleBruise_Repo/Unreal_Learning/Content/SanderAudio/Sources/Player/VOFX/Gideon_Effort_Swing_013.uasset" 4441
"../../../../../DaleBruise_Repo/Unreal_Learning/Content/tharlevfx_tutorials/CharacterFX/ParagonSourceAssets/Materials/M_Lensflare_TB_Soft.uasset" 4442
"../../../../../DaleBruise_Repo/Unreal_Learning/Content/tharlevfx_tutorials/CharacterFX/ParagonSourceAssets/Materials/M_Teleport_Refraction.uasset" 4443
"../../Plugins/FX/Niagara/Content/Modules/Update/Forces/V2/PointAttractionForce.uasset" 4444
"../../../../../DaleBruise_Repo/Unreal_Learning/Content/SanderAudio/Sources/Player/Locomotion/S_PlayerLocomotion_Hover_Loop.uasset" 4445
"../../../../../DaleBruise_Repo/Unreal_Learning/Content/SanderAudio/Sources/Player/Locomotion/S_PlayerLocomotion_Hover_Start.uasset" 4446
"../../../../../DaleBruise_Repo/Unreal_Learning/Content/SanderAudio/Sources/Player/Locomotion/S_PlayerLocomotion_Hover_Stop-001.uasset" 4447
"../../../../../DaleBruise_Repo/Unreal_Learning/Content/SanderAudio/Sources/Player/Locomotion/S_PlayerLocomotion_Hover_Stop-002.uasset" 4448
"../../../../../DaleBruise_Repo/Unreal_Learning/Content/SanderAudio/Sources/Player/Locomotion/S_PlayerLocomotion_Hover_Stop-003.uasset" 4449
"../../../../../DaleBruise_Repo/Unreal_Learning/Content/SanderAudio/Sources/Player/Locomotion/S_PlayerLocomotion_Hover_Stop-004.uasset" 4450
"../../../../../DaleBruise_Repo/Unreal_Learning/Content/SanderAudio/Sources/Player/Locomotion/S_PlayerLocomotion_Hover_Stop-005.uasset" 4451
"../../../../../DaleBruise_Repo/Unreal_Learning/Content/SanderAudio/Sources/Player/Locomotion/S_PlayerLocomotion_Hover_Stop-006.uasset" 4452
"../../../../../DaleBruise_Repo/Unreal_Learning/Content/tharlevfx_tutorials/CharacterFX/ParagonSourceAssets/Materials/M_Hand_Thrusters.uasset" 4453
"../../../../../DaleBruise_Repo/Unreal_Learning/Content/tharlevfx_tutorials/CharacterFX/ParagonSourceAssets/Meshes/SM_Hand_Thruster.uasset" 4454
"../../../../../DaleBruise_Repo/Unreal_Learning/Content/tharlevfx_tutorials/CharacterFX/ParagonSourceAssets/Niagara/NS_Portal_Entrance_Close.uasset" 4455
"../../../../../DaleBruise_Repo/Unreal_Learning/Content/ControlRig/Characters/Mannequins/Rigs/CR_Mannequin_Procedural.uasset" 4456
"../../../../../DaleBruise_Repo/Unreal_Learning/Content/ControlRig/Characters/Mannequins/Rigs/Poses/Manny/Manny_calf_l_pose.uasset" 4457
"../../../../../DaleBruise_Repo/Unreal_Learning/Content/ControlRig/Characters/Mannequins/Rigs/Poses/Manny/Manny_calf_r_pose.uasset" 4458
"../../../../../DaleBruise_Repo/Unreal_Learning/Content/ControlRig/Characters/Mannequins/Rigs/Poses/Manny/Manny_clavicle_l_pose.uasset" 4459
"../../../../../DaleBruise_Repo/Unreal_Learning/Content/ControlRig/Characters/Mannequins/Rigs/Poses/Manny/Manny_clavicle_r_pose.uasset" 4460
"../../../../../DaleBruise_Repo/Unreal_Learning/Content/ControlRig/Characters/Mannequins/Rigs/Poses/Manny/Manny_foot_l_pose.uasset" 4461
"../../../../../DaleBruise_Repo/Unreal_Learning/Content/ControlRig/Characters/Mannequins/Rigs/Poses/Manny/Manny_foot_r_pose.uasset" 4462
"../../../../../DaleBruise_Repo/Unreal_Learning/Content/ControlRig/Characters/Mannequins/Rigs/Poses/Manny/Manny_hand_l_pose.uasset" 4463
"../../../../../DaleBruise_Repo/Unreal_Learning/Content/ControlRig/Characters/Mannequins/Rigs/Poses/Manny/Manny_hand_r_pose.uasset" 4464
"../../../../../DaleBruise_Repo/Unreal_Learning/Content/ControlRig/Characters/Mannequins/Rigs/Poses/Manny/Manny_lowerarm_l_pose.uasset" 4465
"../../../../../DaleBruise_Repo/Unreal_Learning/Content/ControlRig/Characters/Mannequins/Rigs/Poses/Manny/Manny_lowerarm_r_pose.uasset" 4466
"../../../../../DaleBruise_Repo/Unreal_Learning/Content/ControlRig/Characters/Mannequins/Rigs/Poses/Manny/Manny_thigh_l_pose.uasset" 4467
"../../../../../DaleBruise_Repo/Unreal_Learning/Content/ControlRig/Characters/Mannequins/Rigs/Poses/Manny/Manny_thigh_r_pose.uasset" 4468
"../../../../../DaleBruise_Repo/Unreal_Learning/Content/ControlRig/Characters/Mannequins/Rigs/Poses/Manny/Manny_upperarm_l_pose.uasset" 4469
"../../../../../DaleBruise_Repo/Unreal_Learning/Content/ControlRig/Characters/Mannequins/Rigs/Poses/Manny/Manny_upperarm_r_pose.uasset" 4470
"../../../../../DaleBruise_Repo/Unreal_Learning/Content/Characters/Mannequins/Materials/M_Mannequin.uasset" 4471
"../../../../../DaleBruise_Repo/Unreal_Learning/Content/Characters/Mannequins/Textures/Manny/T_Manny_01_BN.uasset" 4472
"../../../../../DaleBruise_Repo/Unreal_Learning/Content/Characters/Mannequins/Textures/Manny/T_Manny_01_D.uasset" 4473
"../../../../../DaleBruise_Repo/Unreal_Learning/Content/Characters/Mannequins/Textures/Manny/T_Manny_01_MRA.uasset" 4474
"../../../../../DaleBruise_Repo/Unreal_Learning/Content/Characters/Mannequins/Textures/Manny/T_Manny_02_BN.uasset" 4475
"../../../../../DaleBruise_Repo/Unreal_Learning/Content/Characters/Mannequins/Textures/Manny/T_Manny_02_D.uasset" 4476
"../../../../../DaleBruise_Repo/Unreal_Learning/Content/Characters/Mannequins/Textures/Manny/T_Manny_02_MRA.uasset" 4477
"../../../../../DaleBruise_Repo/Unreal_Learning/Content/SanderAudio/AttenuationSettings/Att_200m_Large.uasset" 4478
"../../../../../DaleBruise_Repo/Unreal_Learning/Content/SanderAudio/Sources/Player/Combat/S_Combat_Abilities_Secondary_End.uasset" 4479
"../../../../../DaleBruise_Repo/Unreal_Learning/Content/SanderAudio/Sources/Player/Combat/S_Combat_Abilities_Secondary_Loop.uasset" 4480
"../../../../../DaleBruise_Repo/Unreal_Learning/Content/SanderAudio/Sources/Player/Combat/S_Combat_Abilities_Secondary_LoopStart.uasset" 4481
"../../../../../DaleBruise_Repo/Unreal_Learning/Content/SanderAudio/Sources/Player/Combat/S_Combat_Abilities_Secondary_TransitionToEnd.uasset" 4482
"../../../../../DaleBruise_Repo/Unreal_Learning/Content/tharlevfx_tutorials/CharacterFX/ParagonSourceAssets/Materials/M_BlackHole_Dust.uasset" 4483
"../../../../../DaleBruise_Repo/Unreal_Learning/Content/tharlevfx_tutorials/CharacterFX/ParagonSourceAssets/Materials/M_BlackHole_Mesh.uasset" 4484
"../../../../../DaleBruise_Repo/Unreal_Learning/Content/tharlevfx_tutorials/CharacterFX/ParagonSourceAssets/Materials/M_BlackHole_OuterSmoke.uasset" 4485
"../../../../../DaleBruise_Repo/Unreal_Learning/Content/tharlevfx_tutorials/CharacterFX/ParagonSourceAssets/Materials/M_BlackHole_Pebbles.uasset" 4486
"../../../../../DaleBruise_Repo/Unreal_Learning/Content/tharlevfx_tutorials/CharacterFX/ParagonSourceAssets/Materials/M_BlackHole_Rim.uasset" 4487
"../../../../../DaleBruise_Repo/Unreal_Learning/Content/tharlevfx_tutorials/CharacterFX/ParagonSourceAssets/Materials/M_BlackHole_Sprite.uasset" 4488
"../../../../../DaleBruise_Repo/Unreal_Learning/Content/tharlevfx_tutorials/CharacterFX/ParagonSourceAssets/Materials/M_BlackHole_Vortex.uasset" 4489
"../../../../../DaleBruise_Repo/Unreal_Learning/Content/tharlevfx_tutorials/CharacterFX/ParagonSourceAssets/Materials/M_LensFlare_Particle_Pink_Flicker.uasset" 4490
"../../Plugins/FX/Niagara/Content/DynamicInputs/Add/Add_Vector.uasset" 4491
"../../Plugins/FX/Niagara/Content/DynamicInputs/Transforms/ConvertPositionToVector.uasset" 4492
"../../Plugins/FX/Niagara/Content/Modules/Spawn/Velocity/PointForce.uasset" 4493
"../../Plugins/FX/Niagara/Content/Modules/Update/Forces/VortexForce.uasset" 4494
"../../../../../DaleBruise_Repo/Unreal_Learning/Content/tharlevfx_tutorials/CharacterFX/ParagonSourceAssets/Meshes/SM_BigPortal_Torus.uasset" 4495
"../../../../../DaleBruise_Repo/Unreal_Learning/Content/tharlevfx_tutorials/CharacterFX/ParagonSourceAssets/Meshes/SM_Black_Hole_Main.uasset" 4496
"../../../../../DaleBruise_Repo/Unreal_Learning/Content/tharlevfx_tutorials/CharacterFX/ParagonSourceAssets/Meshes/SM_Black_Hole_Rim.uasset" 4497
"../../../../../DaleBruise_Repo/Unreal_Learning/Content/tharlevfx_tutorials/CharacterFX/ParagonSourceAssets/Meshes/SM_Black_Hole_Vortex.uasset" 4498
"../../Plugins/FX/Niagara/Content/Enums/Transforms/ENiagara_LWCConvertPosToVec.uasset" 4499
"../../../../../DaleBruise_Repo/Unreal_Learning/Content/SanderAudio/ConcurrencySettings/S_SoundConcurrency_PlayerVOFX.uasset" 4500
"../../../../../DaleBruise_Repo/Unreal_Learning/Content/tharlevfx_tutorials/CharacterFX/ParagonSourceAssets/Materials/Functions/FX_EmissiveModulate.uasset" 4501
"../../../../../DaleBruise_Repo/Unreal_Learning/Content/tharlevfx_tutorials/CharacterFX/ParagonSourceAssets/Textures/T_Refraction_Depression_N.uasset" 4502
"../../../../../DaleBruise_Repo/Unreal_Learning/Content/tharlevfx_tutorials/CharacterFX/ParagonSourceAssets/Materials/Functions/MF_FadeBasedOnViewAngle.uasset" 4503
"../../../../../DaleBruise_Repo/Unreal_Learning/Content/tharlevfx_tutorials/CharacterFX/ParagonSourceAssets/Textures/T_EnergyPlasma_Tile_H_01.uasset" 4504
"../../../../../DaleBruise_Repo/Unreal_Learning/Content/tharlevfx_tutorials/CharacterFX/ParagonSourceAssets/Materials/M_Portal_Open_Burst.uasset" 4505
"../../../../../DaleBruise_Repo/Unreal_Learning/Content/tharlevfx_tutorials/CharacterFX/ParagonSourceAssets/Materials/M_Portal_Space_Mini.uasset" 4506
"../../../../../DaleBruise_Repo/Unreal_Learning/Content/tharlevfx_tutorials/CharacterFX/ParagonSourceAssets/Meshes/SM_Impact_Warp.uasset" 4507
"../../../../../DaleBruise_Repo/Unreal_Learning/Content/tharlevfx_tutorials/CharacterFX/ParagonSourceAssets/Meshes/SM_Portal_Flat.uasset" 4508
"../../Plugins/Animation/ControlRig/Content/Controls/DefaultGizmoLibrary.uasset" 4509
"../../../../../DaleBruise_Repo/Unreal_Learning/Content/ControlRig/Characters/Mannequins/Rigs/Poses/Manny/Manny_calf_l_anim.uasset" 4510
"../../../../../DaleBruise_Repo/Unreal_Learning/Content/ControlRig/Characters/Mannequins/Rigs/Poses/Manny/Manny_calf_r_anim.uasset" 4511
"../../../../../DaleBruise_Repo/Unreal_Learning/Content/ControlRig/Characters/Mannequins/Rigs/Poses/Manny/Manny_clavicle_l_anim.uasset" 4512
"../../../../../DaleBruise_Repo/Unreal_Learning/Content/ControlRig/Characters/Mannequins/Rigs/Poses/Manny/Manny_clavicle_r_anim.uasset" 4513
"../../../../../DaleBruise_Repo/Unreal_Learning/Content/ControlRig/Characters/Mannequins/Rigs/Poses/Manny/Manny_foot_l_anim.uasset" 4514
"../../../../../DaleBruise_Repo/Unreal_Learning/Content/ControlRig/Characters/Mannequins/Rigs/Poses/Manny/Manny_foot_r_anim.uasset" 4515
"../../../../../DaleBruise_Repo/Unreal_Learning/Content/ControlRig/Characters/Mannequins/Rigs/Poses/Manny/Manny_hand_l_anim.uasset" 4516
"../../../../../DaleBruise_Repo/Unreal_Learning/Content/ControlRig/Characters/Mannequins/Rigs/Poses/Manny/Manny_hand_r_anim.uasset" 4517
"../../../../../DaleBruise_Repo/Unreal_Learning/Content/ControlRig/Characters/Mannequins/Rigs/Poses/Manny/Manny_lowerarm_l_anim.uasset" 4518
"../../../../../DaleBruise_Repo/Unreal_Learning/Content/ControlRig/Characters/Mannequins/Rigs/Poses/Manny/Manny_lowerarm_r_anim.uasset" 4519
"../../../../../DaleBruise_Repo/Unreal_Learning/Content/ControlRig/Characters/Mannequins/Rigs/Poses/Manny/Manny_thigh_l_anim.uasset" 4520
"../../../../../DaleBruise_Repo/Unreal_Learning/Content/ControlRig/Characters/Mannequins/Rigs/Poses/Manny/Manny_thigh_r_anim.uasset" 4521
"../../../../../DaleBruise_Repo/Unreal_Learning/Content/ControlRig/Characters/Mannequins/Rigs/Poses/Manny/Manny_upperarm_l_anim.uasset" 4522
"../../../../../DaleBruise_Repo/Unreal_Learning/Content/ControlRig/Characters/Mannequins/Rigs/Poses/Manny/Manny_upperarm_r_anim.uasset" 4523
"../../../../../DaleBruise_Repo/Unreal_Learning/Content/Characters/Mannequins/Textures/Shared/T_UE_Logo_M.uasset" 4524
"../../../../../DaleBruise_Repo/Unreal_Learning/Content/tharlevfx_tutorials/CharacterFX/ParagonSourceAssets/Textures/T_FireBall_07D_Depth.uasset" 4525
"../../../../../DaleBruise_Repo/Unreal_Learning/Content/tharlevfx_tutorials/CharacterFX/ParagonSourceAssets/Textures/T_FireBall_07D_N.uasset" 4526
"../../../../../DaleBruise_Repo/Unreal_Learning/Content/tharlevfx_tutorials/CharacterFX/ParagonSourceAssets/Textures/T_FlareWide_04.uasset" 4527
"../../../Engine/Content/Functions/Engine_MaterialFunctions01/ImageAdjustment/SCurve.uasset" 4528
"../../../Engine/Content/Functions/Engine_MaterialFunctions01/Texturing/TriplanarCameraVector.uasset" 4529
"../../../Engine/Content/MapTemplates/TilingNoise05.uasset" 4530
"../../../../../DaleBruise_Repo/Unreal_Learning/Content/tharlevfx_tutorials/CharacterFX/ParagonSourceAssets/Textures/T_Portal_Space_D.uasset" 4531
"../../../../../DaleBruise_Repo/Unreal_Learning/Content/tharlevfx_tutorials/CharacterFX/ParagonSourceAssets/Textures/T_Surface_Erosion_M.uasset" 4532
"../../../../../DaleBruise_Repo/Unreal_Learning/Content/tharlevfx_tutorials/CharacterFX/ParagonSourceAssets/Textures/T_Portal_Gradient_02_D.uasset" 4533
"../../../../../DaleBruise_Repo/Unreal_Learning/Content/tharlevfx_tutorials/CharacterFX/ParagonSourceAssets/Textures/T_Portal_Gradient_M.uasset" 4534
"../../../../../DaleBruise_Repo/Unreal_Learning/Content/tharlevfx_tutorials/CharacterFX/ParagonSourceAssets/Textures/T_Smooth_Gradient_Vertical_A.uasset" 4535
"../../../../../DaleBruise_Repo/Unreal_Learning/Content/tharlevfx_tutorials/CharacterFX/ParagonSourceAssets/Textures/T_TilingClouds_01_N.uasset" 4536
"../../../Engine/Content/Functions/Engine_MaterialFunctions02/Utility/Round.uasset" 4537
"../../../Engine/Content/Functions/Engine_MaterialFunctions02/Utility/Sign.uasset" 4538
"../../../../../DaleBruise_Repo/Unreal_Learning/Content/tharlevfx_tutorials/CharacterFX/ParagonSourceAssets/Materials/Functions/MF_RandomSubUV_GPUSprites.uasset" 4539
"../../../../../DaleBruise_Repo/Unreal_Learning/Content/tharlevfx_tutorials/CharacterFX/ParagonSourceAssets/Materials/OrionGlobalArtCollection.uasset" 4540
"../../../../../DaleBruise_Repo/Unreal_Learning/Content/tharlevfx_tutorials/CharacterFX/ParagonSourceAssets/Textures/T_Portal_SpaceMask_M.uasset" 4541
"../../../../../DaleBruise_Repo/Unreal_Learning/Content/tharlevfx_tutorials/CharacterFX/ParagonSourceAssets/Textures/T_Wind_Blur.uasset" 4542
"../../../../../DaleBruise_Repo/Unreal_Learning/Content/tharlevfx_tutorials/CharacterFX/ParagonSourceAssets/Materials/M_LensFlare_Particle_01.uasset" 4543
"../../Plugins/FX/Niagara/Content/Functions/RandomVector.uasset" 4544
"../../../Engine/Content/Functions/Engine_MaterialFunctions01/WorldPositionOffset/SimpleGrassWind.uasset" 4545
"../../../../../DaleBruise_Repo/Unreal_Learning/Content/tharlevfx_tutorials/CharacterFX/ParagonSourceAssets/Materials/M_LensFlare_Particle.uasset" 4546
"../../../../../DaleBruise_Repo/Unreal_Learning/Content/tharlevfx_tutorials/CharacterFX/ParagonSourceAssets/Textures/T_LDR_Flare01.uasset" 4547
"../../Plugins/FX/Niagara/Content/Functions/RandomUnitVector.uasset" 4548
"../../../../../DaleBruise_Repo/Unreal_Learning/Content/tharlevfx_tutorials/CharacterFX/ParagonSourceAssets/Materials/M_LensFlareMaster.uasset" 4549
"../../../Engine/Content/Functions/Engine_MaterialFunctions02/Texturing/CustomRotator.uasset" 4550
"../../../Engine/Content/Functions/Engine_MaterialFunctions02/TransformToClipSpace.uasset" 4551
"../../../Engine/Content/Functions/Engine_MaterialFunctions02/Utility/VectorToRadialValue.uasset" 4552
"../../../Engine/Content/Functions/Engine_MaterialFunctions02/WorldPositionOffset/ComponentPivotLocation.uasset" 4553
"../../../Engine/Content/Functions/Engine_MaterialFunctions02/WorldPositionOffset/Sprite.uasset" 4554
"../../../../../DaleBruise_Repo/Unreal_Learning/Content/tharlevfx_tutorials/CharacterFX/ParagonSourceAssets/Materials/LensFlare/MF_LensFlare.uasset" 4555
"../../../../../DaleBruise_Repo/Unreal_Learning/Content/tharlevfx_tutorials/CharacterFX/ParagonSourceAssets/Materials/LensFlare/MF_LensFlareClipSpaceTransform.uasset" 4556
"../../../../../DaleBruise_Repo/Unreal_Learning/Content/tharlevfx_tutorials/CharacterFX/ParagonSourceAssets/Materials/LensFlare/MF_LensFlareOcclusionSample.uasset" 4557
"../../../../../DaleBruise_Repo/Unreal_Learning/Content/tharlevfx_tutorials/CharacterFX/ParagonSourceAssets/Materials/LensFlare/MF_LensFlareOcclusionSample8.uasset" 4558
"/Game/__ExternalActors__/ActionRogueLike/Maps/Map1/4/1G/KGBE0SQ7KUGA5R47SED7R7" 4559
"../../../../../DaleBruise_Repo/Unreal_Learning/Content/__ExternalActors__/ActionRogueLike/Maps/Map1/4/1G/KGBE0SQ7KUGA5R47SED7R7.uasset" 4560
"/Game/__ExternalActors__/ActionRogueLike/Maps/Map1/8/OP/VEA6ZLM70EBL2T51GTS92C" 4561
"../../../../../DaleBruise_Repo/Unreal_Learning/Content/__ExternalActors__/ActionRogueLike/Maps/Map1/8/OP/VEA6ZLM70EBL2T51GTS92C.uasset" 4562
"/Game/__ExternalActors__/ActionRogueLike/Maps/Map1/D/OY/UCM6HOYYTNGDML94EULUUJ" 4563
"../../../../../DaleBruise_Repo/Unreal_Learning/Content/__ExternalActors__/ActionRogueLike/Maps/Map1/D/OY/UCM6HOYYTNGDML94EULUUJ.uasset" 4564
"/Game/__ExternalActors__/ActionRogueLike/Maps/Map1/E/13/0Q971YF0I71ZUZ54L152NR" 4565
"../../../../../DaleBruise_Repo/Unreal_Learning/Content/__ExternalActors__/ActionRogueLike/Maps/Map1/E/13/0Q971YF0I71ZUZ54L152NR.uasset" 4566
"/Game/__ExternalActors__/ActionRogueLike/Maps/Map1/4/FQ/0WQ0PSAQ2S5I4BF4J2UHAG" 4567
"../../../../../DaleBruise_Repo/Unreal_Learning/Content/__ExternalActors__/ActionRogueLike/Maps/Map1/4/FQ/0WQ0PSAQ2S5I4BF4J2UHAG.uasset" 4568
"/ControlRig/Controls/ControlRig_HalfCircle_solid" 4569
"/ControlRig/Controls/ControlRig_HalfCircle_3mm" 4570
"/ControlRig/Controls/ControlRig_HalfCircle_1mm" 4571
"/ControlRig/Controls/ControlRig_Diamond_solid" 4572
"/ControlRig/Controls/ControlRig_Diamond_3mm" 4573
"/ControlRig/Controls/ControlRig_Diamond_1mm" 4574
"/ControlRig/Controls/ControlRig_Circle_solid" 4575
"/ControlRig/Controls/ControlRig_Circle_3mm" 4576
"/ControlRig/Controls/ControlRig_Circle_1mm" 4577
"/ControlRig/Controls/ControlRig_Box_solid" 4578
"/ControlRig/Controls/ControlRig_Box_3mm" 4579
"/ControlRig/Controls/ControlRig_Box_1mm" 4580
"/ControlRig/Controls/ControlRig_Arrow_solid" 4581
"/ControlRig/Controls/ControlRig_Arrow_3mm" 4582
"/ControlRig/Controls/ControlRig_Arrow_1mm" 4583
"/ControlRig/Controls/ControlRig_Arrow4_solid" 4584
"/ControlRig/Controls/ControlRig_Arrow4_3mm" 4585
"/ControlRig/Controls/ControlRig_Arrow4_1mm" 4586
"/ControlRig/Controls/ControlRig_Arrow2_solid" 4587
"/ControlRig/Controls/ControlRig_Arrow2_3mm" 4588
"/ControlRig/Controls/ControlRig_Arrow2_1mm" 4589
"/ControlRig/Controls/ControlRig_Sphere_solid" 4590
"/InterchangeAssets/Functions/MX_OpenPBR_Opaque" 4591
"/Game/ActionRogueLike/BP_GameMode" 4592
"../../../Engine/Plugins/Animation/ControlRig/Content/Controls/ControlRig_Hexagon_1mm.uasset" 4593
"../../../Engine/Plugins/Animation/ControlRig/Content/Controls/ControlRig_Hexagon_3mm.uasset" 4594
"../../../Engine/Plugins/Animation/ControlRig/Content/Controls/ControlRig_Hexagon_solid.uasset" 4595
"../../../Engine/Plugins/Animation/ControlRig/Content/Controls/ControlRig_Octagon_1mm.uasset" 4596
"../../../Engine/Plugins/Animation/ControlRig/Content/Controls/ControlRig_Octagon_solid.uasset" 4597
"../../../Engine/Plugins/Animation/ControlRig/Content/Controls/ControlRig_Octagon_3mm.uasset" 4598
"../../../Engine/Plugins/Animation/ControlRig/Content/Controls/ControlRig_QuarterCircle_1mm.uasset" 4599
"../../../Engine/Plugins/Animation/ControlRig/Content/Controls/ControlRig_Pyramid_1mm.uasset" 4600
"../../../Engine/Plugins/Animation/ControlRig/Content/Controls/ControlRig_Pyramid_solid.uasset" 4601
"../../../Engine/Plugins/Animation/ControlRig/Content/Controls/ControlRig_QuarterCircle_solid.uasset" 4602
"../../../Engine/Plugins/Animation/ControlRig/Content/Controls/ControlRig_Pyramid_3mm.uasset" 4603
"../../../Engine/Plugins/Animation/ControlRig/Content/Controls/ControlRig_RoundedSquare_1mm.uasset" 4604
"../../../Engine/Plugins/Animation/ControlRig/Content/Controls/ControlRig_QuarterCircle_3mm.uasset" 4605
"../../../Engine/Plugins/Animation/ControlRig/Content/Controls/ControlRig_RoundedSquare_3mm.uasset" 4606
"../../../Engine/Plugins/Animation/ControlRig/Content/Controls/ControlRig_RoundedTriangle_solid.uasset" 4607
"../../../Engine/Plugins/Animation/ControlRig/Content/Controls/ControlRig_RoundedTriangle_1mm.uasset" 4608
"../../../Engine/Plugins/Animation/ControlRig/Content/Controls/ControlRig_RoundedTriangle_3mm.uasset" 4609
"../../../Engine/Plugins/Animation/ControlRig/Content/Controls/ControlRig_RoundedSquare_solid.uasset" 4610
"../../../Engine/Plugins/Animation/ControlRig/Content/Controls/ControlRig_Sphere_1mm.uasset" 4611
"../../../Engine/Plugins/Animation/ControlRig/Content/Controls/ControlRig_Square_1mm.uasset" 4612
"../../../Engine/Plugins/Animation/ControlRig/Content/Controls/ControlRig_Sphere_3mm.uasset" 4613
"../../../Engine/Plugins/Animation/ControlRig/Content/Controls/ControlRig_Square_3mm.uasset" 4614
"../../../Engine/Plugins/Animation/ControlRig/Content/Controls/ControlRig_Square_solid.uasset" 4615
"../../../Engine/Plugins/Animation/ControlRig/Content/Controls/ControlRig_Star4_1mm.uasset" 4616
"../../../Engine/Plugins/Animation/ControlRig/Content/Controls/ControlRig_Star4_solid.uasset" 4617
"../../../Engine/Plugins/Animation/ControlRig/Content/Controls/ControlRig_Star4_3mm.uasset" 4618
"../../../Engine/Plugins/Animation/ControlRig/Content/Controls/ControlRig_Triangle_3mm.uasset" 4619
"../../../Engine/Plugins/Animation/ControlRig/Content/Controls/ControlRig_Triangle_1mm.uasset" 4620
"../../../Engine/Plugins/Animation/ControlRig/Content/Controls/ControlRig_Triangle_solid.uasset" 4621
"../../../Engine/Plugins/Animation/ControlRig/Content/Controls/ControlRig_Wedge_1mm.uasset" 4622
"../../../Engine/Plugins/Animation/ControlRig/Content/Controls/ControlRig_Wedge_3mm.uasset" 4623
"../../../Engine/Plugins/Animation/ControlRig/Content/Controls/ControlRig_Wedge_solid.uasset" 4624
"/ControlRig/Controls/ControlRig_Wedge_solid" 4625
"/ControlRig/Controls/ControlRig_Wedge_3mm" 4626
"/ControlRig/Controls/ControlRig_Wedge_1mm" 4627
"/ControlRig/Controls/ControlRig_Triangle_solid" 4628
"/ControlRig/Controls/ControlRig_Triangle_3mm" 4629
"/ControlRig/Controls/ControlRig_Triangle_1mm" 4630
"/ControlRig/Controls/ControlRig_Star4_solid" 4631
"/ControlRig/Controls/ControlRig_Star4_3mm" 4632
"/ControlRig/Controls/ControlRig_Star4_1mm" 4633
"/ControlRig/Controls/ControlRig_Square_solid" 4634
"/ControlRig/Controls/ControlRig_Square_3mm" 4635
"/ControlRig/Controls/ControlRig_Square_1mm" 4636
"/ControlRig/Controls/ControlRig_Sphere_3mm" 4637
"/ControlRig/Controls/ControlRig_Sphere_1mm" 4638
"/ControlRig/Controls/ControlRig_RoundedTriangle_solid" 4639
"/ControlRig/Controls/ControlRig_RoundedTriangle_3mm" 4640
"/ControlRig/Controls/ControlRig_RoundedTriangle_1mm" 4641
"/ControlRig/Controls/ControlRig_RoundedSquare_solid" 4642
"/ControlRig/Controls/ControlRig_RoundedSquare_3mm" 4643
"/ControlRig/Controls/ControlRig_RoundedSquare_1mm" 4644
"/ControlRig/Controls/ControlRig_QuarterCircle_solid" 4645
"/ControlRig/Controls/ControlRig_QuarterCircle_3mm" 4646
"/ControlRig/Controls/ControlRig_QuarterCircle_1mm" 4647
"/ControlRig/Controls/ControlRig_Pyramid_solid" 4648
"/ControlRig/Controls/ControlRig_Pyramid_3mm" 4649
"/ControlRig/Controls/ControlRig_Pyramid_1mm" 4650
"/ControlRig/Controls/ControlRig_Octagon_solid" 4651
"/ControlRig/Controls/ControlRig_Octagon_3mm" 4652
"/ControlRig/Controls/ControlRig_Octagon_1mm" 4653
"/ControlRig/Controls/ControlRig_Hexagon_solid" 4654
"/ControlRig/Controls/ControlRig_Hexagon_3mm" 4655
"/ControlRig/Controls/ControlRig_Hexagon_1mm" 4656
"../../../Engine/Content/Maps/Entry.umap" 4657
"../../../Engine/Content/Maps/Entry_BuiltData.uasset" 4658
"../../Plugins/Animation/ControlRig/Content/Controls/ControlRig_HalfCircle_3mm.uasset" 4659
"../../Plugins/Animation/ControlRig/Content/Controls/ControlRig_HalfCircle_solid.uasset" 4660
"../../Plugins/Animation/ControlRig/Content/Controls/ControlRig_HalfCircle_1mm.uasset" 4661
"../../Plugins/Animation/ControlRig/Content/Controls/ControlRig_Diamond_solid.uasset" 4662
"/Engine/Maps/Entry" 4663
"../../Plugins/Animation/ControlRig/Content/Controls/ControlRig_Circle_solid.uasset" 4664
"../../Plugins/Animation/ControlRig/Content/Controls/ControlRig_Diamond_1mm.uasset" 4665
"../../Plugins/Animation/ControlRig/Content/Controls/ControlRig_Diamond_3mm.uasset" 4666
"../../Plugins/Animation/ControlRig/Content/Controls/ControlRig_Circle_3mm.uasset" 4667
"../../Plugins/Animation/ControlRig/Content/Controls/ControlRig_Circle_1mm.uasset" 4668
"../../Plugins/Animation/ControlRig/Content/Controls/ControlRig_Box_solid.uasset" 4669
"../../Plugins/Animation/ControlRig/Content/Controls/ControlRig_Box_3mm.uasset" 4670
"../../Plugins/Animation/ControlRig/Content/Controls/ControlRig_Arrow_solid.uasset" 4671
"../../Plugins/Animation/ControlRig/Content/Controls/ControlRig_Arrow_3mm.uasset" 4672
"../../Plugins/Animation/ControlRig/Content/Controls/ControlRig_Box_1mm.uasset" 4673
"../../Plugins/Animation/ControlRig/Content/Controls/ControlRig_Arrow_1mm.uasset" 4674
"../../Plugins/Animation/ControlRig/Content/Controls/ControlRig_Arrow4_3mm.uasset" 4675
"../../Plugins/Animation/ControlRig/Content/Controls/ControlRig_Arrow4_solid.uasset" 4676
"../../Plugins/Animation/ControlRig/Content/Controls/ControlRig_Arrow4_1mm.uasset" 4677
"../../Plugins/Animation/ControlRig/Content/Controls/ControlRig_Arrow2_solid.uasset" 4678
"../../Plugins/Animation/ControlRig/Content/Controls/ControlRig_Arrow2_3mm.uasset" 4679
"../../Plugins/Animation/ControlRig/Content/Controls/ControlRig_Arrow2_1mm.uasset" 4680
"../../Plugins/Animation/ControlRig/Content/Controls/ControlRig_Sphere_solid.uasset" 4681
"../../Plugins/Animation/ControlRig/Content/Controls/ControlRig_Wedge_solid.uasset" 4682
"../../Plugins/Animation/ControlRig/Content/Controls/ControlRig_Wedge_3mm.uasset" 4683
"../../Plugins/Animation/ControlRig/Content/Controls/ControlRig_Wedge_1mm.uasset" 4684
"../../Plugins/Animation/ControlRig/Content/Controls/ControlRig_Triangle_solid.uasset" 4685
"../../Plugins/Animation/ControlRig/Content/Controls/ControlRig_Triangle_3mm.uasset" 4686
"../../Plugins/Animation/ControlRig/Content/Controls/ControlRig_Triangle_1mm.uasset" 4687
"../../Plugins/Animation/ControlRig/Content/Controls/ControlRig_Star4_solid.uasset" 4688
"../../Plugins/Animation/ControlRig/Content/Controls/ControlRig_Star4_3mm.uasset" 4689
"../../Plugins/Animation/ControlRig/Content/Controls/ControlRig_Star4_1mm.uasset" 4690
"../../Plugins/Animation/ControlRig/Content/Controls/ControlRig_Square_solid.uasset" 4691
"../../Plugins/Animation/ControlRig/Content/Controls/ControlRig_Square_3mm.uasset" 4692
"../../Plugins/Animation/ControlRig/Content/Controls/ControlRig_Square_1mm.uasset" 4693
"../../Plugins/Animation/ControlRig/Content/Controls/ControlRig_Sphere_3mm.uasset" 4694
"../../Plugins/Animation/ControlRig/Content/Controls/ControlRig_Sphere_1mm.uasset" 4695
"../../Plugins/Animation/ControlRig/Content/Controls/ControlRig_RoundedTriangle_solid.uasset" 4696
"../../Plugins/Animation/ControlRig/Content/Controls/ControlRig_RoundedTriangle_3mm.uasset" 4697
"../../Plugins/Animation/ControlRig/Content/Controls/ControlRig_RoundedTriangle_1mm.uasset" 4698
"../../Plugins/Animation/ControlRig/Content/Controls/ControlRig_RoundedSquare_solid.uasset" 4699
"../../Plugins/Animation/ControlRig/Content/Controls/ControlRig_RoundedSquare_3mm.uasset" 4700
"../../Plugins/Animation/ControlRig/Content/Controls/ControlRig_RoundedSquare_1mm.uasset" 4701
"../../Plugins/Animation/ControlRig/Content/Controls/ControlRig_QuarterCircle_solid.uasset" 4702
"../../Plugins/Animation/ControlRig/Content/Controls/ControlRig_QuarterCircle_3mm.uasset" 4703
"../../Plugins/Animation/ControlRig/Content/Controls/ControlRig_QuarterCircle_1mm.uasset" 4704
"../../Plugins/Animation/ControlRig/Content/Controls/ControlRig_Pyramid_solid.uasset" 4705
"../../Plugins/Animation/ControlRig/Content/Controls/ControlRig_Pyramid_3mm.uasset" 4706
"../../Plugins/Animation/ControlRig/Content/Controls/ControlRig_Pyramid_1mm.uasset" 4707
"../../Plugins/Animation/ControlRig/Content/Controls/ControlRig_Octagon_solid.uasset" 4708
"../../Plugins/Animation/ControlRig/Content/Controls/ControlRig_Octagon_3mm.uasset" 4709
"../../Plugins/Animation/ControlRig/Content/Controls/ControlRig_Octagon_1mm.uasset" 4710
"../../Plugins/Animation/ControlRig/Content/Controls/ControlRig_Hexagon_solid.uasset" 4711
"../../Plugins/Animation/ControlRig/Content/Controls/ControlRig_Hexagon_3mm.uasset" 4712
"../../Plugins/Animation/ControlRig/Content/Controls/ControlRig_Hexagon_1mm.uasset" 4713
"../../../Engine/Content/EditorMaterials/PreviewShadowIndicator.uasset" 4714
"../../../Engine/Content/EditorMaterials/PreviewShadowIndicatorMaterial.uasset" 4715
"../../../Engine/Content/EngineMaterials/Substrate/GLints/dict_16_192_64_0p5_0p02_0000_0000.uasset" 4716
"../../../Engine/Content/EngineMaterials/Substrate/GLints/dict_16_192_64_0p5_0p02_0000_0001.uasset" 4717
"../../../Engine/Content/EngineMaterials/Substrate/GLints/dict_16_192_64_0p5_0p02_0000_0005.uasset" 4718
"../../../Engine/Content/EngineMaterials/Substrate/GLints/dict_16_192_64_0p5_0p02_0000_0004.uasset" 4719
"../../../Engine/Content/EngineMaterials/Substrate/GLints/dict_16_192_64_0p5_0p02_0000_0006.uasset" 4720
"../../../Engine/Content/EngineMaterials/Substrate/GLints/dict_16_192_64_0p5_0p02_0000_0007.uasset" 4721
"../../../Engine/Content/EngineMaterials/Substrate/GLints/dict_16_192_64_0p5_0p02_0000_0008.uasset" 4722
"../../../Engine/Content/EngineMaterials/Substrate/GLints/dict_16_192_64_0p5_0p02_0000_0009.uasset" 4723
"../../../Engine/Content/EngineMaterials/Substrate/GLints/dict_16_192_64_0p5_0p02_0000_0011.uasset" 4724
"../../../Engine/Content/EngineMaterials/Substrate/GLints/dict_16_192_64_0p5_0p02_0000_0010.uasset" 4725
"../../../Engine/Content/EngineMaterials/Substrate/GLints/dict_16_192_64_0p5_0p02_0000_0012.uasset" 4726
"../../../Engine/Content/EngineMaterials/Substrate/GLints/dict_16_192_64_0p5_0p02_0001_0000.uasset" 4727
"../../../Engine/Content/EngineMaterials/Substrate/GLints/dict_16_192_64_0p5_0p02_0001_0001.uasset" 4728
"../../../Engine/Content/EngineMaterials/Substrate/GLints/dict_16_192_64_0p5_0p02_0000_0002.uasset" 4729
"../../../Engine/Content/EngineMaterials/Substrate/GLints/dict_16_192_64_0p5_0p02_0000_0014.uasset" 4730
"../../../Engine/Content/EngineMaterials/Substrate/GLints/dict_16_192_64_0p5_0p02_0001_0002.uasset" 4731
"../../../Engine/Content/EngineMaterials/Substrate/GLints/dict_16_192_64_0p5_0p02_0001_0004.uasset" 4732
"../../../Engine/Content/EngineMaterials/Substrate/GLints/dict_16_192_64_0p5_0p02_0001_0003.uasset" 4733
"../../../Engine/Content/EngineMaterials/Substrate/GLints/dict_16_192_64_0p5_0p02_0000_0013.uasset" 4734
"../../../Engine/Content/EngineMaterials/Substrate/GLints/dict_16_192_64_0p5_0p02_0001_0005.uasset" 4735
"../../../Engine/Content/EngineMaterials/Substrate/GLints/dict_16_192_64_0p5_0p02_0001_0006.uasset" 4736
"../../../Engine/Content/EngineMaterials/Substrate/GLints/dict_16_192_64_0p5_0p02_0001_0010.uasset" 4737
"../../../Engine/Content/EngineMaterials/Substrate/GLints/dict_16_192_64_0p5_0p02_0001_0011.uasset" 4738
"../../../Engine/Content/EngineMaterials/Substrate/GLints/dict_16_192_64_0p5_0p02_0000_0003.uasset" 4739
"../../../Engine/Content/EngineMaterials/Substrate/GLints/dict_16_192_64_0p5_0p02_0001_0009.uasset" 4740
"../../../Engine/Content/EngineMaterials/Substrate/GLints/dict_16_192_64_0p5_0p02_0000_0015.uasset" 4741
"../../../Engine/Content/EngineMaterials/Substrate/GLints/dict_16_192_64_0p5_0p02_0001_0012.uasset" 4742
"../../../Engine/Content/EngineMaterials/Substrate/GLints/dict_16_192_64_0p5_0p02_0001_0007.uasset" 4743
"../../../Engine/Content/EngineMaterials/Substrate/GLints/dict_16_192_64_0p5_0p02_0001_0013.uasset" 4744
"../../../Engine/Content/EngineMaterials/Substrate/GLints/dict_16_192_64_0p5_0p02_0001_0008.uasset" 4745
"/Engine/EngineMaterials/Substrate/GLints/dict_16_192_64_0p5_0p02_0001_0013" 4746
"/Engine/EngineMaterials/Substrate/GLints/dict_16_192_64_0p5_0p02_0001_0012" 4747
"/Engine/EngineMaterials/Substrate/GLints/dict_16_192_64_0p5_0p02_0001_0011" 4748
"/Engine/EngineMaterials/Substrate/GLints/dict_16_192_64_0p5_0p02_0001_0010" 4749
"/Engine/EngineMaterials/Substrate/GLints/dict_16_192_64_0p5_0p02_0001_0009" 4750
"/Engine/EngineMaterials/Substrate/GLints/dict_16_192_64_0p5_0p02_0001_0008" 4751
"/Engine/EngineMaterials/Substrate/GLints/dict_16_192_64_0p5_0p02_0001_0007" 4752
"/Engine/EngineMaterials/Substrate/GLints/dict_16_192_64_0p5_0p02_0001_0006" 4753
"/Engine/EngineMaterials/Substrate/GLints/dict_16_192_64_0p5_0p02_0001_0005" 4754
"/Engine/EngineMaterials/Substrate/GLints/dict_16_192_64_0p5_0p02_0001_0004" 4755
"/Engine/EngineMaterials/Substrate/GLints/dict_16_192_64_0p5_0p02_0001_0003" 4756
"/Engine/EngineMaterials/Substrate/GLints/dict_16_192_64_0p5_0p02_0001_0002" 4757
"/Engine/EngineMaterials/Substrate/GLints/dict_16_192_64_0p5_0p02_0001_0001" 4758
"/Engine/EngineMaterials/Substrate/GLints/dict_16_192_64_0p5_0p02_0001_0000" 4759
"/Engine/EngineMaterials/Substrate/GLints/dict_16_192_64_0p5_0p02_0000_0015" 4760
"/Engine/EngineMaterials/Substrate/GLints/dict_16_192_64_0p5_0p02_0000_0014" 4761
"/Engine/EngineMaterials/Substrate/GLints/dict_16_192_64_0p5_0p02_0000_0013" 4762
"/Engine/EngineMaterials/Substrate/GLints/dict_16_192_64_0p5_0p02_0000_0012" 4763
"/Engine/EngineMaterials/Substrate/GLints/dict_16_192_64_0p5_0p02_0000_0011" 4764
"/Engine/EngineMaterials/Substrate/GLints/dict_16_192_64_0p5_0p02_0000_0010" 4765
"/Engine/EngineMaterials/Substrate/GLints/dict_16_192_64_0p5_0p02_0000_0009" 4766
"/Engine/EngineMaterials/Substrate/GLints/dict_16_192_64_0p5_0p02_0000_0008" 4767
"/Engine/EngineMaterials/Substrate/GLints/dict_16_192_64_0p5_0p02_0000_0007" 4768
"/Engine/EngineMaterials/Substrate/GLints/dict_16_192_64_0p5_0p02_0000_0006" 4769
"/Engine/EngineMaterials/Substrate/GLints/dict_16_192_64_0p5_0p02_0000_0005" 4770
"/Engine/EngineMaterials/Substrate/GLints/dict_16_192_64_0p5_0p02_0000_0004" 4771
"/Engine/EngineMaterials/Substrate/GLints/dict_16_192_64_0p5_0p02_0000_0003" 4772
"/Engine/EngineMaterials/Substrate/GLints/dict_16_192_64_0p5_0p02_0000_0002" 4773
"/Engine/EngineMaterials/Substrate/GLints/dict_16_192_64_0p5_0p02_0000_0001" 4774
"/Engine/EngineMaterials/Substrate/GLints/dict_16_192_64_0p5_0p02_0000_0000" 4775
"/Engine/EditorMaterials/PreviewShadowIndicatorMaterial" 4776
"../../../Engine/Plugins/Animation/DeformerGraph/Shaders/Private/DataInterfaceCustomComputeKernel.ush" 4777
"../../../Engine/Plugins/Animation/DeformerGraph/Shaders/Private/DataInterfaceCloth.ush" 4778
"../../../Engine/Plugins/Animation/DeformerGraph/Shaders/Private/DataInterfaceSkinnedMeshRead.ush" 4779
"../../../Engine/Plugins/Animation/DeformerGraph/Shaders/Private/DataInterfaceSkeleton.ush" 4780
"../../../Engine/Plugins/Animation/DeformerGraph/Shaders/Private/DataInterfaceSkeletonCommon.ush" 4781
"../../../Engine/Plugins/Animation/DeformerGraph/Shaders/Private/DataInterfaceMorphTarget.ush" 4782
"../../../Engine/Plugins/Animation/DeformerGraph/Shaders/Private/DataInterfaceSkinnedMeshWrite.ush" 4783
"../../../Engine/Content/EngineMaterials/Substrate/GLints/dict_16_192_64_0p5_0p02_0001_0014.uasset" 4784
"../../../Engine/Content/EngineMaterials/Substrate/GLints/dict_16_192_64_0p5_0p02_0002_0001.uasset" 4785
"../../../Engine/Content/EngineMaterials/Substrate/GLints/dict_16_192_64_0p5_0p02_0002_0003.uasset" 4786
"../../../Engine/Content/EngineMaterials/Substrate/GLints/dict_16_192_64_0p5_0p02_0002_0005.uasset" 4787
"../../../Engine/Content/EngineMaterials/Substrate/GLints/dict_16_192_64_0p5_0p02_0001_0015.uasset" 4788
"../../../Engine/Content/EngineMaterials/Substrate/GLints/dict_16_192_64_0p5_0p02_0002_0000.uasset" 4789
"../../../Engine/Content/EngineMaterials/Substrate/GLints/dict_16_192_64_0p5_0p02_0002_0002.uasset" 4790
"../../../Engine/Content/EngineMaterials/Substrate/GLints/dict_16_192_64_0p5_0p02_0002_0008.uasset" 4791
"../../../Engine/Content/EngineMaterials/Substrate/GLints/dict_16_192_64_0p5_0p02_0002_0004.uasset" 4792
"../../../Engine/Content/EngineMaterials/Substrate/GLints/dict_16_192_64_0p5_0p02_0002_0009.uasset" 4793
"../../../Engine/Content/EngineMaterials/Substrate/GLints/dict_16_192_64_0p5_0p02_0002_0007.uasset" 4794
"../../../Engine/Content/EngineMaterials/Substrate/GLints/dict_16_192_64_0p5_0p02_0002_0010.uasset" 4795
"../../../Engine/Content/EngineMaterials/Substrate/GLints/dict_16_192_64_0p5_0p02_0002_0014.uasset" 4796
"../../../Engine/Content/EngineMaterials/Substrate/GLints/dict_16_192_64_0p5_0p02_0002_0015.uasset" 4797
"../../../Engine/Content/EngineMaterials/Substrate/GLints/dict_16_192_64_0p5_0p02_0002_0006.uasset" 4798
"../../../Engine/Content/EngineMaterials/Substrate/GLints/dict_16_192_64_0p5_0p02_0002_0012.uasset" 4799
"../../../Engine/Content/EngineMaterials/Substrate/GLints/dict_16_192_64_0p5_0p02_0003_0000.uasset" 4800
"../../../Engine/Content/EngineMaterials/Substrate/GLints/dict_16_192_64_0p5_0p02_0003_0003.uasset" 4801
"../../../Engine/Content/EngineMaterials/Substrate/GLints/dict_16_192_64_0p5_0p02_0002_0013.uasset" 4802
"../../../Engine/Content/EngineMaterials/Substrate/GLints/dict_16_192_64_0p5_0p02_0002_0011.uasset" 4803
"../../../Engine/Content/EngineMaterials/Substrate/GLints/dict_16_192_64_0p5_0p02_0003_0004.uasset" 4804
"../../../Engine/Content/EngineMaterials/Substrate/GLints/dict_16_192_64_0p5_0p02_0003_0005.uasset" 4805
"../../../Engine/Content/EngineMaterials/Substrate/GLints/dict_16_192_64_0p5_0p02_0003_0001.uasset" 4806
"../../../Engine/Content/EngineMaterials/Substrate/GLints/dict_16_192_64_0p5_0p02_0003_0002.uasset" 4807
"../../../Engine/Content/EngineMaterials/Substrate/GLints/dict_16_192_64_0p5_0p02_0003_0010.uasset" 4808
"../../../Engine/Content/EngineMaterials/Substrate/GLints/dict_16_192_64_0p5_0p02_0003_0007.uasset" 4809
"../../../Engine/Content/EngineMaterials/Substrate/GLints/dict_16_192_64_0p5_0p02_0003_0008.uasset" 4810
"../../../Engine/Content/EngineMaterials/Substrate/GLints/dict_16_192_64_0p5_0p02_0003_0011.uasset" 4811
"../../../Engine/Content/EngineMaterials/Substrate/GLints/dict_16_192_64_0p5_0p02_0003_0009.uasset" 4812
"../../../Engine/Content/EngineMaterials/Substrate/GLints/dict_16_192_64_0p5_0p02_0003_0012.uasset" 4813
"../../../Engine/Content/EngineMaterials/Substrate/GLints/dict_16_192_64_0p5_0p02_0003_0006.uasset" 4814
"../../../Engine/Content/EngineMaterials/Substrate/GLints/dict_16_192_64_0p5_0p02_0003_0013.uasset" 4815
"../../../Engine/Plugins/Animation/DeformerGraph/Shaders/Private/DataInterfaceRawBuffer.ush" 4816
"../../../Engine/Plugins/Runtime/ComputeFramework/Shaders/Private/BufferAlias.ush" 4817
"../../../Engine/Plugins/Animation/DeformerGraph/Shaders/Private/DataInterfaceSkinnedMesh.ush" 4818
"../../../Engine/Plugins/Animation/DeformerGraph/Shaders/Private/DataInterfaceHalfEdge.ush" 4819
"/Engine/EngineMaterials/Substrate/GLints/dict_16_192_64_0p5_0p02_0003_0013" 4820
"/Engine/EngineMaterials/Substrate/GLints/dict_16_192_64_0p5_0p02_0003_0012" 4821
"/Engine/EngineMaterials/Substrate/GLints/dict_16_192_64_0p5_0p02_0003_0011" 4822
"/Engine/EngineMaterials/Substrate/GLints/dict_16_192_64_0p5_0p02_0003_0010" 4823
"/Engine/EngineMaterials/Substrate/GLints/dict_16_192_64_0p5_0p02_0003_0009" 4824
"/Engine/EngineMaterials/Substrate/GLints/dict_16_192_64_0p5_0p02_0003_0008" 4825
"/Engine/EngineMaterials/Substrate/GLints/dict_16_192_64_0p5_0p02_0003_0007" 4826
"/Engine/EngineMaterials/Substrate/GLints/dict_16_192_64_0p5_0p02_0003_0006" 4827
"/Engine/EngineMaterials/Substrate/GLints/dict_16_192_64_0p5_0p02_0003_0005" 4828
"/Engine/EngineMaterials/Substrate/GLints/dict_16_192_64_0p5_0p02_0003_0004" 4829
"/Engine/EngineMaterials/Substrate/GLints/dict_16_192_64_0p5_0p02_0003_0003" 4830
"/Engine/EngineMaterials/Substrate/GLints/dict_16_192_64_0p5_0p02_0003_0002" 4831
"/Engine/EngineMaterials/Substrate/GLints/dict_16_192_64_0p5_0p02_0003_0001" 4832
"/Engine/EngineMaterials/Substrate/GLints/dict_16_192_64_0p5_0p02_0003_0000" 4833
"/Engine/EngineMaterials/Substrate/GLints/dict_16_192_64_0p5_0p02_0002_0015" 4834
"/Engine/EngineMaterials/Substrate/GLints/dict_16_192_64_0p5_0p02_0002_0014" 4835
"/Engine/EngineMaterials/Substrate/GLints/dict_16_192_64_0p5_0p02_0002_0013" 4836
"/Engine/EngineMaterials/Substrate/GLints/dict_16_192_64_0p5_0p02_0002_0012" 4837
"/Engine/EngineMaterials/Substrate/GLints/dict_16_192_64_0p5_0p02_0002_0011" 4838
"/Engine/EngineMaterials/Substrate/GLints/dict_16_192_64_0p5_0p02_0002_0010" 4839
"/Engine/EngineMaterials/Substrate/GLints/dict_16_192_64_0p5_0p02_0002_0009" 4840
"/Engine/EngineMaterials/Substrate/GLints/dict_16_192_64_0p5_0p02_0002_0008" 4841
"/Engine/EngineMaterials/Substrate/GLints/dict_16_192_64_0p5_0p02_0002_0007" 4842
"/Engine/EngineMaterials/Substrate/GLints/dict_16_192_64_0p5_0p02_0002_0006" 4843
"/Engine/EngineMaterials/Substrate/GLints/dict_16_192_64_0p5_0p02_0002_0005" 4844
"/Engine/EngineMaterials/Substrate/GLints/dict_16_192_64_0p5_0p02_0002_0004" 4845
"/Engine/EngineMaterials/Substrate/GLints/dict_16_192_64_0p5_0p02_0002_0003" 4846
"/Engine/EngineMaterials/Substrate/GLints/dict_16_192_64_0p5_0p02_0002_0002" 4847
"/Engine/EngineMaterials/Substrate/GLints/dict_16_192_64_0p5_0p02_0002_0001" 4848
"/Engine/EngineMaterials/Substrate/GLints/dict_16_192_64_0p5_0p02_0002_0000" 4849
"/Engine/EngineMaterials/Substrate/GLints/dict_16_192_64_0p5_0p02_0001_0015" 4850
"/Engine/EngineMaterials/Substrate/GLints/dict_16_192_64_0p5_0p02_0001_0014" 4851
"../../../Engine/Content/EngineMaterials/Substrate/GLints/dict_16_192_64_0p5_0p02_0003_0014.uasset" 4852
"../../../Engine/Content/EngineMaterials/Substrate/GLints/dict_16_192_64_0p5_0p02_0004_0000.uasset" 4853
"../../../Engine/Content/EngineMaterials/Substrate/GLints/dict_16_192_64_0p5_0p02_0003_0015.uasset" 4854
"/Engine/EngineMaterials/Substrate/GLints/dict_16_192_64_0p5_0p02_0004_0000" 4855
"/Engine/EngineMaterials/Substrate/GLints/dict_16_192_64_0p5_0p02_0003_0014" 4856
"/Engine/EngineMaterials/Substrate/GLints/dict_16_192_64_0p5_0p02_0003_0015" 4857
"../../../Engine/Content/EngineMaterials/Substrate/GLints/dict_16_192_64_0p5_0p02_0004_0002.uasset" 4858
"../../../Engine/Content/EngineMaterials/Substrate/GLints/dict_16_192_64_0p5_0p02_0004_0003.uasset" 4859
"../../../Engine/Content/EngineMaterials/Substrate/GLints/dict_16_192_64_0p5_0p02_0004_0005.uasset" 4860
"../../../Engine/Content/EngineMaterials/Substrate/GLints/dict_16_192_64_0p5_0p02_0004_0001.uasset" 4861
"../../../Engine/Content/EngineMaterials/Substrate/GLints/dict_16_192_64_0p5_0p02_0004_0007.uasset" 4862
"../../../Engine/Content/EngineMaterials/Substrate/GLints/dict_16_192_64_0p5_0p02_0004_0009.uasset" 4863
"../../../Engine/Content/EngineMaterials/Substrate/GLints/dict_16_192_64_0p5_0p02_0004_0008.uasset" 4864
"../../../Engine/Content/EngineMaterials/Substrate/GLints/dict_16_192_64_0p5_0p02_0004_0010.uasset" 4865
"../../../Engine/Content/EngineMaterials/Substrate/GLints/dict_16_192_64_0p5_0p02_0004_0012.uasset" 4866
"../../../Engine/Content/EngineMaterials/Substrate/GLints/dict_16_192_64_0p5_0p02_0004_0004.uasset" 4867
"../../../Engine/Content/EngineMaterials/Substrate/GLints/dict_16_192_64_0p5_0p02_0004_0006.uasset" 4868
"../../../Engine/Content/EngineMaterials/Substrate/GLints/dict_16_192_64_0p5_0p02_0004_0014.uasset" 4869
"../../../Engine/Content/EngineMaterials/Substrate/GLints/dict_16_192_64_0p5_0p02_0004_0015.uasset" 4870
"../../../Engine/Content/EngineMaterials/Substrate/GLints/dict_16_192_64_0p5_0p02_0004_0013.uasset" 4871
"../../../Engine/Content/EngineMaterials/Substrate/GLints/dict_16_192_64_0p5_0p02_0004_0011.uasset" 4872
"/Engine/EngineMaterials/Substrate/GLints/dict_16_192_64_0p5_0p02_0004_0015" 4873
"/Engine/EngineMaterials/Substrate/GLints/dict_16_192_64_0p5_0p02_0004_0014" 4874
"/Engine/EngineMaterials/Substrate/GLints/dict_16_192_64_0p5_0p02_0004_0013" 4875
"/Engine/EngineMaterials/Substrate/GLints/dict_16_192_64_0p5_0p02_0004_0012" 4876
"/Engine/EngineMaterials/Substrate/GLints/dict_16_192_64_0p5_0p02_0004_0011" 4877
"../../../Engine/Content/EngineMaterials/Substrate/GLints/dict_16_192_64_0p5_0p02_0005_0002.uasset" 4878
"../../../Engine/Content/EngineMaterials/Substrate/GLints/dict_16_192_64_0p5_0p02_0005_0001.uasset" 4879
"/Engine/EngineMaterials/Substrate/GLints/dict_16_192_64_0p5_0p02_0004_0010" 4880
"/Engine/EngineMaterials/Substrate/GLints/dict_16_192_64_0p5_0p02_0004_0009" 4881
"/Engine/EngineMaterials/Substrate/GLints/dict_16_192_64_0p5_0p02_0004_0008" 4882
"../../../Engine/Content/EngineMaterials/Substrate/GLints/dict_16_192_64_0p5_0p02_0005_0000.uasset" 4883
"/Engine/EngineMaterials/Substrate/GLints/dict_16_192_64_0p5_0p02_0004_0007" 4884
"/Engine/EngineMaterials/Substrate/GLints/dict_16_192_64_0p5_0p02_0004_0006" 4885
"/Engine/EngineMaterials/Substrate/GLints/dict_16_192_64_0p5_0p02_0004_0005" 4886
"/Engine/EngineMaterials/Substrate/GLints/dict_16_192_64_0p5_0p02_0004_0004" 4887
"/Engine/EngineMaterials/Substrate/GLints/dict_16_192_64_0p5_0p02_0004_0003" 4888
"/Engine/EngineMaterials/Substrate/GLints/dict_16_192_64_0p5_0p02_0004_0002" 4889
"/Engine/EngineMaterials/Substrate/GLints/dict_16_192_64_0p5_0p02_0004_0001" 4890
"/Engine/EngineMaterials/Substrate/GLints/dict_16_192_64_0p5_0p02_0005_0002" 4891
"/Engine/EngineMaterials/Substrate/GLints/dict_16_192_64_0p5_0p02_0005_0001" 4892
"../../../Engine/Content/EngineMaterials/Substrate/GLints/dict_16_192_64_0p5_0p02_0005_0003.uasset" 4893
"../../../Engine/Content/EngineMaterials/Substrate/GLints/dict_16_192_64_0p5_0p02_0005_0007.uasset" 4894
"/Engine/EngineMaterials/Substrate/GLints/dict_16_192_64_0p5_0p02_0005_0000" 4895
"../../../Engine/Content/EngineMaterials/Substrate/GLints/dict_16_192_64_0p5_0p02_0005_0006.uasset" 4896
"../../../Engine/Content/EngineMaterials/Substrate/GLints/dict_16_192_64_0p5_0p02_0005_0005.uasset" 4897
"/Engine/EngineMaterials/Substrate/GLints/dict_16_192_64_0p5_0p02_0005_0007" 4898
"/Engine/EngineMaterials/Substrate/GLints/dict_16_192_64_0p5_0p02_0005_0006" 4899
"../../../Engine/Content/EngineMaterials/Substrate/GLints/dict_16_192_64_0p5_0p02_0005_0004.uasset" 4900
"/Engine/EngineMaterials/Substrate/GLints/dict_16_192_64_0p5_0p02_0005_0005" 4901
"/Engine/EngineMaterials/Substrate/GLints/dict_16_192_64_0p5_0p02_0005_0003" 4902
"/Engine/EngineMaterials/Substrate/GLints/dict_16_192_64_0p5_0p02_0005_0004" 4903
"../../../Engine/Content/EngineMaterials/Substrate/GLints/dict_16_192_64_0p5_0p02_0005_0009.uasset" 4904
"../../../Engine/Content/EngineMaterials/Substrate/GLints/dict_16_192_64_0p5_0p02_0005_0011.uasset" 4905
"../../../Engine/Content/EngineMaterials/Substrate/GLints/dict_16_192_64_0p5_0p02_0005_0010.uasset" 4906
"/Engine/EngineMaterials/Substrate/GLints/dict_16_192_64_0p5_0p02_0005_0011" 4907
"../../../Engine/Content/EngineMaterials/Substrate/GLints/dict_16_192_64_0p5_0p02_0005_0015.uasset" 4908
"../../../Engine/Content/EngineMaterials/Substrate/GLints/dict_16_192_64_0p5_0p02_0005_0014.uasset" 4909
"../../../Engine/Content/EngineMaterials/Substrate/GLints/dict_16_192_64_0p5_0p02_0005_0013.uasset" 4910
"../../../Engine/Content/EngineMaterials/Substrate/GLints/dict_16_192_64_0p5_0p02_0006_0000.uasset" 4911
"/Engine/EngineMaterials/Substrate/GLints/dict_16_192_64_0p5_0p02_0005_0010" 4912
"/Engine/EngineMaterials/Substrate/GLints/dict_16_192_64_0p5_0p02_0005_0009" 4913
"/Engine/EngineMaterials/Substrate/GLints/dict_16_192_64_0p5_0p02_0005_0013" 4914
"../../../Engine/Content/EngineMaterials/Substrate/GLints/dict_16_192_64_0p5_0p02_0006_0001.uasset" 4915
"/Engine/EngineMaterials/Substrate/GLints/dict_16_192_64_0p5_0p02_0005_0015" 4916
"/Engine/EngineMaterials/Substrate/GLints/dict_16_192_64_0p5_0p02_0006_0000" 4917
"/Engine/EngineMaterials/Substrate/GLints/dict_16_192_64_0p5_0p02_0005_0014" 4918
"/Engine/EngineMaterials/Substrate/GLints/dict_16_192_64_0p5_0p02_0006_0001" 4919
"../../../Engine/Content/EngineMaterials/Substrate/GLints/dict_16_192_64_0p5_0p02_0005_0012.uasset" 4920
"../../../Engine/Content/EngineMaterials/Substrate/GLints/dict_16_192_64_0p5_0p02_0006_0004.uasset" 4921
"../../../Engine/Content/EngineMaterials/Substrate/GLints/dict_16_192_64_0p5_0p02_0006_0003.uasset" 4922
"../../../Engine/Content/EngineMaterials/Substrate/GLints/dict_16_192_64_0p5_0p02_0006_0002.uasset" 4923
"../../../Engine/Content/EngineMaterials/Substrate/GLints/dict_16_192_64_0p5_0p02_0006_0006.uasset" 4924
"../../../Engine/Content/EngineMaterials/Substrate/GLints/dict_16_192_64_0p5_0p02_0006_0005.uasset" 4925
"../../../Engine/Content/EngineMaterials/Substrate/GLints/dict_16_192_64_0p5_0p02_0006_0008.uasset" 4926
"../../../Engine/Content/EngineMaterials/Substrate/GLints/dict_16_192_64_0p5_0p02_0006_0007.uasset" 4927
"../../../Engine/Content/EngineMaterials/Substrate/GLints/dict_16_192_64_0p5_0p02_0006_0010.uasset" 4928
"../../../Engine/Content/EngineMaterials/Substrate/GLints/dict_16_192_64_0p5_0p02_0006_0011.uasset" 4929
"../../../Engine/Content/EngineMaterials/Substrate/GLints/dict_16_192_64_0p5_0p02_0006_0013.uasset" 4930
"../../../Engine/Content/EngineMaterials/Substrate/GLints/dict_16_192_64_0p5_0p02_0006_0009.uasset" 4931
"../../../Engine/Content/EngineMaterials/Substrate/GLints/dict_16_192_64_0p5_0p02_0006_0012.uasset" 4932
"../../../Engine/Content/EngineMaterials/Substrate/GLints/dict_16_192_64_0p5_0p02_0006_0014.uasset" 4933
"../../../Engine/Content/EngineMaterials/Substrate/GLints/dict_16_192_64_0p5_0p02_0006_0015.uasset" 4934
"../../../Engine/Content/EngineMaterials/Substrate/GLints/dict_16_192_64_0p5_0p02_0007_0000.uasset" 4935
"/Engine/EngineMaterials/Substrate/GLints/dict_16_192_64_0p5_0p02_0005_0012" 4936
"../../../Engine/Content/EngineMaterials/Substrate/GLints/dict_16_192_64_0p5_0p02_0007_0002.uasset" 4937
"../../../Engine/Content/EngineMaterials/Substrate/GLints/dict_16_192_64_0p5_0p02_0007_0003.uasset" 4938
"../../../Engine/Content/EngineMaterials/Substrate/GLints/dict_16_192_64_0p5_0p02_0007_0007.uasset" 4939
"../../../Engine/Content/EngineMaterials/Substrate/GLints/dict_16_192_64_0p5_0p02_0007_0008.uasset" 4940
"../../../Engine/Content/EngineMaterials/Substrate/GLints/dict_16_192_64_0p5_0p02_0007_0004.uasset" 4941
"../../../Engine/Content/EngineMaterials/Substrate/GLints/dict_16_192_64_0p5_0p02_0007_0009.uasset" 4942
"/Engine/EngineMaterials/Substrate/GLints/dict_16_192_64_0p5_0p02_0007_0000" 4943
"../../../Engine/Content/EngineMaterials/Substrate/GLints/dict_16_192_64_0p5_0p02_0007_0006.uasset" 4944
"/Engine/EngineMaterials/Substrate/GLints/dict_16_192_64_0p5_0p02_0006_0015" 4945
"../../../Engine/Content/EngineMaterials/Substrate/GLints/dict_16_192_64_0p5_0p02_0005_0008.uasset" 4946
"/Engine/EngineMaterials/Substrate/GLints/dict_16_192_64_0p5_0p02_0006_0014" 4947
"../../../Engine/Content/EngineMaterials/Substrate/GLints/dict_16_192_64_0p5_0p02_0007_0001.uasset" 4948
"/Engine/EngineMaterials/Substrate/GLints/dict_16_192_64_0p5_0p02_0006_0013" 4949
"/Engine/EngineMaterials/Substrate/GLints/dict_16_192_64_0p5_0p02_0006_0012" 4950
"/Engine/EngineMaterials/Substrate/GLints/dict_16_192_64_0p5_0p02_0006_0011" 4951
"/Engine/EngineMaterials/Substrate/GLints/dict_16_192_64_0p5_0p02_0006_0010" 4952
"../../../Engine/Content/EngineMaterials/Substrate/GLints/dict_16_192_64_0p5_0p02_0007_0005.uasset" 4953
"/Engine/EngineMaterials/Substrate/GLints/dict_16_192_64_0p5_0p02_0006_0009" 4954
"/Engine/EngineMaterials/Substrate/GLints/dict_16_192_64_0p5_0p02_0006_0008" 4955
"/Engine/EngineMaterials/Substrate/GLints/dict_16_192_64_0p5_0p02_0006_0007" 4956
"/Engine/EngineMaterials/Substrate/GLints/dict_16_192_64_0p5_0p02_0006_0006" 4957
"/Engine/EngineMaterials/Substrate/GLints/dict_16_192_64_0p5_0p02_0006_0005" 4958
"/Engine/EngineMaterials/Substrate/GLints/dict_16_192_64_0p5_0p02_0006_0004" 4959
"/Engine/EngineMaterials/Substrate/GLints/dict_16_192_64_0p5_0p02_0006_0003" 4960
"/Engine/EngineMaterials/Substrate/GLints/dict_16_192_64_0p5_0p02_0006_0002" 4961
"/Engine/EngineMaterials/Substrate/GLints/dict_16_192_64_0p5_0p02_0007_0009" 4962
"../../../Engine/Content/EngineMaterials/Substrate/GLints/dict_16_192_64_0p5_0p02_0007_0010.uasset" 4963
"/Engine/EngineMaterials/Substrate/GLints/dict_16_192_64_0p5_0p02_0007_0008" 4964
"/Engine/EngineMaterials/Substrate/GLints/dict_16_192_64_0p5_0p02_0005_0008" 4965
"/Engine/EngineMaterials/Substrate/GLints/dict_16_192_64_0p5_0p02_0007_0006" 4966
"/Engine/EngineMaterials/Substrate/GLints/dict_16_192_64_0p5_0p02_0007_0005" 4967
"../../../Engine/Content/EngineMaterials/Substrate/GLints/dict_16_192_64_0p5_0p02_0007_0012.uasset" 4968
"../../../Engine/Content/EngineMaterials/Substrate/GLints/dict_16_192_64_0p5_0p02_0007_0014.uasset" 4969
"../../../Engine/Content/EngineMaterials/Substrate/GLints/dict_16_192_64_0p5_0p02_0007_0011.uasset" 4970
"../../../Engine/Content/EngineMaterials/Substrate/GLints/dict_16_192_64_0p5_0p02_0007_0015.uasset" 4971
"../../../Engine/Content/EngineMaterials/Substrate/GLints/dict_16_192_64_0p5_0p02_0007_0013.uasset" 4972
"/Engine/EngineMaterials/Substrate/GLints/dict_16_192_64_0p5_0p02_0007_0004" 4973
"/Engine/EngineMaterials/Substrate/GLints/dict_16_192_64_0p5_0p02_0007_0007" 4974
"/Engine/EngineMaterials/Substrate/GLints/dict_16_192_64_0p5_0p02_0007_0003" 4975
"/Engine/EngineMaterials/Substrate/GLints/dict_16_192_64_0p5_0p02_0007_0002" 4976
"/Engine/EngineMaterials/Substrate/GLints/dict_16_192_64_0p5_0p02_0007_0001" 4977
"/Engine/EngineMaterials/Substrate/GLints/dict_16_192_64_0p5_0p02_0007_0014" 4978
"/Engine/EngineMaterials/Substrate/GLints/dict_16_192_64_0p5_0p02_0007_0010" 4979
"/Engine/EngineMaterials/Substrate/GLints/dict_16_192_64_0p5_0p02_0007_0015" 4980
"/Engine/EngineMaterials/Substrate/GLints/dict_16_192_64_0p5_0p02_0007_0013" 4981
"/Engine/EngineMaterials/Substrate/GLints/dict_16_192_64_0p5_0p02_0007_0012" 4982
"/Engine/EngineMaterials/Substrate/GLints/dict_16_192_64_0p5_0p02_0007_0011" 4983
"../../../Engine/Content/EngineMaterials/Substrate/GLints/dict_16_192_64_0p5_0p02_0008_0005.uasset" 4984
"../../../Engine/Content/EngineMaterials/Substrate/GLints/dict_16_192_64_0p5_0p02_0008_0000.uasset" 4985
"../../../Engine/Content/EngineMaterials/Substrate/GLints/dict_16_192_64_0p5_0p02_0008_0001.uasset" 4986
"../../../Engine/Content/EngineMaterials/Substrate/GLints/dict_16_192_64_0p5_0p02_0008_0009.uasset" 4987
"../../../Engine/Content/EngineMaterials/Substrate/GLints/dict_16_192_64_0p5_0p02_0008_0008.uasset" 4988
"../../../Engine/Content/EngineMaterials/Substrate/GLints/dict_16_192_64_0p5_0p02_0008_0003.uasset" 4989
"../../../Engine/Content/EngineMaterials/Substrate/GLints/dict_16_192_64_0p5_0p02_0008_0006.uasset" 4990
"../../../Engine/Content/EngineMaterials/Substrate/GLints/dict_16_192_64_0p5_0p02_0008_0002.uasset" 4991
"../../../Engine/Content/EngineMaterials/Substrate/GLints/dict_16_192_64_0p5_0p02_0008_0004.uasset" 4992
"/Engine/EngineMaterials/Substrate/GLints/dict_16_192_64_0p5_0p02_0008_0009" 4993
"/Engine/EngineMaterials/Substrate/GLints/dict_16_192_64_0p5_0p02_0008_0008" 4994
"../../../Engine/Content/EngineMaterials/Substrate/GLints/dict_16_192_64_0p5_0p02_0008_0010.uasset" 4995
"../../../Engine/Content/EngineMaterials/Substrate/GLints/dict_16_192_64_0p5_0p02_0008_0015.uasset" 4996
"../../../Engine/Content/EngineMaterials/Substrate/GLints/dict_16_192_64_0p5_0p02_0008_0014.uasset" 4997
"/Engine/EngineMaterials/Substrate/GLints/dict_16_192_64_0p5_0p02_0008_0006" 4998
"../../../Engine/Content/EngineMaterials/Substrate/GLints/dict_16_192_64_0p5_0p02_0008_0013.uasset" 4999
"/Engine/EngineMaterials/Substrate/GLints/dict_16_192_64_0p5_0p02_0008_0005" 5000
"/Engine/EngineMaterials/Substrate/GLints/dict_16_192_64_0p5_0p02_0008_0004" 5001
"../../../Engine/Content/EngineMaterials/Substrate/GLints/dict_16_192_64_0p5_0p02_0008_0012.uasset" 5002
"../../../Engine/Content/EngineMaterials/Substrate/GLints/dict_16_192_64_0p5_0p02_0008_0007.uasset" 5003
"/Engine/EngineMaterials/Substrate/GLints/dict_16_192_64_0p5_0p02_0008_0003" 5004
"/Engine/EngineMaterials/Substrate/GLints/dict_16_192_64_0p5_0p02_0008_0002" 5005
"/Engine/EngineMaterials/Substrate/GLints/dict_16_192_64_0p5_0p02_0008_0001" 5006
"/Engine/EngineMaterials/Substrate/GLints/dict_16_192_64_0p5_0p02_0008_0000" 5007
"/Engine/EngineMaterials/Substrate/GLints/dict_16_192_64_0p5_0p02_0008_0015" 5008
"/Engine/EngineMaterials/Substrate/GLints/dict_16_192_64_0p5_0p02_0008_0014" 5009
"/Engine/EngineMaterials/Substrate/GLints/dict_16_192_64_0p5_0p02_0008_0013" 5010
"/Engine/EngineMaterials/Substrate/GLints/dict_16_192_64_0p5_0p02_0008_0012" 5011
"/Engine/EngineMaterials/Substrate/GLints/dict_16_192_64_0p5_0p02_0008_0010" 5012
"/Engine/EngineMaterials/Substrate/GLints/dict_16_192_64_0p5_0p02_0008_0007" 5013
"../../../Engine/Content/EngineMaterials/Substrate/GLints/dict_16_192_64_0p5_0p02_0008_0011.uasset" 5014
"../../../Engine/Content/EngineMaterials/Substrate/GLints/dict_16_192_64_0p5_0p02_0009_0000.uasset" 5015
"../../../Engine/Content/EngineMaterials/Substrate/GLints/dict_16_192_64_0p5_0p02_0009_0006.uasset" 5016
"../../../Engine/Content/EngineMaterials/Substrate/GLints/dict_16_192_64_0p5_0p02_0009_0005.uasset" 5017
"../../../Engine/Content/EngineMaterials/Substrate/GLints/dict_16_192_64_0p5_0p02_0009_0001.uasset" 5018
"../../../Engine/Content/EngineMaterials/Substrate/GLints/dict_16_192_64_0p5_0p02_0009_0004.uasset" 5019
"../../../Engine/Content/EngineMaterials/Substrate/GLints/dict_16_192_64_0p5_0p02_0009_0002.uasset" 5020
"../../../Engine/Content/EngineMaterials/Substrate/GLints/dict_16_192_64_0p5_0p02_0009_0007.uasset" 5021
"../../../Engine/Content/EngineMaterials/Substrate/GLints/dict_16_192_64_0p5_0p02_0009_0003.uasset" 5022
"../../../Engine/Content/EngineMaterials/Substrate/GLints/dict_16_192_64_0p5_0p02_0009_0010.uasset" 5023
"../../../Engine/Content/EngineMaterials/Substrate/GLints/dict_16_192_64_0p5_0p02_0009_0008.uasset" 5024
"../../../Engine/Content/EngineMaterials/Substrate/GLints/dict_16_192_64_0p5_0p02_0009_0009.uasset" 5025
"/Engine/EngineMaterials/Substrate/GLints/dict_16_192_64_0p5_0p02_0009_0009" 5026
"/Engine/EngineMaterials/Substrate/GLints/dict_16_192_64_0p5_0p02_0009_0008" 5027
"../../../Engine/Content/EngineMaterials/Substrate/GLints/dict_16_192_64_0p5_0p02_0010_0001.uasset" 5028
"../../../Engine/Content/EngineMaterials/Substrate/GLints/dict_16_192_64_0p5_0p02_0009_0012.uasset" 5029
"../../../Engine/Content/EngineMaterials/Substrate/GLints/dict_16_192_64_0p5_0p02_0009_0013.uasset" 5030
"/Engine/EngineMaterials/Substrate/GLints/dict_16_192_64_0p5_0p02_0009_0007" 5031
"/Engine/EngineMaterials/Substrate/GLints/dict_16_192_64_0p5_0p02_0009_0006" 5032
"../../../Engine/Content/EngineMaterials/Substrate/GLints/dict_16_192_64_0p5_0p02_0009_0011.uasset" 5033
"../../../Engine/Content/EngineMaterials/Substrate/GLints/dict_16_192_64_0p5_0p02_0009_0015.uasset" 5034
"../../../Engine/Content/EngineMaterials/Substrate/GLints/dict_16_192_64_0p5_0p02_0010_0000.uasset" 5035
"/Engine/EngineMaterials/Substrate/GLints/dict_16_192_64_0p5_0p02_0009_0005" 5036
"../../../Engine/Content/EngineMaterials/Substrate/GLints/dict_16_192_64_0p5_0p02_0009_0014.uasset" 5037
"/Engine/EngineMaterials/Substrate/GLints/dict_16_192_64_0p5_0p02_0009_0004" 5038
"/Engine/EngineMaterials/Substrate/GLints/dict_16_192_64_0p5_0p02_0009_0003" 5039
"/Engine/EngineMaterials/Substrate/GLints/dict_16_192_64_0p5_0p02_0009_0002" 5040
"/Engine/EngineMaterials/Substrate/GLints/dict_16_192_64_0p5_0p02_0009_0001" 5041
"/Engine/EngineMaterials/Substrate/GLints/dict_16_192_64_0p5_0p02_0009_0000" 5042
"/Engine/EngineMaterials/Substrate/GLints/dict_16_192_64_0p5_0p02_0008_0011" 5043
"/Engine/EngineMaterials/Substrate/GLints/dict_16_192_64_0p5_0p02_0009_0010" 5044
"/Engine/EngineMaterials/Substrate/GLints/dict_16_192_64_0p5_0p02_0009_0015" 5045
"../../../Engine/Content/EngineMaterials/Substrate/GLints/dict_16_192_64_0p5_0p02_0010_0003.uasset" 5046
"/Engine/EngineMaterials/Substrate/GLints/dict_16_192_64_0p5_0p02_0009_0014" 5047
"/Engine/EngineMaterials/Substrate/GLints/dict_16_192_64_0p5_0p02_0010_0001" 5048
"/Engine/EngineMaterials/Substrate/GLints/dict_16_192_64_0p5_0p02_0010_0000" 5049
"/Engine/EngineMaterials/Substrate/GLints/dict_16_192_64_0p5_0p02_0009_0013" 5050
"/Engine/EngineMaterials/Substrate/GLints/dict_16_192_64_0p5_0p02_0009_0012" 5051
"../../../Engine/Content/EngineMaterials/Substrate/GLints/dict_16_192_64_0p5_0p02_0010_0002.uasset" 5052
"/Engine/EngineMaterials/Substrate/GLints/dict_16_192_64_0p5_0p02_0009_0011" 5053
"/Engine/EngineMaterials/Substrate/GLints/dict_16_192_64_0p5_0p02_0010_0003" 5054
"/Engine/EngineMaterials/Substrate/GLints/dict_16_192_64_0p5_0p02_0010_0002" 5055
"../../../Engine/Content/EngineMaterials/Substrate/GLints/dict_16_192_64_0p5_0p02_0010_0006.uasset" 5056
"../../../Engine/Content/EngineMaterials/Substrate/GLints/dict_16_192_64_0p5_0p02_0010_0007.uasset" 5057
"../../../Engine/Content/EngineMaterials/Substrate/GLints/dict_16_192_64_0p5_0p02_0010_0011.uasset" 5058
"../../../Engine/Content/EngineMaterials/Substrate/GLints/dict_16_192_64_0p5_0p02_0010_0009.uasset" 5059
"../../../Engine/Content/EngineMaterials/Substrate/GLints/dict_16_192_64_0p5_0p02_0010_0004.uasset" 5060
"../../../Engine/Content/EngineMaterials/Substrate/GLints/dict_16_192_64_0p5_0p02_0010_0005.uasset" 5061
"../../../Engine/Content/EngineMaterials/Substrate/GLints/dict_16_192_64_0p5_0p02_0010_0010.uasset" 5062
"../../../Engine/Content/EngineMaterials/Substrate/GLints/dict_16_192_64_0p5_0p02_0010_0008.uasset" 5063
"../../../Engine/Content/EngineMaterials/Substrate/GLints/dict_16_192_64_0p5_0p02_0010_0012.uasset" 5064
"../../../Engine/Content/EngineMaterials/Substrate/GLints/dict_16_192_64_0p5_0p02_0010_0013.uasset" 5065
"../../../Engine/Content/EngineMaterials/Substrate/GLints/dict_16_192_64_0p5_0p02_0011_0000.uasset" 5066
"../../../Engine/Content/EngineMaterials/Substrate/GLints/dict_16_192_64_0p5_0p02_0011_0001.uasset" 5067
"../../../Engine/Content/EngineMaterials/Substrate/GLints/dict_16_192_64_0p5_0p02_0010_0014.uasset" 5068
"../../../Engine/Content/EngineMaterials/Substrate/GLints/dict_16_192_64_0p5_0p02_0010_0015.uasset" 5069
"../../../Engine/Content/EngineMaterials/Substrate/GLints/dict_16_192_64_0p5_0p02_0011_0003.uasset" 5070
"/Engine/EngineMaterials/Substrate/GLints/dict_16_192_64_0p5_0p02_0010_0014" 5071
"../../../Engine/Content/EngineMaterials/Substrate/GLints/dict_16_192_64_0p5_0p02_0011_0002.uasset" 5072
"/Engine/EngineMaterials/Substrate/GLints/dict_16_192_64_0p5_0p02_0011_0001" 5073
"/Engine/EngineMaterials/Substrate/GLints/dict_16_192_64_0p5_0p02_0010_0013" 5074
"../../../Engine/Content/EngineMaterials/Substrate/GLints/dict_16_192_64_0p5_0p02_0011_0005.uasset" 5075
"/Engine/EngineMaterials/Substrate/GLints/dict_16_192_64_0p5_0p02_0010_0012" 5076
"/Engine/EngineMaterials/Substrate/GLints/dict_16_192_64_0p5_0p02_0010_0011" 5077
"/Engine/EngineMaterials/Substrate/GLints/dict_16_192_64_0p5_0p02_0011_0000" 5078
"/Engine/EngineMaterials/Substrate/GLints/dict_16_192_64_0p5_0p02_0010_0010" 5079
"/Engine/EngineMaterials/Substrate/GLints/dict_16_192_64_0p5_0p02_0010_0008" 5080
"/Engine/EngineMaterials/Substrate/GLints/dict_16_192_64_0p5_0p02_0010_0007" 5081
"/Engine/EngineMaterials/Substrate/GLints/dict_16_192_64_0p5_0p02_0010_0009" 5082
"/Engine/EngineMaterials/Substrate/GLints/dict_16_192_64_0p5_0p02_0010_0006" 5083
"../../../Engine/Content/EngineMaterials/Substrate/GLints/dict_16_192_64_0p5_0p02_0011_0004.uasset" 5084
"/Engine/EngineMaterials/Substrate/GLints/dict_16_192_64_0p5_0p02_0010_0005" 5085
"/Engine/EngineMaterials/Substrate/GLints/dict_16_192_64_0p5_0p02_0010_0004" 5086
"../../../Engine/Content/EngineMaterials/Substrate/GLints/dict_16_192_64_0p5_0p02_0011_0006.uasset" 5087
"/Engine/EngineMaterials/Substrate/GLints/dict_16_192_64_0p5_0p02_0010_0015" 5088
"/Engine/EngineMaterials/Substrate/GLints/dict_16_192_64_0p5_0p02_0011_0006" 5089
"/Engine/EngineMaterials/Substrate/GLints/dict_16_192_64_0p5_0p02_0011_0005" 5090
"/Engine/EngineMaterials/Substrate/GLints/dict_16_192_64_0p5_0p02_0011_0004" 5091
"../../../Engine/Content/EngineMaterials/Substrate/GLints/dict_16_192_64_0p5_0p02_0011_0011.uasset" 5092
"../../../Engine/Content/EngineMaterials/Substrate/GLints/dict_16_192_64_0p5_0p02_0011_0010.uasset" 5093
"../../../Engine/Content/EngineMaterials/Substrate/GLints/dict_16_192_64_0p5_0p02_0011_0009.uasset" 5094
"../../../Engine/Content/EngineMaterials/Substrate/GLints/dict_16_192_64_0p5_0p02_0011_0007.uasset" 5095
"/Engine/EngineMaterials/Substrate/GLints/dict_16_192_64_0p5_0p02_0011_0003" 5096
"/Engine/EngineMaterials/Substrate/GLints/dict_16_192_64_0p5_0p02_0011_0002" 5097
"/Engine/EngineMaterials/Substrate/GLints/dict_16_192_64_0p5_0p02_0011_0010" 5098
"/Engine/EngineMaterials/Substrate/GLints/dict_16_192_64_0p5_0p02_0011_0009" 5099
"/Engine/EngineMaterials/Substrate/GLints/dict_16_192_64_0p5_0p02_0011_0007" 5100
"../../../Engine/Content/EngineMaterials/Substrate/GLints/dict_16_192_64_0p5_0p02_0011_0008.uasset" 5101
"/Engine/EngineMaterials/Substrate/GLints/dict_16_192_64_0p5_0p02_0011_0011" 5102
"/Engine/EngineMaterials/Substrate/GLints/dict_16_192_64_0p5_0p02_0011_0008" 5103
"../../../Engine/Content/EngineMaterials/Substrate/GLints/dict_16_192_64_0p5_0p02_0011_0012.uasset" 5104
"../../../Engine/Content/EngineMaterials/Substrate/GLints/dict_16_192_64_0p5_0p02_0011_0014.uasset" 5105
"../../../Engine/Content/EngineMaterials/Substrate/GLints/dict_16_192_64_0p5_0p02_0011_0015.uasset" 5106
"../../../Engine/Content/EngineMaterials/Substrate/GLints/dict_16_192_64_0p5_0p02_0011_0013.uasset" 5107
"../../../Engine/Content/EngineMaterials/Substrate/GLints/dict_16_192_64_0p5_0p02_0012_0003.uasset" 5108
"../../../Engine/Content/EngineMaterials/Substrate/GLints/dict_16_192_64_0p5_0p02_0012_0002.uasset" 5109
"../../../Engine/Content/EngineMaterials/Substrate/GLints/dict_16_192_64_0p5_0p02_0012_0001.uasset" 5110
"../../../Engine/Content/EngineMaterials/Substrate/GLints/dict_16_192_64_0p5_0p02_0012_0000.uasset" 5111
"../../../Engine/Content/EngineMaterials/Substrate/GLints/dict_16_192_64_0p5_0p02_0012_0004.uasset" 5112
"../../../Engine/Content/EngineMaterials/Substrate/GLints/dict_16_192_64_0p5_0p02_0012_0005.uasset" 5113
"../../../Engine/Content/EngineMaterials/Substrate/GLints/dict_16_192_64_0p5_0p02_0012_0006.uasset" 5114
"../../../Engine/Content/EngineMaterials/Substrate/GLints/dict_16_192_64_0p5_0p02_0012_0007.uasset" 5115
"../../../Engine/Content/EngineMaterials/Substrate/GLints/dict_16_192_64_0p5_0p02_0012_0011.uasset" 5116
"../../../Engine/Content/EngineMaterials/Substrate/GLints/dict_16_192_64_0p5_0p02_0012_0010.uasset" 5117
"../../../Engine/Content/EngineMaterials/Substrate/GLints/dict_16_192_64_0p5_0p02_0012_0009.uasset" 5118
"/Engine/EngineMaterials/Substrate/GLints/dict_16_192_64_0p5_0p02_0012_0001" 5119
"/Engine/EngineMaterials/Substrate/GLints/dict_16_192_64_0p5_0p02_0012_0000" 5120
"/Engine/EngineMaterials/Substrate/GLints/dict_16_192_64_0p5_0p02_0012_0011" 5121
"/Engine/EngineMaterials/Substrate/GLints/dict_16_192_64_0p5_0p02_0012_0010" 5122
"/Engine/EngineMaterials/Substrate/GLints/dict_16_192_64_0p5_0p02_0012_0009" 5123
"/Engine/EngineMaterials/Substrate/GLints/dict_16_192_64_0p5_0p02_0012_0007" 5124
"../../../Engine/Content/EngineMaterials/Substrate/GLints/dict_16_192_64_0p5_0p02_0012_0013.uasset" 5125
"/Engine/EngineMaterials/Substrate/GLints/dict_16_192_64_0p5_0p02_0012_0006" 5126
"/Engine/EngineMaterials/Substrate/GLints/dict_16_192_64_0p5_0p02_0012_0005" 5127
"/Engine/EngineMaterials/Substrate/GLints/dict_16_192_64_0p5_0p02_0012_0003" 5128
"/Engine/EngineMaterials/Substrate/GLints/dict_16_192_64_0p5_0p02_0012_0002" 5129
"../../../Engine/Content/EngineMaterials/Substrate/GLints/dict_16_192_64_0p5_0p02_0012_0012.uasset" 5130
"../../../Engine/Content/EngineMaterials/Substrate/GLints/dict_16_192_64_0p5_0p02_0012_0008.uasset" 5131
"/Engine/EngineMaterials/Substrate/GLints/dict_16_192_64_0p5_0p02_0011_0015" 5132
"../../../Engine/Content/EngineMaterials/Substrate/GLints/dict_16_192_64_0p5_0p02_0013_0001.uasset" 5133
"../../../Engine/Content/EngineMaterials/Substrate/GLints/dict_16_192_64_0p5_0p02_0013_0000.uasset" 5134
"../../../Engine/Content/EngineMaterials/Substrate/GLints/dict_16_192_64_0p5_0p02_0012_0015.uasset" 5135
"../../../Engine/Content/EngineMaterials/Substrate/GLints/dict_16_192_64_0p5_0p02_0013_0003.uasset" 5136
"../../../Engine/Content/EngineMaterials/Substrate/GLints/dict_16_192_64_0p5_0p02_0013_0002.uasset" 5137
"/Engine/EngineMaterials/Substrate/GLints/dict_16_192_64_0p5_0p02_0011_0014" 5138
"/Engine/EngineMaterials/Substrate/GLints/dict_16_192_64_0p5_0p02_0011_0013" 5139
"/Engine/EngineMaterials/Substrate/GLints/dict_16_192_64_0p5_0p02_0011_0012" 5140
"../../../Engine/Content/EngineMaterials/Substrate/GLints/dict_16_192_64_0p5_0p02_0013_0004.uasset" 5141
"/Engine/EngineMaterials/Substrate/GLints/dict_16_192_64_0p5_0p02_0012_0004" 5142
"/Engine/EngineMaterials/Substrate/GLints/dict_16_192_64_0p5_0p02_0013_0001" 5143
"/Engine/EngineMaterials/Substrate/GLints/dict_16_192_64_0p5_0p02_0013_0004" 5144
"/Engine/EngineMaterials/Substrate/GLints/dict_16_192_64_0p5_0p02_0013_0003" 5145
"../../../Engine/Content/EngineMaterials/Substrate/GLints/dict_16_192_64_0p5_0p02_0012_0014.uasset" 5146
"/Engine/EngineMaterials/Substrate/GLints/dict_16_192_64_0p5_0p02_0013_0002" 5147
"/Engine/EngineMaterials/Substrate/GLints/dict_16_192_64_0p5_0p02_0013_0000" 5148
"/Engine/EngineMaterials/Substrate/GLints/dict_16_192_64_0p5_0p02_0012_0015" 5149
"/Engine/EngineMaterials/Substrate/GLints/dict_16_192_64_0p5_0p02_0012_0013" 5150
"/Engine/EngineMaterials/Substrate/GLints/dict_16_192_64_0p5_0p02_0012_0012" 5151
"/Engine/EngineMaterials/Substrate/GLints/dict_16_192_64_0p5_0p02_0012_0008" 5152
"/Engine/EngineMaterials/Substrate/GLints/dict_16_192_64_0p5_0p02_0012_0014" 5153
"../../../Engine/Content/EngineMaterials/Substrate/GLints/dict_16_192_64_0p5_0p02_0013_0011.uasset" 5154
"../../../Engine/Content/EngineMaterials/Substrate/GLints/dict_16_192_64_0p5_0p02_0013_0009.uasset" 5155
"../../../Engine/Content/EngineMaterials/Substrate/GLints/dict_16_192_64_0p5_0p02_0013_0005.uasset" 5156
"../../../Engine/Content/EngineMaterials/Substrate/GLints/dict_16_192_64_0p5_0p02_0013_0006.uasset" 5157
"../../../Engine/Content/EngineMaterials/Substrate/GLints/dict_16_192_64_0p5_0p02_0013_0008.uasset" 5158
"../../../Engine/Content/EngineMaterials/Substrate/GLints/dict_16_192_64_0p5_0p02_0013_0013.uasset" 5159
"../../../Engine/Content/EngineMaterials/Substrate/GLints/dict_16_192_64_0p5_0p02_0013_0010.uasset" 5160
"../../../Engine/Content/EngineMaterials/Substrate/GLints/dict_16_192_64_0p5_0p02_0013_0007.uasset" 5161
"/Engine/EngineMaterials/Substrate/GLints/dict_16_192_64_0p5_0p02_0013_0010" 5162
"/Engine/EngineMaterials/Substrate/GLints/dict_16_192_64_0p5_0p02_0013_0009" 5163
"/Engine/EngineMaterials/Substrate/GLints/dict_16_192_64_0p5_0p02_0013_0011" 5164
"../../../Engine/Content/EngineMaterials/Substrate/GLints/dict_16_192_64_0p5_0p02_0014_0002.uasset" 5165
"/Engine/EngineMaterials/Substrate/GLints/dict_16_192_64_0p5_0p02_0013_0008" 5166
"../../../Engine/Content/EngineMaterials/Substrate/GLints/dict_16_192_64_0p5_0p02_0013_0014.uasset" 5167
"/Engine/EngineMaterials/Substrate/GLints/dict_16_192_64_0p5_0p02_0013_0006" 5168
"../../../Engine/Content/EngineMaterials/Substrate/GLints/dict_16_192_64_0p5_0p02_0013_0012.uasset" 5169
"../../../Engine/Content/EngineMaterials/Substrate/GLints/dict_16_192_64_0p5_0p02_0014_0001.uasset" 5170
"/Engine/EngineMaterials/Substrate/GLints/dict_16_192_64_0p5_0p02_0013_0005" 5171
"/Engine/EngineMaterials/Substrate/GLints/dict_16_192_64_0p5_0p02_0013_0013" 5172
"../../../Engine/Content/EngineMaterials/Substrate/GLints/dict_16_192_64_0p5_0p02_0013_0015.uasset" 5173
"../../../Engine/Content/EngineMaterials/Substrate/GLints/dict_16_192_64_0p5_0p02_0014_0005.uasset" 5174
"/Engine/EngineMaterials/Substrate/GLints/dict_16_192_64_0p5_0p02_0013_0007" 5175
"/Engine/EngineMaterials/Substrate/GLints/dict_16_192_64_0p5_0p02_0014_0005" 5176
"../../../Engine/Content/EngineMaterials/Substrate/GLints/dict_16_192_64_0p5_0p02_0014_0000.uasset" 5177
"/Engine/EngineMaterials/Substrate/GLints/dict_16_192_64_0p5_0p02_0014_0002" 5178
"/Engine/EngineMaterials/Substrate/GLints/dict_16_192_64_0p5_0p02_0014_0001" 5179
"/Engine/EngineMaterials/Substrate/GLints/dict_16_192_64_0p5_0p02_0013_0015" 5180
"../../../Engine/Content/EngineMaterials/Substrate/GLints/dict_16_192_64_0p5_0p02_0014_0003.uasset" 5181
"/Engine/EngineMaterials/Substrate/GLints/dict_16_192_64_0p5_0p02_0013_0014" 5182
"/Engine/EngineMaterials/Substrate/GLints/dict_16_192_64_0p5_0p02_0013_0012" 5183
"/Engine/EngineMaterials/Substrate/GLints/dict_16_192_64_0p5_0p02_0014_0003" 5184
"/Engine/EngineMaterials/Substrate/GLints/dict_16_192_64_0p5_0p02_0014_0000" 5185
"../../../Engine/Content/EngineMaterials/Substrate/GLints/dict_16_192_64_0p5_0p02_0014_0004.uasset" 5186
"../../../Engine/Content/EngineMaterials/Substrate/GLints/dict_16_192_64_0p5_0p02_0014_0008.uasset" 5187
"../../../Engine/Content/EngineMaterials/Substrate/GLints/dict_16_192_64_0p5_0p02_0014_0011.uasset" 5188
"../../../Engine/Content/EngineMaterials/Substrate/GLints/dict_16_192_64_0p5_0p02_0014_0009.uasset" 5189
"../../../Engine/Content/EngineMaterials/Substrate/GLints/dict_16_192_64_0p5_0p02_0014_0010.uasset" 5190
"../../../Engine/Content/EngineMaterials/Substrate/GLints/dict_16_192_64_0p5_0p02_0014_0007.uasset" 5191
"../../../Engine/Content/EngineMaterials/Substrate/GLints/dict_16_192_64_0p5_0p02_0014_0006.uasset" 5192
"../../../Engine/Content/EngineMaterials/Substrate/GLints/dict_16_192_64_0p5_0p02_0014_0014.uasset" 5193
"../../../Engine/Content/EngineMaterials/Substrate/GLints/dict_16_192_64_0p5_0p02_0014_0012.uasset" 5194
"/Engine/EngineMaterials/Substrate/GLints/dict_16_192_64_0p5_0p02_0014_0010" 5195
"../../../Engine/Content/EngineMaterials/Substrate/GLints/dict_16_192_64_0p5_0p02_0014_0013.uasset" 5196
"../../../Engine/Content/EngineMaterials/Substrate/GLints/dict_16_192_64_0p5_0p02_0015_0001.uasset" 5197
"../../../Engine/Content/EngineMaterials/Substrate/GLints/dict_16_192_64_0p5_0p02_0014_0015.uasset" 5198
"../../../Engine/Content/EngineMaterials/Substrate/GLints/dict_16_192_64_0p5_0p02_0015_0005.uasset" 5199
"../../../Engine/Content/EngineMaterials/Substrate/GLints/dict_16_192_64_0p5_0p02_0015_0000.uasset" 5200
"../../../Engine/Content/EngineMaterials/Substrate/GLints/dict_16_192_64_0p5_0p02_0015_0007.uasset" 5201
"/Engine/EngineMaterials/Substrate/GLints/dict_16_192_64_0p5_0p02_0014_0009" 5202
"../../../Engine/Content/EngineMaterials/Substrate/GLints/dict_16_192_64_0p5_0p02_0015_0004.uasset" 5203
"/Engine/EngineMaterials/Substrate/GLints/dict_16_192_64_0p5_0p02_0014_0014" 5204
"/Engine/EngineMaterials/Substrate/GLints/dict_16_192_64_0p5_0p02_0014_0012" 5205
"/Engine/EngineMaterials/Substrate/GLints/dict_16_192_64_0p5_0p02_0014_0008" 5206
"/Engine/EngineMaterials/Substrate/GLints/dict_16_192_64_0p5_0p02_0014_0007" 5207
"/Engine/EngineMaterials/Substrate/GLints/dict_16_192_64_0p5_0p02_0014_0006" 5208
"/Engine/EngineMaterials/Substrate/GLints/dict_16_192_64_0p5_0p02_0014_0011" 5209
"/Engine/EngineMaterials/Substrate/GLints/dict_16_192_64_0p5_0p02_0014_0004" 5210
"/Engine/EngineMaterials/Substrate/GLints/dict_16_192_64_0p5_0p02_0015_0007" 5211
"/Engine/EngineMaterials/Substrate/GLints/dict_16_192_64_0p5_0p02_0015_0001" 5212
"/Engine/EngineMaterials/Substrate/GLints/dict_16_192_64_0p5_0p02_0015_0000" 5213
"/Engine/EngineMaterials/Substrate/GLints/dict_16_192_64_0p5_0p02_0014_0015" 5214
"/Engine/EngineMaterials/Substrate/GLints/dict_16_192_64_0p5_0p02_0015_0004" 5215
"/Engine/EngineMaterials/Substrate/GLints/dict_16_192_64_0p5_0p02_0014_0013" 5216
"/Engine/EngineMaterials/Substrate/GLints/dict_16_192_64_0p5_0p02_0015_0005" 5217
"../../../Engine/Content/EngineMaterials/Substrate/GLints/dict_16_192_64_0p5_0p02_0015_0006.uasset" 5218
"../../../Engine/Content/EngineMaterials/Substrate/GLints/dict_16_192_64_0p5_0p02_0015_0002.uasset" 5219
"../../../Engine/Content/EngineMaterials/Substrate/GLints/dict_16_192_64_0p5_0p02_0015_0003.uasset" 5220
"../../../Engine/Content/EngineMaterials/Substrate/GLints/dict_16_192_64_0p5_0p02_0015_0009.uasset" 5221
"../../../Engine/Content/EngineMaterials/Substrate/GLints/dict_16_192_64_0p5_0p02_0015_0008.uasset" 5222
"../../../Engine/Content/EngineMaterials/Substrate/GLints/dict_16_192_64_0p5_0p02_0015_0013.uasset" 5223
"../../../Engine/Content/EngineMaterials/Substrate/GLints/dict_16_192_64_0p5_0p02_0015_0011.uasset" 5224
"../../../Engine/Content/EngineMaterials/Substrate/GLints/dict_16_192_64_0p5_0p02_0015_0010.uasset" 5225
"../../../Engine/Content/EngineMaterials/Substrate/GLints/dict_16_192_64_0p5_0p02_0015_0012.uasset" 5226
"../../../Engine/Content/EngineMaterials/Substrate/GLints/dict_16_192_64_0p5_0p02_0016_0000.uasset" 5227
"../../../Engine/Content/EngineMaterials/Substrate/GLints/dict_16_192_64_0p5_0p02_0015_0015.uasset" 5228
"../../../Engine/Content/EngineMaterials/Substrate/GLints/dict_16_192_64_0p5_0p02_0015_0014.uasset" 5229
"../../../Engine/Content/EngineMaterials/Substrate/GLints/dict_16_192_64_0p5_0p02_0016_0002.uasset" 5230
"/Engine/EngineMaterials/Substrate/GLints/dict_16_192_64_0p5_0p02_0015_0003" 5231
"/Engine/EngineMaterials/Substrate/GLints/dict_16_192_64_0p5_0p02_0015_0012" 5232
"../../../Engine/Content/EngineMaterials/Substrate/GLints/dict_16_192_64_0p5_0p02_0016_0004.uasset" 5233
"../../../Engine/Content/EngineMaterials/Substrate/GLints/dict_16_192_64_0p5_0p02_0016_0001.uasset" 5234
"../../../Engine/Content/EngineMaterials/Substrate/GLints/dict_16_192_64_0p5_0p02_0016_0003.uasset" 5235
"/Engine/EngineMaterials/Substrate/GLints/dict_16_192_64_0p5_0p02_0015_0011" 5236
"/Engine/EngineMaterials/Substrate/GLints/dict_16_192_64_0p5_0p02_0015_0010" 5237
"/Engine/EngineMaterials/Substrate/GLints/dict_16_192_64_0p5_0p02_0015_0009" 5238
"../../../Engine/Content/EngineMaterials/Substrate/GLints/dict_16_192_64_0p5_0p02_0016_0006.uasset" 5239
"/Engine/EngineMaterials/Substrate/GLints/dict_16_192_64_0p5_0p02_0015_0008" 5240
"/Engine/EngineMaterials/Substrate/GLints/dict_16_192_64_0p5_0p02_0015_0002" 5241
"/Engine/EngineMaterials/Substrate/GLints/dict_16_192_64_0p5_0p02_0016_0002" 5242
"/Engine/EngineMaterials/Substrate/GLints/dict_16_192_64_0p5_0p02_0016_0000" 5243
"/Engine/EngineMaterials/Substrate/GLints/dict_16_192_64_0p5_0p02_0015_0015" 5244
"/Engine/EngineMaterials/Substrate/GLints/dict_16_192_64_0p5_0p02_0015_0014" 5245
"/Engine/EngineMaterials/Substrate/GLints/dict_16_192_64_0p5_0p02_0015_0006" 5246
"/Engine/EngineMaterials/Substrate/GLints/dict_16_192_64_0p5_0p02_0015_0013" 5247
"/Engine/EngineMaterials/Substrate/GLints/dict_16_192_64_0p5_0p02_0016_0006" 5248
"/Engine/EngineMaterials/Substrate/GLints/dict_16_192_64_0p5_0p02_0016_0004" 5249
"../../../Engine/Content/EngineMaterials/Substrate/GLints/dict_16_192_64_0p5_0p02_0016_0005.uasset" 5250
"../../../Engine/Content/EngineMaterials/Substrate/GLints/dict_16_192_64_0p5_0p02_0016_0007.uasset" 5251
"/Engine/EngineMaterials/Substrate/GLints/dict_16_192_64_0p5_0p02_0016_0001" 5252
"../../../Engine/Content/EngineMaterials/Substrate/GLints/dict_16_192_64_0p5_0p02_0016_0009.uasset" 5253
"/Engine/EngineMaterials/Substrate/GLints/dict_16_192_64_0p5_0p02_0016_0003" 5254
"../../../Engine/Content/EngineMaterials/Substrate/GLints/dict_16_192_64_0p5_0p02_0016_0010.uasset" 5255
"/Engine/EngineMaterials/Substrate/GLints/dict_16_192_64_0p5_0p02_0016_0010" 5256
"/Engine/EngineMaterials/Substrate/GLints/dict_16_192_64_0p5_0p02_0016_0009" 5257
"/Engine/EngineMaterials/Substrate/GLints/dict_16_192_64_0p5_0p02_0016_0007" 5258
"/Engine/EngineMaterials/Substrate/GLints/dict_16_192_64_0p5_0p02_0016_0005" 5259
"../../../Engine/Content/EngineMaterials/Substrate/GLints/dict_16_192_64_0p5_0p02_0016_0012.uasset" 5260
"../../../Engine/Content/EngineMaterials/Substrate/GLints/dict_16_192_64_0p5_0p02_0016_0011.uasset" 5261
"../../../Engine/Content/EngineMaterials/Substrate/GLints/dict_16_192_64_0p5_0p02_0016_0014.uasset" 5262
"../../../Engine/Content/EngineMaterials/Substrate/GLints/dict_16_192_64_0p5_0p02_0016_0013.uasset" 5263
"../../../Engine/Content/EngineMaterials/Substrate/GLints/dict_16_192_64_0p5_0p02_0016_0008.uasset" 5264
"../../../Engine/Content/EngineMaterials/Substrate/GLints/dict_16_192_64_0p5_0p02_0017_0000.uasset" 5265
"../../../Engine/Content/EngineMaterials/Substrate/GLints/dict_16_192_64_0p5_0p02_0017_0003.uasset" 5266
"../../../Engine/Content/EngineMaterials/Substrate/GLints/dict_16_192_64_0p5_0p02_0017_0002.uasset" 5267
"../../../Engine/Content/EngineMaterials/Substrate/GLints/dict_16_192_64_0p5_0p02_0016_0015.uasset" 5268
"../../../Engine/Content/EngineMaterials/Substrate/GLints/dict_16_192_64_0p5_0p02_0017_0001.uasset" 5269
"/Engine/EngineMaterials/Substrate/GLints/dict_16_192_64_0p5_0p02_0016_0013" 5270
"../../../Engine/Content/EngineMaterials/Substrate/GLints/dict_16_192_64_0p5_0p02_0017_0007.uasset" 5271
"../../../Engine/Content/EngineMaterials/Substrate/GLints/dict_16_192_64_0p5_0p02_0017_0004.uasset" 5272
"../../../Engine/Content/EngineMaterials/Substrate/GLints/dict_16_192_64_0p5_0p02_0017_0005.uasset" 5273
"/Engine/EngineMaterials/Substrate/GLints/dict_16_192_64_0p5_0p02_0016_0012" 5274
"../../../Engine/Content/EngineMaterials/Substrate/GLints/dict_16_192_64_0p5_0p02_0017_0008.uasset" 5275
"/Engine/EngineMaterials/Substrate/GLints/dict_16_192_64_0p5_0p02_0017_0003" 5276
"/Engine/EngineMaterials/Substrate/GLints/dict_16_192_64_0p5_0p02_0017_0002" 5277
"/Engine/EngineMaterials/Substrate/GLints/dict_16_192_64_0p5_0p02_0017_0001" 5278
"/Engine/EngineMaterials/Substrate/GLints/dict_16_192_64_0p5_0p02_0016_0011" 5279
"../../../Engine/Content/EngineMaterials/Substrate/GLints/dict_16_192_64_0p5_0p02_0017_0006.uasset" 5280
"../../../Engine/Content/EngineMaterials/Substrate/GLints/dict_16_192_64_0p5_0p02_0017_0011.uasset" 5281
"../../../Engine/Content/EngineMaterials/Substrate/GLints/dict_16_192_64_0p5_0p02_0017_0013.uasset" 5282
"../../../Engine/Content/EngineMaterials/Substrate/GLints/dict_16_192_64_0p5_0p02_0017_0012.uasset" 5283
"/Engine/EngineMaterials/Substrate/GLints/dict_16_192_64_0p5_0p02_0017_0000" 5284
"../../../Engine/Content/EngineMaterials/Substrate/GLints/dict_16_192_64_0p5_0p02_0017_0010.uasset" 5285
"../../../Engine/Content/EngineMaterials/Substrate/GLints/dict_16_192_64_0p5_0p02_0017_0009.uasset" 5286
"/Engine/EngineMaterials/Substrate/GLints/dict_16_192_64_0p5_0p02_0016_0015" 5287
"/Engine/EngineMaterials/Substrate/GLints/dict_16_192_64_0p5_0p02_0016_0008" 5288
"/Engine/EngineMaterials/Substrate/GLints/dict_16_192_64_0p5_0p02_0016_0014" 5289
"/Engine/EngineMaterials/Substrate/GLints/dict_16_192_64_0p5_0p02_0017_0013" 5290
"/Engine/EngineMaterials/Substrate/GLints/dict_16_192_64_0p5_0p02_0017_0012" 5291
"/Engine/EngineMaterials/Substrate/GLints/dict_16_192_64_0p5_0p02_0017_0004" 5292
"/Engine/EngineMaterials/Substrate/GLints/dict_16_192_64_0p5_0p02_0017_0011" 5293
"/Engine/EngineMaterials/Substrate/GLints/dict_16_192_64_0p5_0p02_0017_0010" 5294
"/Engine/EngineMaterials/Substrate/GLints/dict_16_192_64_0p5_0p02_0017_0009" 5295
"/Engine/EngineMaterials/Substrate/GLints/dict_16_192_64_0p5_0p02_0017_0008" 5296
"/Engine/EngineMaterials/Substrate/GLints/dict_16_192_64_0p5_0p02_0017_0007" 5297
"/Engine/EngineMaterials/Substrate/GLints/dict_16_192_64_0p5_0p02_0017_0006" 5298
"/Engine/EngineMaterials/Substrate/GLints/dict_16_192_64_0p5_0p02_0017_0005" 5299
"../../../Engine/Content/EngineMaterials/Substrate/GLints/dict_16_192_64_0p5_0p02_0017_0015.uasset" 5300
"../../../Engine/Content/EngineMaterials/Substrate/GLints/dict_16_192_64_0p5_0p02_0017_0014.uasset" 5301
"/Engine/EngineMaterials/Substrate/GLints/dict_16_192_64_0p5_0p02_0017_0015" 5302
"../../../Engine/Content/EngineMaterials/Substrate/GLints/dict_16_192_64_0p5_0p02_0018_0001.uasset" 5303
"/Engine/EngineMaterials/Substrate/GLints/dict_16_192_64_0p5_0p02_0017_0014" 5304
"../../../Engine/Content/EngineMaterials/Substrate/GLints/dict_16_192_64_0p5_0p02_0018_0000.uasset" 5305
"/Engine/EngineMaterials/Substrate/GLints/dict_16_192_64_0p5_0p02_0018_0001" 5306
"/Engine/EngineMaterials/Substrate/GLints/dict_16_192_64_0p5_0p02_0018_0000" 5307
"../../../Engine/Content/EngineMaterials/Substrate/GLints/dict_16_192_64_0p5_0p02_0018_0004.uasset" 5308
"../../../Engine/Content/EngineMaterials/Substrate/GLints/dict_16_192_64_0p5_0p02_0018_0003.uasset" 5309
"../../../Engine/Content/EngineMaterials/Substrate/GLints/dict_16_192_64_0p5_0p02_0018_0002.uasset" 5310
"../../../Engine/Content/EngineMaterials/Substrate/GLints/dict_16_192_64_0p5_0p02_0018_0007.uasset" 5311
"../../../Engine/Content/EngineMaterials/Substrate/GLints/dict_16_192_64_0p5_0p02_0018_0009.uasset" 5312
"../../../Engine/Content/EngineMaterials/Substrate/GLints/dict_16_192_64_0p5_0p02_0018_0006.uasset" 5313
"../../../Engine/Content/EngineMaterials/Substrate/GLints/dict_16_192_64_0p5_0p02_0018_0005.uasset" 5314
"../../../Engine/Content/EngineMaterials/Substrate/GLints/dict_16_192_64_0p5_0p02_0018_0010.uasset" 5315
"../../../Engine/Content/EngineMaterials/Substrate/GLints/dict_16_192_64_0p5_0p02_0018_0011.uasset" 5316
"../../../Engine/Content/EngineMaterials/Substrate/GLints/dict_16_192_64_0p5_0p02_0018_0008.uasset" 5317
"../../../Engine/Content/EngineMaterials/Substrate/GLints/dict_16_192_64_0p5_0p02_0018_0012.uasset" 5318
"../../../Engine/Content/EngineMaterials/Substrate/GLints/dict_16_192_64_0p5_0p02_0018_0013.uasset" 5319
"../../../Engine/Content/EngineMaterials/Substrate/GLints/dict_16_192_64_0p5_0p02_0019_0003.uasset" 5320
"../../../Engine/Content/EngineMaterials/Substrate/GLints/dict_16_192_64_0p5_0p02_0019_0000.uasset" 5321
"../../../Engine/Content/EngineMaterials/Substrate/GLints/dict_16_192_64_0p5_0p02_0018_0015.uasset" 5322
"../../../Engine/Content/EngineMaterials/Substrate/GLints/dict_16_192_64_0p5_0p02_0019_0002.uasset" 5323
"../../../Engine/Content/EngineMaterials/Substrate/GLints/dict_16_192_64_0p5_0p02_0019_0005.uasset" 5324
"../../../Engine/Content/EngineMaterials/Substrate/GLints/dict_16_192_64_0p5_0p02_0019_0001.uasset" 5325
"../../../Engine/Content/EngineMaterials/Substrate/GLints/dict_16_192_64_0p5_0p02_0018_0014.uasset" 5326
"/Engine/EngineMaterials/Substrate/GLints/dict_16_192_64_0p5_0p02_0019_0003" 5327
"../../../Engine/Content/EngineMaterials/Substrate/GLints/dict_16_192_64_0p5_0p02_0019_0006.uasset" 5328
"../../../Engine/Content/EngineMaterials/Substrate/GLints/dict_16_192_64_0p5_0p02_0019_0007.uasset" 5329
"/Engine/EngineMaterials/Substrate/GLints/dict_16_192_64_0p5_0p02_0019_0002" 5330
"/Engine/EngineMaterials/Substrate/GLints/dict_16_192_64_0p5_0p02_0019_0001" 5331
"/Engine/EngineMaterials/Substrate/GLints/dict_16_192_64_0p5_0p02_0019_0000" 5332
"/Engine/EngineMaterials/Substrate/GLints/dict_16_192_64_0p5_0p02_0018_0015" 5333
"/Engine/EngineMaterials/Substrate/GLints/dict_16_192_64_0p5_0p02_0018_0014" 5334
"../../../Engine/Content/EngineMaterials/Substrate/GLints/dict_16_192_64_0p5_0p02_0019_0009.uasset" 5335
"../../../Engine/Content/EngineMaterials/Substrate/GLints/dict_16_192_64_0p5_0p02_0019_0004.uasset" 5336
"/Engine/EngineMaterials/Substrate/GLints/dict_16_192_64_0p5_0p02_0018_0013" 5337
"../../../Engine/Content/EngineMaterials/Substrate/GLints/dict_16_192_64_0p5_0p02_0019_0012.uasset" 5338
"/Engine/EngineMaterials/Substrate/GLints/dict_16_192_64_0p5_0p02_0018_0012" 5339
"/Engine/EngineMaterials/Substrate/GLints/dict_16_192_64_0p5_0p02_0018_0009" 5340
"/Engine/EngineMaterials/Substrate/GLints/dict_16_192_64_0p5_0p02_0018_0008" 5341
"../../../Engine/Content/EngineMaterials/Substrate/GLints/dict_16_192_64_0p5_0p02_0019_0011.uasset" 5342
"../../../Engine/Content/EngineMaterials/Substrate/GLints/dict_16_192_64_0p5_0p02_0019_0010.uasset" 5343
"../../../Engine/Content/EngineMaterials/Substrate/GLints/dict_16_192_64_0p5_0p02_0019_0015.uasset" 5344
"../../../Engine/Content/EngineMaterials/Substrate/GLints/dict_16_192_64_0p5_0p02_0020_0000.uasset" 5345
"../../../Engine/Content/EngineMaterials/Substrate/GLints/dict_16_192_64_0p5_0p02_0019_0008.uasset" 5346
"/Engine/EngineMaterials/Substrate/GLints/dict_16_192_64_0p5_0p02_0018_0011" 5347
"/Engine/EngineMaterials/Substrate/GLints/dict_16_192_64_0p5_0p02_0018_0007" 5348
"../../../Engine/Content/EngineMaterials/Substrate/GLints/dict_16_192_64_0p5_0p02_0019_0013.uasset" 5349
"/Engine/EngineMaterials/Substrate/GLints/dict_16_192_64_0p5_0p02_0018_0005" 5350
"/Engine/EngineMaterials/Substrate/GLints/dict_16_192_64_0p5_0p02_0018_0006" 5351
"/Engine/EngineMaterials/Substrate/GLints/dict_16_192_64_0p5_0p02_0018_0004" 5352
"/Engine/EngineMaterials/Substrate/GLints/dict_16_192_64_0p5_0p02_0018_0003" 5353
"/Engine/EngineMaterials/Substrate/GLints/dict_16_192_64_0p5_0p02_0018_0002" 5354
"/Engine/EngineMaterials/Substrate/GLints/dict_16_192_64_0p5_0p02_0019_0005" 5355
"/Engine/EngineMaterials/Substrate/GLints/dict_16_192_64_0p5_0p02_0018_0010" 5356
"/Engine/EngineMaterials/Substrate/GLints/dict_16_192_64_0p5_0p02_0020_0000" 5357
"/Engine/EngineMaterials/Substrate/GLints/dict_16_192_64_0p5_0p02_0019_0015" 5358
"/Engine/EngineMaterials/Substrate/GLints/dict_16_192_64_0p5_0p02_0019_0013" 5359
"../../../Engine/Content/EngineMaterials/Substrate/GLints/dict_16_192_64_0p5_0p02_0019_0014.uasset" 5360
"/Engine/EngineMaterials/Substrate/GLints/dict_16_192_64_0p5_0p02_0019_0012" 5361
"/Engine/EngineMaterials/Substrate/GLints/dict_16_192_64_0p5_0p02_0019_0011" 5362
"/Engine/EngineMaterials/Substrate/GLints/dict_16_192_64_0p5_0p02_0019_0010" 5363
"/Engine/EngineMaterials/Substrate/GLints/dict_16_192_64_0p5_0p02_0019_0009" 5364
"/Engine/EngineMaterials/Substrate/GLints/dict_16_192_64_0p5_0p02_0019_0008" 5365
"/Engine/EngineMaterials/Substrate/GLints/dict_16_192_64_0p5_0p02_0019_0007" 5366
"/Engine/EngineMaterials/Substrate/GLints/dict_16_192_64_0p5_0p02_0019_0006" 5367
"../../../Engine/Content/EngineMaterials/Substrate/GLints/dict_16_192_64_0p5_0p02_0020_0001.uasset" 5368
"/Engine/EngineMaterials/Substrate/GLints/dict_16_192_64_0p5_0p02_0019_0004" 5369
"/Engine/EngineMaterials/Substrate/GLints/dict_16_192_64_0p5_0p02_0020_0001" 5370
"/Engine/EngineMaterials/Substrate/GLints/dict_16_192_64_0p5_0p02_0019_0014" 5371
"../../../Engine/Content/EngineMaterials/Substrate/GLints/dict_16_192_64_0p5_0p02_0020_0003.uasset" 5372
"../../../Engine/Content/EngineMaterials/Substrate/GLints/dict_16_192_64_0p5_0p02_0020_0005.uasset" 5373
"../../../Engine/Content/EngineMaterials/Substrate/GLints/dict_16_192_64_0p5_0p02_0020_0002.uasset" 5374
"../../../Engine/Content/EngineMaterials/Substrate/GLints/dict_16_192_64_0p5_0p02_0020_0004.uasset" 5375
"../../../Engine/Content/EngineMaterials/Substrate/GLints/dict_16_192_64_0p5_0p02_0020_0007.uasset" 5376
"../../../Engine/Content/EngineMaterials/Substrate/GLints/dict_16_192_64_0p5_0p02_0020_0006.uasset" 5377
"../../../Engine/Content/EngineMaterials/Substrate/GLints/dict_16_192_64_0p5_0p02_0020_0008.uasset" 5378
"../../../Engine/Content/EngineMaterials/Substrate/GLints/dict_16_192_64_0p5_0p02_0020_0009.uasset" 5379
"/Engine/EngineMaterials/Substrate/GLints/dict_16_192_64_0p5_0p02_0020_0009" 5380
"/Engine/EngineMaterials/Substrate/GLints/dict_16_192_64_0p5_0p02_0020_0007" 5381
"/Engine/EngineMaterials/Substrate/GLints/dict_16_192_64_0p5_0p02_0020_0006" 5382
"/Engine/EngineMaterials/Substrate/GLints/dict_16_192_64_0p5_0p02_0020_0005" 5383
"/Engine/EngineMaterials/Substrate/GLints/dict_16_192_64_0p5_0p02_0020_0004" 5384
"/Engine/EngineMaterials/Substrate/GLints/dict_16_192_64_0p5_0p02_0020_0003" 5385
"/Engine/EngineMaterials/Substrate/GLints/dict_16_192_64_0p5_0p02_0020_0002" 5386
"/Engine/EngineMaterials/Substrate/GLints/dict_16_192_64_0p5_0p02_0020_0008" 5387
"../../../Engine/Content/EngineMaterials/Substrate/GLints/dict_16_192_64_0p5_0p02_0020_0015.uasset" 5388
"../../../Engine/Content/EngineMaterials/Substrate/GLints/dict_16_192_64_0p5_0p02_0020_0010.uasset" 5389
"../../../Engine/Content/EngineMaterials/Substrate/GLints/dict_16_192_64_0p5_0p02_0020_0012.uasset" 5390
"../../../Engine/Content/EngineMaterials/Substrate/GLints/dict_16_192_64_0p5_0p02_0020_0011.uasset" 5391
"../../../Engine/Content/EngineMaterials/Substrate/GLints/dict_16_192_64_0p5_0p02_0021_0000.uasset" 5392
"../../../Engine/Content/EngineMaterials/Substrate/GLints/dict_16_192_64_0p5_0p02_0020_0014.uasset" 5393
"../../../Engine/Content/EngineMaterials/Substrate/GLints/dict_16_192_64_0p5_0p02_0020_0013.uasset" 5394
"../../../Engine/Content/EngineMaterials/Substrate/GLints/dict_16_192_64_0p5_0p02_0021_0001.uasset" 5395
"../../../Engine/Content/EngineMaterials/Substrate/GLints/dict_16_192_64_0p5_0p02_0021_0002.uasset" 5396
"../../../Engine/Content/EngineMaterials/Substrate/GLints/dict_16_192_64_0p5_0p02_0021_0005.uasset" 5397
"../../../Engine/Content/EngineMaterials/Substrate/GLints/dict_16_192_64_0p5_0p02_0021_0004.uasset" 5398
"../../../Engine/Content/EngineMaterials/Substrate/GLints/dict_16_192_64_0p5_0p02_0021_0006.uasset" 5399
"../../../Engine/Content/EngineMaterials/Substrate/GLints/dict_16_192_64_0p5_0p02_0021_0003.uasset" 5400
"/Engine/EngineMaterials/Substrate/GLints/dict_16_192_64_0p5_0p02_0021_0004" 5401
"../../../Engine/Content/EngineMaterials/Substrate/GLints/dict_16_192_64_0p5_0p02_0021_0009.uasset" 5402
"/Engine/EngineMaterials/Substrate/GLints/dict_16_192_64_0p5_0p02_0021_0003" 5403
"../../../Engine/Content/EngineMaterials/Substrate/GLints/dict_16_192_64_0p5_0p02_0021_0010.uasset" 5404
"/Engine/EngineMaterials/Substrate/GLints/dict_16_192_64_0p5_0p02_0021_0002" 5405
"../../../Engine/Content/EngineMaterials/Substrate/GLints/dict_16_192_64_0p5_0p02_0021_0007.uasset" 5406
"../../../Engine/Content/EngineMaterials/Substrate/GLints/dict_16_192_64_0p5_0p02_0021_0008.uasset" 5407
"/Engine/EngineMaterials/Substrate/GLints/dict_16_192_64_0p5_0p02_0021_0001" 5408
"/Engine/EngineMaterials/Substrate/GLints/dict_16_192_64_0p5_0p02_0021_0000" 5409
"../../../Engine/Content/EngineMaterials/Substrate/GLints/dict_16_192_64_0p5_0p02_0021_0011.uasset" 5410
"/Engine/EngineMaterials/Substrate/GLints/dict_16_192_64_0p5_0p02_0020_0015" 5411
"/Engine/EngineMaterials/Substrate/GLints/dict_16_192_64_0p5_0p02_0020_0014" 5412
"/Engine/EngineMaterials/Substrate/GLints/dict_16_192_64_0p5_0p02_0020_0013" 5413
"/Engine/EngineMaterials/Substrate/GLints/dict_16_192_64_0p5_0p02_0020_0012" 5414
"/Engine/EngineMaterials/Substrate/GLints/dict_16_192_64_0p5_0p02_0020_0011" 5415
"../../../Engine/Content/EngineMaterials/Substrate/GLints/dict_16_192_64_0p5_0p02_0021_0012.uasset" 5416
"/Engine/EngineMaterials/Substrate/GLints/dict_16_192_64_0p5_0p02_0020_0010" 5417
"/Engine/EngineMaterials/Substrate/GLints/dict_16_192_64_0p5_0p02_0021_0006" 5418
"/Engine/EngineMaterials/Substrate/GLints/dict_16_192_64_0p5_0p02_0021_0005" 5419
"/Engine/EngineMaterials/Substrate/GLints/dict_16_192_64_0p5_0p02_0021_0012" 5420
"../../../Engine/Content/EngineMaterials/Substrate/GLints/dict_16_192_64_0p5_0p02_0021_0015.uasset" 5421
"/Engine/EngineMaterials/Substrate/GLints/dict_16_192_64_0p5_0p02_0021_0011" 5422
"/Engine/EngineMaterials/Substrate/GLints/dict_16_192_64_0p5_0p02_0021_0010" 5423
"../../../Engine/Content/EngineMaterials/Substrate/GLints/dict_16_192_64_0p5_0p02_0021_0014.uasset" 5424
"/Engine/EngineMaterials/Substrate/GLints/dict_16_192_64_0p5_0p02_0021_0009" 5425
"/Engine/EngineMaterials/Substrate/GLints/dict_16_192_64_0p5_0p02_0021_0008" 5426
"/Engine/EngineMaterials/Substrate/GLints/dict_16_192_64_0p5_0p02_0021_0007" 5427
"../../../Engine/Content/EngineMaterials/Substrate/GLints/dict_16_192_64_0p5_0p02_0022_0000.uasset" 5428
"../../../Engine/Content/EngineMaterials/Substrate/GLints/dict_16_192_64_0p5_0p02_0021_0013.uasset" 5429
"/Engine/EngineMaterials/Substrate/GLints/dict_16_192_64_0p5_0p02_0021_0015" 5430
"/Engine/EngineMaterials/Substrate/GLints/dict_16_192_64_0p5_0p02_0021_0014" 5431
"../../../Engine/Content/EngineMaterials/Substrate/GLints/dict_16_192_64_0p5_0p02_0022_0001.uasset" 5432
"/Engine/EngineMaterials/Substrate/GLints/dict_16_192_64_0p5_0p02_0022_0001" 5433
"/Engine/EngineMaterials/Substrate/GLints/dict_16_192_64_0p5_0p02_0022_0000" 5434
"/Engine/EngineMaterials/Substrate/GLints/dict_16_192_64_0p5_0p02_0021_0013" 5435
"../../../Engine/Content/EngineMaterials/Substrate/GLints/dict_16_192_64_0p5_0p02_0022_0004.uasset" 5436
"../../../Engine/Content/EngineMaterials/Substrate/GLints/dict_16_192_64_0p5_0p02_0022_0003.uasset" 5437
"../../../Engine/Content/EngineMaterials/Substrate/GLints/dict_16_192_64_0p5_0p02_0022_0005.uasset" 5438
"../../../Engine/Content/EngineMaterials/Substrate/GLints/dict_16_192_64_0p5_0p02_0022_0002.uasset" 5439
"../../../Engine/Content/EngineMaterials/Substrate/GLints/dict_16_192_64_0p5_0p02_0022_0006.uasset" 5440
"../../../Engine/Content/EngineMaterials/Substrate/GLints/dict_16_192_64_0p5_0p02_0022_0007.uasset" 5441
"../../../Engine/Content/EngineMaterials/Substrate/GLints/dict_16_192_64_0p5_0p02_0022_0009.uasset" 5442
"../../../Engine/Content/EngineMaterials/Substrate/GLints/dict_16_192_64_0p5_0p02_0022_0008.uasset" 5443
"../../../Engine/Content/EngineMaterials/Substrate/GLints/dict_16_192_64_0p5_0p02_0022_0010.uasset" 5444
"../../../Engine/Content/EngineMaterials/Substrate/GLints/dict_16_192_64_0p5_0p02_0022_0011.uasset" 5445
"../../../Engine/Content/EngineMaterials/Substrate/GLints/dict_16_192_64_0p5_0p02_0022_0014.uasset" 5446
"../../../Engine/Content/EngineMaterials/Substrate/GLints/dict_16_192_64_0p5_0p02_0022_0012.uasset" 5447
"../../../Engine/Content/EngineMaterials/Substrate/GLints/dict_16_192_64_0p5_0p02_0023_0000.uasset" 5448
"/Engine/EngineMaterials/Substrate/GLints/dict_16_192_64_0p5_0p02_0022_0014" 5449
"../../../Engine/Content/EngineMaterials/Substrate/GLints/dict_16_192_64_0p5_0p02_0022_0013.uasset" 5450
"/Engine/EngineMaterials/Substrate/GLints/dict_16_192_64_0p5_0p02_0022_0008" 5451
"/Engine/EngineMaterials/Substrate/GLints/dict_16_192_64_0p5_0p02_0022_0009" 5452
"../../../Engine/Content/EngineMaterials/Substrate/GLints/dict_16_192_64_0p5_0p02_0023_0002.uasset" 5453
"../../../Engine/Content/EngineMaterials/Substrate/GLints/dict_16_192_64_0p5_0p02_0023_0004.uasset" 5454
"../../../Engine/Content/EngineMaterials/Substrate/GLints/dict_16_192_64_0p5_0p02_0023_0005.uasset" 5455
"/Engine/EngineMaterials/Substrate/GLints/dict_16_192_64_0p5_0p02_0022_0007" 5456
"../../../Engine/Content/EngineMaterials/Substrate/GLints/dict_16_192_64_0p5_0p02_0022_0015.uasset" 5457
"../../../Engine/Content/EngineMaterials/Substrate/GLints/dict_16_192_64_0p5_0p02_0023_0001.uasset" 5458
"/Engine/EngineMaterials/Substrate/GLints/dict_16_192_64_0p5_0p02_0022_0006" 5459
"/Engine/EngineMaterials/Substrate/GLints/dict_16_192_64_0p5_0p02_0022_0005" 5460
"/Engine/EngineMaterials/Substrate/GLints/dict_16_192_64_0p5_0p02_0022_0004" 5461
"/Engine/EngineMaterials/Substrate/GLints/dict_16_192_64_0p5_0p02_0022_0011" 5462
"/Engine/EngineMaterials/Substrate/GLints/dict_16_192_64_0p5_0p02_0022_0003" 5463
"/Engine/EngineMaterials/Substrate/GLints/dict_16_192_64_0p5_0p02_0022_0002" 5464
"/Engine/EngineMaterials/Substrate/GLints/dict_16_192_64_0p5_0p02_0022_0010" 5465
"/Engine/EngineMaterials/Substrate/GLints/dict_16_192_64_0p5_0p02_0023_0005" 5466
"../../../Engine/Content/EngineMaterials/Substrate/GLints/dict_16_192_64_0p5_0p02_0023_0003.uasset" 5467
"/Engine/EngineMaterials/Substrate/GLints/dict_16_192_64_0p5_0p02_0023_0004" 5468
"/Engine/EngineMaterials/Substrate/GLints/dict_16_192_64_0p5_0p02_0023_0002" 5469
"../../../Engine/Content/EngineMaterials/Substrate/GLints/dict_16_192_64_0p5_0p02_0023_0006.uasset" 5470
"/Engine/EngineMaterials/Substrate/GLints/dict_16_192_64_0p5_0p02_0023_0001" 5471
"/Engine/EngineMaterials/Substrate/GLints/dict_16_192_64_0p5_0p02_0023_0000" 5472
"/Engine/EngineMaterials/Substrate/GLints/dict_16_192_64_0p5_0p02_0022_0015" 5473
"/Engine/EngineMaterials/Substrate/GLints/dict_16_192_64_0p5_0p02_0022_0013" 5474
"/Engine/EngineMaterials/Substrate/GLints/dict_16_192_64_0p5_0p02_0022_0012" 5475
"/Engine/EngineMaterials/Substrate/GLints/dict_16_192_64_0p5_0p02_0023_0006" 5476
"/Engine/EngineMaterials/Substrate/GLints/dict_16_192_64_0p5_0p02_0023_0003" 5477
"../../../Engine/Content/EngineMaterials/Substrate/GLints/dict_16_192_64_0p5_0p02_0023_0012.uasset" 5478
"../../../Engine/Content/EngineMaterials/Substrate/GLints/dict_16_192_64_0p5_0p02_0023_0011.uasset" 5479
"../../../Engine/Content/EngineMaterials/Substrate/GLints/dict_16_192_64_0p5_0p02_0023_0014.uasset" 5480
"/Engine/EngineMaterials/Substrate/GLints/dict_16_192_64_0p5_0p02_0023_0014" 5481
"/Engine/EngineMaterials/Substrate/GLints/dict_16_192_64_0p5_0p02_0023_0012" 5482
"/Engine/EngineMaterials/Substrate/GLints/dict_16_192_64_0p5_0p02_0023_0011" 5483
"../../../Engine/Content/EngineMaterials/Substrate/GLints/dict_16_192_64_0p5_0p02_0023_0008.uasset" 5484
"../../../Engine/Content/EngineMaterials/Substrate/GLints/dict_16_192_64_0p5_0p02_0023_0007.uasset" 5485
"../../../Engine/Content/EngineMaterials/Substrate/GLints/dict_16_192_64_0p5_0p02_0023_0009.uasset" 5486
"../../../Engine/Content/EngineMaterials/Substrate/GLints/dict_16_192_64_0p5_0p02_0023_0013.uasset" 5487
"../../../Engine/Content/EngineMaterials/Substrate/GLints/dict_16_192_64_0p5_0p02_0023_0010.uasset" 5488
"../../../Engine/Content/EngineMaterials/Substrate/GLints/dict_16_192_64_0p5_0p02_0024_0000.uasset" 5489
"../../../Engine/Content/EngineMaterials/Substrate/GLints/dict_16_192_64_0p5_0p02_0024_0001.uasset" 5490
"../../../Engine/Content/EngineMaterials/Substrate/GLints/dict_16_192_64_0p5_0p02_0023_0015.uasset" 5491
"../../../Engine/Content/EngineMaterials/Substrate/GLints/dict_16_192_64_0p5_0p02_0024_0003.uasset" 5492
"../../../Engine/Content/EngineMaterials/Substrate/GLints/dict_16_192_64_0p5_0p02_0024_0002.uasset" 5493
"../../../Engine/Content/EngineMaterials/Substrate/GLints/dict_16_192_64_0p5_0p02_0024_0004.uasset" 5494
"../../../Engine/Content/EngineMaterials/Substrate/GLints/dict_16_192_64_0p5_0p02_0024_0008.uasset" 5495
"../../../Engine/Content/EngineMaterials/Substrate/GLints/dict_16_192_64_0p5_0p02_0024_0006.uasset" 5496
"../../../Engine/Content/EngineMaterials/Substrate/GLints/dict_16_192_64_0p5_0p02_0024_0007.uasset" 5497
"../../../Engine/Content/EngineMaterials/Substrate/GLints/dict_16_192_64_0p5_0p02_0024_0005.uasset" 5498
"../../../Engine/Content/EngineMaterials/Substrate/GLints/dict_16_192_64_0p5_0p02_0024_0009.uasset" 5499
"/Engine/EngineMaterials/Substrate/GLints/dict_16_192_64_0p5_0p02_0024_0001" 5500
"/Engine/EngineMaterials/Substrate/GLints/dict_16_192_64_0p5_0p02_0023_0013" 5501
"/Engine/EngineMaterials/Substrate/GLints/dict_16_192_64_0p5_0p02_0024_0000" 5502
"/Engine/EngineMaterials/Substrate/GLints/dict_16_192_64_0p5_0p02_0023_0015" 5503
"/Engine/EngineMaterials/Substrate/GLints/dict_16_192_64_0p5_0p02_0023_0010" 5504
"/Engine/EngineMaterials/Substrate/GLints/dict_16_192_64_0p5_0p02_0023_0009" 5505
"/Engine/EngineMaterials/Substrate/GLints/dict_16_192_64_0p5_0p02_0024_0008" 5506
"/Engine/EngineMaterials/Substrate/GLints/dict_16_192_64_0p5_0p02_0024_0007" 5507
"/Engine/EngineMaterials/Substrate/GLints/dict_16_192_64_0p5_0p02_0023_0008" 5508
"../../../Engine/Content/EngineMaterials/Substrate/GLints/dict_16_192_64_0p5_0p02_0024_0012.uasset" 5509
"../../../Engine/Content/EngineMaterials/Substrate/GLints/dict_16_192_64_0p5_0p02_0024_0013.uasset" 5510
"/Engine/EngineMaterials/Substrate/GLints/dict_16_192_64_0p5_0p02_0024_0006" 5511
"../../../Engine/Content/EngineMaterials/Substrate/GLints/dict_16_192_64_0p5_0p02_0024_0010.uasset" 5512
"/Engine/EngineMaterials/Substrate/GLints/dict_16_192_64_0p5_0p02_0023_0007" 5513
"/Engine/EngineMaterials/Substrate/GLints/dict_16_192_64_0p5_0p02_0024_0005" 5514
"../../../Engine/Content/EngineMaterials/Substrate/GLints/dict_16_192_64_0p5_0p02_0024_0014.uasset" 5515
"/Engine/EngineMaterials/Substrate/GLints/dict_16_192_64_0p5_0p02_0024_0004" 5516
"/Engine/EngineMaterials/Substrate/GLints/dict_16_192_64_0p5_0p02_0024_0003" 5517
"/Engine/EngineMaterials/Substrate/GLints/dict_16_192_64_0p5_0p02_0024_0002" 5518
"/Engine/EngineMaterials/Substrate/GLints/dict_16_192_64_0p5_0p02_0024_0012" 5519
"../../../Engine/Content/EngineMaterials/Substrate/GLints/dict_16_192_64_0p5_0p02_0024_0011.uasset" 5520
"../../../Engine/Content/EngineMaterials/Substrate/GLints/dict_16_192_64_0p5_0p02_0025_0001.uasset" 5521
"/Engine/EngineMaterials/Substrate/GLints/dict_16_192_64_0p5_0p02_0024_0014" 5522
"../../../Engine/Content/EngineMaterials/Substrate/GLints/dict_16_192_64_0p5_0p02_0024_0015.uasset" 5523
"../../../Engine/Content/EngineMaterials/Substrate/GLints/dict_16_192_64_0p5_0p02_0025_0003.uasset" 5524
"../../../Engine/Content/EngineMaterials/Substrate/GLints/dict_16_192_64_0p5_0p02_0025_0000.uasset" 5525
"/Engine/EngineMaterials/Substrate/GLints/dict_16_192_64_0p5_0p02_0024_0013" 5526
"../../../Engine/Content/EngineMaterials/Substrate/GLints/dict_16_192_64_0p5_0p02_0025_0002.uasset" 5527
"/Engine/EngineMaterials/Substrate/GLints/dict_16_192_64_0p5_0p02_0024_0010" 5528
"/Engine/EngineMaterials/Substrate/GLints/dict_16_192_64_0p5_0p02_0024_0009" 5529
"/Engine/EngineMaterials/Substrate/GLints/dict_16_192_64_0p5_0p02_0025_0003" 5530
"/Engine/EngineMaterials/Substrate/GLints/dict_16_192_64_0p5_0p02_0025_0002" 5531
"/Engine/EngineMaterials/Substrate/GLints/dict_16_192_64_0p5_0p02_0025_0001" 5532
"/Engine/EngineMaterials/Substrate/GLints/dict_16_192_64_0p5_0p02_0025_0000" 5533
"/Engine/EngineMaterials/Substrate/GLints/dict_16_192_64_0p5_0p02_0024_0015" 5534
"/Engine/EngineMaterials/Substrate/GLints/dict_16_192_64_0p5_0p02_0024_0011" 5535
"../../../Engine/Content/EngineMaterials/Substrate/GLints/dict_16_192_64_0p5_0p02_0025_0004.uasset" 5536
"../../../Engine/Content/EngineMaterials/Substrate/GLints/dict_16_192_64_0p5_0p02_0025_0006.uasset" 5537
"../../../Engine/Content/EngineMaterials/Substrate/GLints/dict_16_192_64_0p5_0p02_0025_0005.uasset" 5538
"../../../Engine/Content/EngineMaterials/Substrate/GLints/dict_16_192_64_0p5_0p02_0025_0007.uasset" 5539
"../../../Engine/Content/EngineMaterials/Substrate/GLints/dict_16_192_64_0p5_0p02_0025_0010.uasset" 5540
"../../../Engine/Content/EngineMaterials/Substrate/GLints/dict_16_192_64_0p5_0p02_0025_0009.uasset" 5541
"../../../Engine/Content/EngineMaterials/Substrate/GLints/dict_16_192_64_0p5_0p02_0025_0011.uasset" 5542
"../../../Engine/Content/EngineMaterials/Substrate/GLints/dict_16_192_64_0p5_0p02_0025_0008.uasset" 5543
"../../../Engine/Content/EngineMaterials/Substrate/GLints/dict_16_192_64_0p5_0p02_0025_0012.uasset" 5544
"../../../Engine/Content/EngineMaterials/Substrate/GLints/dict_16_192_64_0p5_0p02_0025_0013.uasset" 5545
"../../../Engine/Content/EngineMaterials/Substrate/GLints/dict_16_192_64_0p5_0p02_0025_0015.uasset" 5546
"../../../Engine/Content/EngineMaterials/Substrate/GLints/dict_16_192_64_0p5_0p02_0025_0014.uasset" 5547
"../../../Engine/Content/EngineMaterials/Substrate/GLints/dict_16_192_64_0p5_0p02_0026_0000.uasset" 5548
"/Engine/EngineMaterials/Substrate/GLints/dict_16_192_64_0p5_0p02_0025_0006" 5549
"../../../Engine/Content/EngineMaterials/Substrate/GLints/dict_16_192_64_0p5_0p02_0026_0001.uasset" 5550
"/Engine/EngineMaterials/Substrate/GLints/dict_16_192_64_0p5_0p02_0025_0009" 5551
"/Engine/EngineMaterials/Substrate/GLints/dict_16_192_64_0p5_0p02_0025_0004" 5552
"/Engine/EngineMaterials/Substrate/GLints/dict_16_192_64_0p5_0p02_0025_0008" 5553
"../../../Engine/Content/EngineMaterials/Substrate/GLints/dict_16_192_64_0p5_0p02_0026_0008.uasset" 5554
"../../../Engine/Content/EngineMaterials/Substrate/GLints/dict_16_192_64_0p5_0p02_0026_0002.uasset" 5555
"../../../Engine/Content/EngineMaterials/Substrate/GLints/dict_16_192_64_0p5_0p02_0026_0005.uasset" 5556
"../../../Engine/Content/EngineMaterials/Substrate/GLints/dict_16_192_64_0p5_0p02_0026_0007.uasset" 5557
"../../../Engine/Content/EngineMaterials/Substrate/GLints/dict_16_192_64_0p5_0p02_0026_0003.uasset" 5558
"../../../Engine/Content/EngineMaterials/Substrate/GLints/dict_16_192_64_0p5_0p02_0026_0009.uasset" 5559
"/Engine/EngineMaterials/Substrate/GLints/dict_16_192_64_0p5_0p02_0025_0007" 5560
"../../../Engine/Content/EngineMaterials/Substrate/GLints/dict_16_192_64_0p5_0p02_0026_0004.uasset" 5561
"/Engine/EngineMaterials/Substrate/GLints/dict_16_192_64_0p5_0p02_0025_0005" 5562
"../../../Engine/Content/EngineMaterials/Substrate/GLints/dict_16_192_64_0p5_0p02_0026_0006.uasset" 5563
"/Engine/EngineMaterials/Substrate/GLints/dict_16_192_64_0p5_0p02_0025_0015" 5564
"/Engine/EngineMaterials/Substrate/GLints/dict_16_192_64_0p5_0p02_0025_0014" 5565
"/Engine/EngineMaterials/Substrate/GLints/dict_16_192_64_0p5_0p02_0025_0013" 5566
"/Engine/EngineMaterials/Substrate/GLints/dict_16_192_64_0p5_0p02_0025_0012" 5567
"/Engine/EngineMaterials/Substrate/GLints/dict_16_192_64_0p5_0p02_0025_0011" 5568
"/Engine/EngineMaterials/Substrate/GLints/dict_16_192_64_0p5_0p02_0025_0010" 5569
"/Engine/EngineMaterials/Substrate/GLints/dict_16_192_64_0p5_0p02_0026_0008" 5570
"/Engine/EngineMaterials/Substrate/GLints/dict_16_192_64_0p5_0p02_0026_0007" 5571
"/Engine/EngineMaterials/Substrate/GLints/dict_16_192_64_0p5_0p02_0026_0006" 5572
"/Engine/EngineMaterials/Substrate/GLints/dict_16_192_64_0p5_0p02_0026_0005" 5573
"../../../Engine/Content/EngineMaterials/Substrate/GLints/dict_16_192_64_0p5_0p02_0026_0010.uasset" 5574
"/Engine/EngineMaterials/Substrate/GLints/dict_16_192_64_0p5_0p02_0026_0004" 5575
"/Engine/EngineMaterials/Substrate/GLints/dict_16_192_64_0p5_0p02_0026_0003" 5576
"/Engine/EngineMaterials/Substrate/GLints/dict_16_192_64_0p5_0p02_0026_0009" 5577
"/Engine/EngineMaterials/Substrate/GLints/dict_16_192_64_0p5_0p02_0026_0002" 5578
"/Engine/EngineMaterials/Substrate/GLints/dict_16_192_64_0p5_0p02_0026_0001" 5579
"/Engine/EngineMaterials/Substrate/GLints/dict_16_192_64_0p5_0p02_0026_0000" 5580
"/Engine/EngineMaterials/Substrate/GLints/dict_16_192_64_0p5_0p02_0026_0010" 5581
"../../../Engine/Content/EngineMaterials/Substrate/GLints/dict_16_192_64_0p5_0p02_0026_0011.uasset" 5582
"../../../Engine/Content/EngineMaterials/Substrate/GLints/dict_16_192_64_0p5_0p02_0027_0001.uasset" 5583
"../../../Engine/Content/EngineMaterials/Substrate/GLints/dict_16_192_64_0p5_0p02_0026_0013.uasset" 5584
"../../../Engine/Content/EngineMaterials/Substrate/GLints/dict_16_192_64_0p5_0p02_0026_0015.uasset" 5585
"../../../Engine/Content/EngineMaterials/Substrate/GLints/dict_16_192_64_0p5_0p02_0026_0014.uasset" 5586
"../../../Engine/Content/EngineMaterials/Substrate/GLints/dict_16_192_64_0p5_0p02_0026_0012.uasset" 5587
"../../../Engine/Content/EngineMaterials/Substrate/GLints/dict_16_192_64_0p5_0p02_0027_0000.uasset" 5588
"../../../Engine/Content/EngineMaterials/Substrate/GLints/dict_16_192_64_0p5_0p02_0027_0004.uasset" 5589
"../../../Engine/Content/EngineMaterials/Substrate/GLints/dict_16_192_64_0p5_0p02_0027_0002.uasset" 5590
"../../../Engine/Content/EngineMaterials/Substrate/GLints/dict_16_192_64_0p5_0p02_0027_0006.uasset" 5591
"../../../Engine/Content/EngineMaterials/Substrate/GLints/dict_16_192_64_0p5_0p02_0027_0007.uasset" 5592
"../../../Engine/Content/EngineMaterials/Substrate/GLints/dict_16_192_64_0p5_0p02_0027_0008.uasset" 5593
"../../../Engine/Content/EngineMaterials/Substrate/GLints/dict_16_192_64_0p5_0p02_0027_0003.uasset" 5594
"../../../Engine/Content/EngineMaterials/Substrate/GLints/dict_16_192_64_0p5_0p02_0027_0005.uasset" 5595
"../../../Engine/Content/EngineMaterials/Substrate/GLints/dict_16_192_64_0p5_0p02_0027_0009.uasset" 5596
"/Engine/EngineMaterials/Substrate/GLints/dict_16_192_64_0p5_0p02_0027_0003" 5597
"/Engine/EngineMaterials/Substrate/GLints/dict_16_192_64_0p5_0p02_0027_0002" 5598
"../../../Engine/Content/EngineMaterials/Substrate/GLints/dict_16_192_64_0p5_0p02_0027_0011.uasset" 5599
"/Engine/EngineMaterials/Substrate/GLints/dict_16_192_64_0p5_0p02_0027_0001" 5600
"../../../Engine/Content/EngineMaterials/Substrate/GLints/dict_16_192_64_0p5_0p02_0027_0010.uasset" 5601
"/Engine/EngineMaterials/Substrate/GLints/dict_16_192_64_0p5_0p02_0027_0000" 5602
"/Engine/EngineMaterials/Substrate/GLints/dict_16_192_64_0p5_0p02_0026_0015" 5603
"/Engine/EngineMaterials/Substrate/GLints/dict_16_192_64_0p5_0p02_0026_0013" 5604
"/Engine/EngineMaterials/Substrate/GLints/dict_16_192_64_0p5_0p02_0026_0012" 5605
"/Engine/EngineMaterials/Substrate/GLints/dict_16_192_64_0p5_0p02_0026_0011" 5606
"/Engine/EngineMaterials/Substrate/GLints/dict_16_192_64_0p5_0p02_0026_0014" 5607
"/Engine/EngineMaterials/Substrate/GLints/dict_16_192_64_0p5_0p02_0027_0009" 5608
"../../../Engine/Content/EngineMaterials/Substrate/GLints/dict_16_192_64_0p5_0p02_0027_0013.uasset" 5609
"../../../Engine/Content/EngineMaterials/Substrate/GLints/dict_16_192_64_0p5_0p02_0027_0012.uasset" 5610
"../../../Engine/Content/EngineMaterials/Substrate/GLints/dict_16_192_64_0p5_0p02_0027_0014.uasset" 5611
"/Engine/EngineMaterials/Substrate/GLints/dict_16_192_64_0p5_0p02_0027_0008" 5612
"/Engine/EngineMaterials/Substrate/GLints/dict_16_192_64_0p5_0p02_0027_0007" 5613
"/Engine/EngineMaterials/Substrate/GLints/dict_16_192_64_0p5_0p02_0027_0006" 5614
"/Engine/EngineMaterials/Substrate/GLints/dict_16_192_64_0p5_0p02_0027_0005" 5615
"/Engine/EngineMaterials/Substrate/GLints/dict_16_192_64_0p5_0p02_0027_0004" 5616
"/Engine/EngineMaterials/Substrate/GLints/dict_16_192_64_0p5_0p02_0027_0014" 5617
"../../../Engine/Content/EngineMaterials/Substrate/GLints/dict_16_192_64_0p5_0p02_0028_0003.uasset" 5618
"/Engine/EngineMaterials/Substrate/GLints/dict_16_192_64_0p5_0p02_0027_0013" 5619
"/Engine/EngineMaterials/Substrate/GLints/dict_16_192_64_0p5_0p02_0027_0012" 5620
"/Engine/EngineMaterials/Substrate/GLints/dict_16_192_64_0p5_0p02_0027_0011" 5621
"/Engine/EngineMaterials/Substrate/GLints/dict_16_192_64_0p5_0p02_0027_0010" 5622
"/Engine/EngineMaterials/Substrate/GLints/dict_16_192_64_0p5_0p02_0028_0003" 5623
"../../../Engine/Content/EngineMaterials/Substrate/GLints/dict_16_192_64_0p5_0p02_0027_0015.uasset" 5624
"../../../Engine/Content/EngineMaterials/Substrate/GLints/dict_16_192_64_0p5_0p02_0028_0001.uasset" 5625
"../../../Engine/Content/EngineMaterials/Substrate/GLints/dict_16_192_64_0p5_0p02_0028_0004.uasset" 5626
"../../../Engine/Content/EngineMaterials/Substrate/GLints/dict_16_192_64_0p5_0p02_0028_0002.uasset" 5627
"../../../Engine/Content/EngineMaterials/Substrate/GLints/dict_16_192_64_0p5_0p02_0028_0000.uasset" 5628
"../../../Engine/Content/EngineMaterials/Substrate/GLints/dict_16_192_64_0p5_0p02_0028_0006.uasset" 5629
"../../../Engine/Content/EngineMaterials/Substrate/GLints/dict_16_192_64_0p5_0p02_0028_0005.uasset" 5630
"../../../Engine/Content/EngineMaterials/Substrate/GLints/dict_16_192_64_0p5_0p02_0028_0007.uasset" 5631
"../../../Engine/Content/EngineMaterials/Substrate/GLints/dict_16_192_64_0p5_0p02_0028_0008.uasset" 5632
"../../../Engine/Content/EngineMaterials/Substrate/GLints/dict_16_192_64_0p5_0p02_0028_0009.uasset" 5633
"../../../Engine/Content/EngineMaterials/Substrate/GLints/dict_16_192_64_0p5_0p02_0028_0012.uasset" 5634
"/Engine/EngineMaterials/Substrate/GLints/dict_16_192_64_0p5_0p02_0027_0015" 5635
"../../../Engine/Content/EngineMaterials/Substrate/GLints/dict_16_192_64_0p5_0p02_0028_0010.uasset" 5636
"/Engine/EngineMaterials/Substrate/GLints/dict_16_192_64_0p5_0p02_0028_0009" 5637
"/Engine/EngineMaterials/Substrate/GLints/dict_16_192_64_0p5_0p02_0028_0008" 5638
"/Engine/EngineMaterials/Substrate/GLints/dict_16_192_64_0p5_0p02_0028_0007" 5639
"/Engine/EngineMaterials/Substrate/GLints/dict_16_192_64_0p5_0p02_0028_0006" 5640
"../../../Engine/Content/EngineMaterials/Substrate/GLints/dict_16_192_64_0p5_0p02_0028_0011.uasset" 5641
"/Engine/EngineMaterials/Substrate/GLints/dict_16_192_64_0p5_0p02_0028_0005" 5642
"/Engine/EngineMaterials/Substrate/GLints/dict_16_192_64_0p5_0p02_0028_0004" 5643
"/Engine/EngineMaterials/Substrate/GLints/dict_16_192_64_0p5_0p02_0028_0002" 5644
"/Engine/EngineMaterials/Substrate/GLints/dict_16_192_64_0p5_0p02_0028_0001" 5645
"/Engine/EngineMaterials/Substrate/GLints/dict_16_192_64_0p5_0p02_0028_0000" 5646
"/Engine/EngineMaterials/Substrate/GLints/dict_16_192_64_0p5_0p02_0028_0010" 5647
"/Engine/EngineMaterials/Substrate/GLints/dict_16_192_64_0p5_0p02_0028_0012" 5648
"../../../Engine/Content/EngineMaterials/Substrate/GLints/dict_16_192_64_0p5_0p02_0028_0014.uasset" 5649
"/Engine/EngineMaterials/Substrate/GLints/dict_16_192_64_0p5_0p02_0028_0011" 5650
"../../../Engine/Content/EngineMaterials/Substrate/GLints/dict_16_192_64_0p5_0p02_0029_0002.uasset" 5651
"../../../Engine/Content/EngineMaterials/Substrate/GLints/dict_16_192_64_0p5_0p02_0028_0013.uasset" 5652
"/Engine/EngineMaterials/Substrate/GLints/dict_16_192_64_0p5_0p02_0028_0014" 5653
"/Engine/EngineMaterials/Substrate/GLints/dict_16_192_64_0p5_0p02_0028_0013" 5654
"../../../Engine/Content/EngineMaterials/Substrate/GLints/dict_16_192_64_0p5_0p02_0029_0003.uasset" 5655
"../../../Engine/Content/EngineMaterials/Substrate/GLints/dict_16_192_64_0p5_0p02_0029_0001.uasset" 5656
"/Engine/EngineMaterials/Substrate/GLints/dict_16_192_64_0p5_0p02_0029_0003" 5657
"/Engine/EngineMaterials/Substrate/GLints/dict_16_192_64_0p5_0p02_0029_0002" 5658
"/Engine/EngineMaterials/Substrate/GLints/dict_16_192_64_0p5_0p02_0029_0001" 5659
"../../../Engine/Content/EngineMaterials/Substrate/GLints/dict_16_192_64_0p5_0p02_0028_0015.uasset" 5660
"../../../Engine/Content/EngineMaterials/Substrate/GLints/dict_16_192_64_0p5_0p02_0029_0004.uasset" 5661
"../../../Engine/Content/EngineMaterials/Substrate/GLints/dict_16_192_64_0p5_0p02_0029_0005.uasset" 5662
"../../../Engine/Content/EngineMaterials/Substrate/GLints/dict_16_192_64_0p5_0p02_0029_0000.uasset" 5663
"../../../Engine/Content/EngineMaterials/Substrate/GLints/dict_16_192_64_0p5_0p02_0029_0006.uasset" 5664
"../../../Engine/Content/EngineMaterials/Substrate/GLints/dict_16_192_64_0p5_0p02_0029_0007.uasset" 5665
"../../../Engine/Content/EngineMaterials/Substrate/GLints/dict_16_192_64_0p5_0p02_0029_0011.uasset" 5666
"../../../Engine/Content/EngineMaterials/Substrate/GLints/dict_16_192_64_0p5_0p02_0029_0010.uasset" 5667
"../../../Engine/Content/EngineMaterials/Substrate/GLints/dict_16_192_64_0p5_0p02_0029_0009.uasset" 5668
"../../../Engine/Content/EngineMaterials/Substrate/GLints/dict_16_192_64_0p5_0p02_0029_0008.uasset" 5669
"/Engine/EngineMaterials/Substrate/GLints/dict_16_192_64_0p5_0p02_0029_0011" 5670
"/Engine/EngineMaterials/Substrate/GLints/dict_16_192_64_0p5_0p02_0029_0009" 5671
"/Engine/EngineMaterials/Substrate/GLints/dict_16_192_64_0p5_0p02_0029_0010" 5672
"/Engine/EngineMaterials/Substrate/GLints/dict_16_192_64_0p5_0p02_0029_0008" 5673
"/Engine/EngineMaterials/Substrate/GLints/dict_16_192_64_0p5_0p02_0029_0007" 5674
"/Engine/EngineMaterials/Substrate/GLints/dict_16_192_64_0p5_0p02_0029_0006" 5675
"../../../Engine/Content/EngineMaterials/Substrate/GLints/dict_16_192_64_0p5_0p02_0029_0012.uasset" 5676
"/Engine/EngineMaterials/Substrate/GLints/dict_16_192_64_0p5_0p02_0029_0005" 5677
"/Engine/EngineMaterials/Substrate/GLints/dict_16_192_64_0p5_0p02_0029_0004" 5678
"/Engine/EngineMaterials/Substrate/GLints/dict_16_192_64_0p5_0p02_0029_0000" 5679
"/Engine/EngineMaterials/Substrate/GLints/dict_16_192_64_0p5_0p02_0028_0015" 5680
"/Engine/EngineMaterials/Substrate/GLints/dict_16_192_64_0p5_0p02_0029_0012" 5681
"../../../Engine/Content/EngineMaterials/Substrate/GLints/dict_16_192_64_0p5_0p02_0030_0003.uasset" 5682
"../../../Engine/Content/EngineMaterials/Substrate/GLints/dict_16_192_64_0p5_0p02_0029_0014.uasset" 5683
"../../../Engine/Content/EngineMaterials/Substrate/GLints/dict_16_192_64_0p5_0p02_0030_0002.uasset" 5684
"../../../Engine/Content/EngineMaterials/Substrate/GLints/dict_16_192_64_0p5_0p02_0029_0013.uasset" 5685
"/Engine/EngineMaterials/Substrate/GLints/dict_16_192_64_0p5_0p02_0029_0014" 5686
"/Engine/EngineMaterials/Substrate/GLints/dict_16_192_64_0p5_0p02_0029_0013" 5687
"/Engine/EngineMaterials/Substrate/GLints/dict_16_192_64_0p5_0p02_0030_0003" 5688
"../../../Engine/Content/EngineMaterials/Substrate/GLints/dict_16_192_64_0p5_0p02_0030_0001.uasset" 5689
"/Engine/EngineMaterials/Substrate/GLints/dict_16_192_64_0p5_0p02_0030_0002" 5690
"../../../Engine/Content/EngineMaterials/Substrate/GLints/dict_16_192_64_0p5_0p02_0030_0005.uasset" 5691
"../../../Engine/Content/EngineMaterials/Substrate/GLints/dict_16_192_64_0p5_0p02_0029_0015.uasset" 5692
"/Engine/EngineMaterials/Substrate/GLints/dict_16_192_64_0p5_0p02_0030_0001" 5693
"/Engine/EngineMaterials/Substrate/GLints/dict_16_192_64_0p5_0p02_0030_0005" 5694
"../../../Engine/Content/EngineMaterials/Substrate/GLints/dict_16_192_64_0p5_0p02_0030_0004.uasset" 5695
"/Engine/EngineMaterials/Substrate/GLints/dict_16_192_64_0p5_0p02_0029_0015" 5696
"/Engine/EngineMaterials/Substrate/GLints/dict_16_192_64_0p5_0p02_0030_0004" 5697
"../../../Engine/Content/EngineMaterials/Substrate/GLints/dict_16_192_64_0p5_0p02_0030_0000.uasset" 5698
"../../../Engine/Content/EngineMaterials/Substrate/GLints/dict_16_192_64_0p5_0p02_0030_0007.uasset" 5699
"../../../Engine/Content/EngineMaterials/Substrate/GLints/dict_16_192_64_0p5_0p02_0030_0006.uasset" 5700
"../../../Engine/Content/EngineMaterials/Substrate/GLints/dict_16_192_64_0p5_0p02_0030_0009.uasset" 5701
"../../../Engine/Content/EngineMaterials/Substrate/GLints/dict_16_192_64_0p5_0p02_0030_0008.uasset" 5702
"../../../Engine/Content/EngineMaterials/Substrate/GLints/dict_16_192_64_0p5_0p02_0030_0010.uasset" 5703
"../../../Engine/Content/EngineMaterials/Substrate/GLints/dict_16_192_64_0p5_0p02_0030_0011.uasset" 5704
"../../../Engine/Content/EngineMaterials/Substrate/GLints/dict_16_192_64_0p5_0p02_0030_0014.uasset" 5705
"../../../Engine/Content/EngineMaterials/Substrate/GLints/dict_16_192_64_0p5_0p02_0030_0012.uasset" 5706
"../../../Engine/Content/EngineMaterials/Substrate/GLints/dict_16_192_64_0p5_0p02_0030_0013.uasset" 5707
"/Engine/EngineMaterials/Substrate/GLints/dict_16_192_64_0p5_0p02_0030_0009" 5708
"../../../Engine/Content/EngineMaterials/Substrate/GLints/dict_16_192_64_0p5_0p02_0031_0004.uasset" 5709
"../../../Engine/Content/EngineMaterials/Substrate/GLints/dict_16_192_64_0p5_0p02_0031_0002.uasset" 5710
"../../../Engine/Content/EngineMaterials/Substrate/GLints/dict_16_192_64_0p5_0p02_0031_0001.uasset" 5711
"../../../Engine/Content/EngineMaterials/Substrate/GLints/dict_16_192_64_0p5_0p02_0031_0003.uasset" 5712
"../../../Engine/Content/EngineMaterials/Substrate/GLints/dict_16_192_64_0p5_0p02_0031_0000.uasset" 5713
"/Engine/EngineMaterials/Substrate/GLints/dict_16_192_64_0p5_0p02_0030_0008" 5714
"../../../Engine/Content/EngineMaterials/Substrate/GLints/dict_16_192_64_0p5_0p02_0030_0015.uasset" 5715
"../../../Engine/Content/EngineMaterials/Substrate/GLints/dict_16_192_64_0p5_0p02_0031_0006.uasset" 5716
"/Engine/EngineMaterials/Substrate/GLints/dict_16_192_64_0p5_0p02_0030_0007" 5717
"/Engine/EngineMaterials/Substrate/GLints/dict_16_192_64_0p5_0p02_0030_0006" 5718
"/Engine/EngineMaterials/Substrate/GLints/dict_16_192_64_0p5_0p02_0030_0012" 5719
"../../../Engine/Content/EngineMaterials/Substrate/GLints/dict_16_192_64_0p5_0p02_0031_0007.uasset" 5720
"/Engine/EngineMaterials/Substrate/GLints/dict_16_192_64_0p5_0p02_0030_0000" 5721
"../../../Engine/Content/EngineMaterials/Substrate/GLints/dict_16_192_64_0p5_0p02_0031_0012.uasset" 5722
"../../../Engine/Content/EngineMaterials/Substrate/GLints/dict_16_192_64_0p5_0p02_0031_0013.uasset" 5723
"../../../Engine/Content/EngineMaterials/Substrate/GLints/dict_16_192_64_0p5_0p02_0031_0010.uasset" 5724
"../../../Engine/Content/EngineMaterials/Substrate/GLints/dict_16_192_64_0p5_0p02_0031_0011.uasset" 5725
"/Engine/EngineMaterials/Substrate/GLints/dict_16_192_64_0p5_0p02_0030_0013" 5726
"../../../Engine/Content/EngineMaterials/Substrate/GLints/dict_16_192_64_0p5_0p02_0031_0005.uasset" 5727
"../../../Engine/Content/EngineMaterials/Substrate/GLints/dict_16_192_64_0p5_0p02_0031_0009.uasset" 5728
"/Engine/EngineMaterials/Substrate/GLints/dict_16_192_64_0p5_0p02_0030_0014" 5729
"/Engine/EngineMaterials/Substrate/GLints/dict_16_192_64_0p5_0p02_0030_0011" 5730
"/Engine/EngineMaterials/Substrate/GLints/dict_16_192_64_0p5_0p02_0030_0010" 5731
"/Engine/EngineMaterials/Substrate/GLints/dict_16_192_64_0p5_0p02_0031_0012" 5732
"/Engine/EngineMaterials/Substrate/GLints/dict_16_192_64_0p5_0p02_0031_0011" 5733
"/Engine/EngineMaterials/Substrate/GLints/dict_16_192_64_0p5_0p02_0031_0010" 5734
"/Engine/EngineMaterials/Substrate/GLints/dict_16_192_64_0p5_0p02_0031_0009" 5735
"/Engine/EngineMaterials/Substrate/GLints/dict_16_192_64_0p5_0p02_0031_0007" 5736
"../../../Engine/Content/EngineMaterials/Substrate/GLints/dict_16_192_64_0p5_0p02_0031_0008.uasset" 5737
"../../../Engine/Content/EngineMaterials/Substrate/GLints/dict_16_192_64_0p5_0p02_0031_0015.uasset" 5738
"/Engine/EngineMaterials/Substrate/GLints/dict_16_192_64_0p5_0p02_0031_0006" 5739
"/Engine/EngineMaterials/Substrate/GLints/dict_16_192_64_0p5_0p02_0031_0005" 5740
"/Engine/EngineMaterials/Substrate/GLints/dict_16_192_64_0p5_0p02_0031_0004" 5741
"/Engine/EngineMaterials/Substrate/GLints/dict_16_192_64_0p5_0p02_0031_0001" 5742
"../../../Engine/Content/EngineMaterials/Substrate/GLints/dict_16_192_64_0p5_0p02_0032_0003.uasset" 5743
"../../../Engine/Content/EngineMaterials/Substrate/GLints/dict_16_192_64_0p5_0p02_0032_0004.uasset" 5744
"../../../Engine/Content/EngineMaterials/Substrate/GLints/dict_16_192_64_0p5_0p02_0032_0000.uasset" 5745
"../../../Engine/Content/EngineMaterials/Substrate/GLints/dict_16_192_64_0p5_0p02_0032_0001.uasset" 5746
"/Engine/EngineMaterials/Substrate/GLints/dict_16_192_64_0p5_0p02_0031_0000" 5747
"/Engine/EngineMaterials/Substrate/GLints/dict_16_192_64_0p5_0p02_0030_0015" 5748
"../../../Engine/Content/EngineMaterials/Substrate/GLints/dict_16_192_64_0p5_0p02_0031_0014.uasset" 5749
"/Engine/EngineMaterials/Substrate/GLints/dict_16_192_64_0p5_0p02_0031_0013" 5750
"/Engine/EngineMaterials/Substrate/GLints/dict_16_192_64_0p5_0p02_0031_0003" 5751
"/Engine/EngineMaterials/Substrate/GLints/dict_16_192_64_0p5_0p02_0031_0002" 5752
"/Engine/EngineMaterials/Substrate/GLints/dict_16_192_64_0p5_0p02_0032_0000" 5753
"/Engine/EngineMaterials/Substrate/GLints/dict_16_192_64_0p5_0p02_0031_0015" 5754
"../../../Engine/Content/EngineMaterials/Substrate/GLints/dict_16_192_64_0p5_0p02_0032_0005.uasset" 5755
"../../../Engine/Content/EngineMaterials/Substrate/GLints/dict_16_192_64_0p5_0p02_0032_0009.uasset" 5756
"../../../Engine/Content/EngineMaterials/Substrate/GLints/dict_16_192_64_0p5_0p02_0032_0011.uasset" 5757
"/Engine/EngineMaterials/Substrate/GLints/dict_16_192_64_0p5_0p02_0032_0003" 5758
"../../../Engine/Content/EngineMaterials/Substrate/GLints/dict_16_192_64_0p5_0p02_0032_0008.uasset" 5759
"../../../Engine/Content/EngineMaterials/Substrate/GLints/dict_16_192_64_0p5_0p02_0032_0007.uasset" 5760
"/Engine/EngineMaterials/Substrate/GLints/dict_16_192_64_0p5_0p02_0032_0004" 5761
"/Engine/EngineMaterials/Substrate/GLints/dict_16_192_64_0p5_0p02_0031_0008" 5762
"/Engine/EngineMaterials/Substrate/GLints/dict_16_192_64_0p5_0p02_0031_0014" 5763
"../../../Engine/Content/EngineMaterials/Substrate/GLints/dict_16_192_64_0p5_0p02_0032_0012.uasset" 5764
"/Engine/EngineMaterials/Substrate/GLints/dict_16_192_64_0p5_0p02_0032_0001" 5765
"/Engine/EngineMaterials/Substrate/GLints/dict_16_192_64_0p5_0p02_0032_0012" 5766
"../../../Engine/Content/EngineMaterials/Substrate/GLints/dict_16_192_64_0p5_0p02_0032_0010.uasset" 5767
"../../../Engine/Content/EngineMaterials/Substrate/GLints/dict_16_192_64_0p5_0p02_0032_0002.uasset" 5768
"/Engine/EngineMaterials/Substrate/GLints/dict_16_192_64_0p5_0p02_0032_0011" 5769
"/Engine/EngineMaterials/Substrate/GLints/dict_16_192_64_0p5_0p02_0032_0009" 5770
"/Engine/EngineMaterials/Substrate/GLints/dict_16_192_64_0p5_0p02_0032_0008" 5771
"/Engine/EngineMaterials/Substrate/GLints/dict_16_192_64_0p5_0p02_0032_0007" 5772
"/Engine/EngineMaterials/Substrate/GLints/dict_16_192_64_0p5_0p02_0032_0005" 5773
"/Engine/EngineMaterials/Substrate/GLints/dict_16_192_64_0p5_0p02_0032_0010" 5774
"/Engine/EngineMaterials/Substrate/GLints/dict_16_192_64_0p5_0p02_0032_0002" 5775
"../../../Engine/Content/EngineMaterials/Substrate/GLints/dict_16_192_64_0p5_0p02_0033_0000.uasset" 5776
"../../../Engine/Content/EngineMaterials/Substrate/GLints/dict_16_192_64_0p5_0p02_0032_0013.uasset" 5777
"../../../Engine/Content/EngineMaterials/Substrate/GLints/dict_16_192_64_0p5_0p02_0032_0006.uasset" 5778
"../../../Engine/Content/EngineMaterials/Substrate/GLints/dict_16_192_64_0p5_0p02_0032_0014.uasset" 5779
"../../../Engine/Content/EngineMaterials/Substrate/GLints/dict_16_192_64_0p5_0p02_0032_0015.uasset" 5780
"../../../Engine/Content/EngineMaterials/Substrate/GLints/dict_16_192_64_0p5_0p02_0033_0002.uasset" 5781
"../../../Engine/Content/EngineMaterials/Substrate/GLints/dict_16_192_64_0p5_0p02_0033_0003.uasset" 5782
"../../../Engine/Content/EngineMaterials/Substrate/GLints/dict_16_192_64_0p5_0p02_0033_0001.uasset" 5783
"../../../Engine/Content/EngineMaterials/Substrate/GLints/dict_16_192_64_0p5_0p02_0033_0004.uasset" 5784
"../../../Engine/Content/EngineMaterials/Substrate/GLints/dict_16_192_64_0p5_0p02_0033_0005.uasset" 5785
"../../../Engine/Content/EngineMaterials/Substrate/GLints/dict_16_192_64_0p5_0p02_0033_0006.uasset" 5786
"../../../Engine/Content/EngineMaterials/Substrate/GLints/dict_16_192_64_0p5_0p02_0033_0008.uasset" 5787
"/Engine/EngineMaterials/Substrate/GLints/dict_16_192_64_0p5_0p02_0032_0014" 5788
"../../../Engine/Content/EngineMaterials/Substrate/GLints/dict_16_192_64_0p5_0p02_0033_0009.uasset" 5789
"../../../Engine/Content/EngineMaterials/Substrate/GLints/dict_16_192_64_0p5_0p02_0033_0007.uasset" 5790
"/Engine/EngineMaterials/Substrate/GLints/dict_16_192_64_0p5_0p02_0032_0013" 5791
"/Engine/EngineMaterials/Substrate/GLints/dict_16_192_64_0p5_0p02_0033_0008" 5792
"/Engine/EngineMaterials/Substrate/GLints/dict_16_192_64_0p5_0p02_0033_0006" 5793
"/Engine/EngineMaterials/Substrate/GLints/dict_16_192_64_0p5_0p02_0033_0005" 5794
"/Engine/EngineMaterials/Substrate/GLints/dict_16_192_64_0p5_0p02_0033_0004" 5795
"/Engine/EngineMaterials/Substrate/GLints/dict_16_192_64_0p5_0p02_0033_0003" 5796
"/Engine/EngineMaterials/Substrate/GLints/dict_16_192_64_0p5_0p02_0033_0002" 5797
"../../../Engine/Content/EngineMaterials/Substrate/GLints/dict_16_192_64_0p5_0p02_0033_0010.uasset" 5798
"../../../Engine/Content/EngineMaterials/Substrate/GLints/dict_16_192_64_0p5_0p02_0033_0011.uasset" 5799
"../../../Engine/Content/EngineMaterials/Substrate/GLints/dict_16_192_64_0p5_0p02_0033_0012.uasset" 5800
"../../../Engine/Content/EngineMaterials/Substrate/GLints/dict_16_192_64_0p5_0p02_0033_0013.uasset" 5801
"../../../Engine/Content/EngineMaterials/Substrate/GLints/dict_16_192_64_0p5_0p02_0033_0014.uasset" 5802
"../../../Engine/Content/EngineMaterials/Substrate/GLints/dict_16_192_64_0p5_0p02_0034_0000.uasset" 5803
"../../../Engine/Content/EngineMaterials/Substrate/GLints/dict_16_192_64_0p5_0p02_0034_0001.uasset" 5804
"../../../Engine/Content/EngineMaterials/Substrate/GLints/dict_16_192_64_0p5_0p02_0034_0002.uasset" 5805
"/Engine/EngineMaterials/Substrate/GLints/dict_16_192_64_0p5_0p02_0033_0001" 5806
"../../../Engine/Content/EngineMaterials/Substrate/GLints/dict_16_192_64_0p5_0p02_0033_0015.uasset" 5807
"/Engine/EngineMaterials/Substrate/GLints/dict_16_192_64_0p5_0p02_0033_0000" 5808
"../../../Engine/Content/EngineMaterials/Substrate/GLints/dict_16_192_64_0p5_0p02_0034_0003.uasset" 5809
"/Engine/EngineMaterials/Substrate/GLints/dict_16_192_64_0p5_0p02_0032_0015" 5810
"/Engine/EngineMaterials/Substrate/GLints/dict_16_192_64_0p5_0p02_0032_0006" 5811
"/Engine/EngineMaterials/Substrate/GLints/dict_16_192_64_0p5_0p02_0034_0003" 5812
"/Engine/EngineMaterials/Substrate/GLints/dict_16_192_64_0p5_0p02_0034_0002" 5813
"/Engine/EngineMaterials/Substrate/GLints/dict_16_192_64_0p5_0p02_0034_0001" 5814
"/Engine/EngineMaterials/Substrate/GLints/dict_16_192_64_0p5_0p02_0033_0012" 5815
"/Engine/EngineMaterials/Substrate/GLints/dict_16_192_64_0p5_0p02_0033_0011" 5816
"/Engine/EngineMaterials/Substrate/GLints/dict_16_192_64_0p5_0p02_0034_0000" 5817
"/Engine/EngineMaterials/Substrate/GLints/dict_16_192_64_0p5_0p02_0033_0010" 5818
"/Engine/EngineMaterials/Substrate/GLints/dict_16_192_64_0p5_0p02_0033_0009" 5819
"/Engine/EngineMaterials/Substrate/GLints/dict_16_192_64_0p5_0p02_0033_0015" 5820
"/Engine/EngineMaterials/Substrate/GLints/dict_16_192_64_0p5_0p02_0033_0007" 5821
"/Engine/EngineMaterials/Substrate/GLints/dict_16_192_64_0p5_0p02_0033_0014" 5822
"/Engine/EngineMaterials/Substrate/GLints/dict_16_192_64_0p5_0p02_0033_0013" 5823
"../../../Engine/Content/EngineMaterials/Substrate/GLints/dict_16_192_64_0p5_0p02_0034_0008.uasset" 5824
"../../../Engine/Content/EngineMaterials/Substrate/GLints/dict_16_192_64_0p5_0p02_0034_0009.uasset" 5825
"../../../Engine/Content/EngineMaterials/Substrate/GLints/dict_16_192_64_0p5_0p02_0034_0005.uasset" 5826
"../../../Engine/Content/EngineMaterials/Substrate/GLints/dict_16_192_64_0p5_0p02_0034_0007.uasset" 5827
"../../../Engine/Content/EngineMaterials/Substrate/GLints/dict_16_192_64_0p5_0p02_0034_0011.uasset" 5828
"../../../Engine/Content/EngineMaterials/Substrate/GLints/dict_16_192_64_0p5_0p02_0034_0010.uasset" 5829
"../../../Engine/Content/EngineMaterials/Substrate/GLints/dict_16_192_64_0p5_0p02_0034_0006.uasset" 5830
"../../../Engine/Content/EngineMaterials/Substrate/GLints/dict_16_192_64_0p5_0p02_0034_0014.uasset" 5831
"../../../Engine/Content/EngineMaterials/Substrate/GLints/dict_16_192_64_0p5_0p02_0034_0015.uasset" 5832
"../../../Engine/Content/EngineMaterials/Substrate/GLints/dict_16_192_64_0p5_0p02_0034_0013.uasset" 5833
"../../../Engine/Content/EngineMaterials/Substrate/GLints/dict_16_192_64_0p5_0p02_0034_0012.uasset" 5834
"../../../Engine/Content/EngineMaterials/Substrate/GLints/dict_16_192_64_0p5_0p02_0035_0000.uasset" 5835
"/Engine/EngineMaterials/Substrate/GLints/dict_16_192_64_0p5_0p02_0034_0009" 5836
"../../../Engine/Content/EngineMaterials/Substrate/GLints/dict_16_192_64_0p5_0p02_0035_0002.uasset" 5837
"/Engine/EngineMaterials/Substrate/GLints/dict_16_192_64_0p5_0p02_0034_0008" 5838
"/Engine/EngineMaterials/Substrate/GLints/dict_16_192_64_0p5_0p02_0035_0000" 5839
"/Engine/EngineMaterials/Substrate/GLints/dict_16_192_64_0p5_0p02_0034_0011" 5840
"/Engine/EngineMaterials/Substrate/GLints/dict_16_192_64_0p5_0p02_0034_0010" 5841
"/Engine/EngineMaterials/Substrate/GLints/dict_16_192_64_0p5_0p02_0034_0015" 5842
"/Engine/EngineMaterials/Substrate/GLints/dict_16_192_64_0p5_0p02_0034_0007" 5843
"/Engine/EngineMaterials/Substrate/GLints/dict_16_192_64_0p5_0p02_0034_0014" 5844
"/Engine/EngineMaterials/Substrate/GLints/dict_16_192_64_0p5_0p02_0034_0013" 5845
"/Engine/EngineMaterials/Substrate/GLints/dict_16_192_64_0p5_0p02_0034_0006" 5846
"../../../Engine/Content/EngineMaterials/Substrate/GLints/dict_16_192_64_0p5_0p02_0035_0001.uasset" 5847
"/Engine/EngineMaterials/Substrate/GLints/dict_16_192_64_0p5_0p02_0034_0005" 5848
"/Engine/EngineMaterials/Substrate/GLints/dict_16_192_64_0p5_0p02_0034_0012" 5849
"/Engine/EngineMaterials/Substrate/GLints/dict_16_192_64_0p5_0p02_0035_0002" 5850
"/Engine/EngineMaterials/Substrate/GLints/dict_16_192_64_0p5_0p02_0035_0001" 5851
"../../../Engine/Content/EngineMaterials/Substrate/GLints/dict_16_192_64_0p5_0p02_0035_0003.uasset" 5852
"../../../Engine/Content/EngineMaterials/Substrate/GLints/dict_16_192_64_0p5_0p02_0035_0006.uasset" 5853
"../../../Engine/Content/EngineMaterials/Substrate/GLints/dict_16_192_64_0p5_0p02_0035_0009.uasset" 5854
"../../../Engine/Content/EngineMaterials/Substrate/GLints/dict_16_192_64_0p5_0p02_0035_0005.uasset" 5855
"../../../Engine/Content/EngineMaterials/Substrate/GLints/dict_16_192_64_0p5_0p02_0035_0008.uasset" 5856
"../../../Engine/Content/EngineMaterials/Substrate/GLints/dict_16_192_64_0p5_0p02_0034_0004.uasset" 5857
"../../../Engine/Content/EngineMaterials/Substrate/GLints/dict_16_192_64_0p5_0p02_0035_0010.uasset" 5858
"../../../Engine/Content/EngineMaterials/Substrate/GLints/dict_16_192_64_0p5_0p02_0035_0007.uasset" 5859
"/Engine/EngineMaterials/Substrate/GLints/dict_16_192_64_0p5_0p02_0035_0006" 5860
"/Engine/EngineMaterials/Substrate/GLints/dict_16_192_64_0p5_0p02_0035_0005" 5861
"../../../Engine/Content/EngineMaterials/Substrate/GLints/dict_16_192_64_0p5_0p02_0035_0011.uasset" 5862
"../../../Engine/Content/EngineMaterials/Substrate/GLints/dict_16_192_64_0p5_0p02_0035_0004.uasset" 5863
"../../../Engine/Content/EngineMaterials/Substrate/GLints/dict_16_192_64_0p5_0p02_0035_0012.uasset" 5864
"../../../Engine/Content/EngineMaterials/Substrate/GLints/dict_16_192_64_0p5_0p02_0035_0013.uasset" 5865
"/Engine/EngineMaterials/Substrate/GLints/dict_16_192_64_0p5_0p02_0035_0010" 5866
"/Engine/EngineMaterials/Substrate/GLints/dict_16_192_64_0p5_0p02_0035_0003" 5867
"/Engine/EngineMaterials/Substrate/GLints/dict_16_192_64_0p5_0p02_0035_0009" 5868
"/Engine/EngineMaterials/Substrate/GLints/dict_16_192_64_0p5_0p02_0035_0008" 5869
"../../../Engine/Content/EngineMaterials/Substrate/GLints/dict_16_192_64_0p5_0p02_0035_0014.uasset" 5870
"/Engine/EngineMaterials/Substrate/GLints/dict_16_192_64_0p5_0p02_0034_0004" 5871
"/Engine/EngineMaterials/Substrate/GLints/dict_16_192_64_0p5_0p02_0035_0007" 5872
"/Engine/EngineMaterials/Substrate/GLints/dict_16_192_64_0p5_0p02_0035_0014" 5873
"/Engine/EngineMaterials/Substrate/GLints/dict_16_192_64_0p5_0p02_0035_0013" 5874
"/Engine/EngineMaterials/Substrate/GLints/dict_16_192_64_0p5_0p02_0035_0012" 5875
"/Engine/EngineMaterials/Substrate/GLints/dict_16_192_64_0p5_0p02_0035_0011" 5876
"/Engine/EngineMaterials/Substrate/GLints/dict_16_192_64_0p5_0p02_0035_0004" 5877
"../../../Engine/Content/EngineMaterials/Substrate/GLints/dict_16_192_64_0p5_0p02_0035_0015.uasset" 5878
"../../../Engine/Content/EngineMaterials/Substrate/GLints/dict_16_192_64_0p5_0p02_0036_0000.uasset" 5879
"../../../Engine/Content/EngineMaterials/Substrate/GLints/dict_16_192_64_0p5_0p02_0036_0002.uasset" 5880
"../../../Engine/Content/EngineMaterials/Substrate/GLints/dict_16_192_64_0p5_0p02_0036_0005.uasset" 5881
"../../../Engine/Content/EngineMaterials/Substrate/GLints/dict_16_192_64_0p5_0p02_0036_0006.uasset" 5882
"../../../Engine/Content/EngineMaterials/Substrate/GLints/dict_16_192_64_0p5_0p02_0036_0007.uasset" 5883
"../../../Engine/Content/EngineMaterials/Substrate/GLints/dict_16_192_64_0p5_0p02_0036_0003.uasset" 5884
"/Engine/EngineMaterials/Substrate/GLints/dict_16_192_64_0p5_0p02_0036_0003" 5885
"../../../Engine/Content/EngineMaterials/Substrate/GLints/dict_16_192_64_0p5_0p02_0036_0010.uasset" 5886
"../../../Engine/Content/EngineMaterials/Substrate/GLints/dict_16_192_64_0p5_0p02_0036_0001.uasset" 5887
"/Engine/EngineMaterials/Substrate/GLints/dict_16_192_64_0p5_0p02_0036_0002" 5888
"/Engine/EngineMaterials/Substrate/GLints/dict_16_192_64_0p5_0p02_0036_0000" 5889
"/Engine/EngineMaterials/Substrate/GLints/dict_16_192_64_0p5_0p02_0035_0015" 5890
"../../../Engine/Content/EngineMaterials/Substrate/GLints/dict_16_192_64_0p5_0p02_0036_0004.uasset" 5891
"../../../Engine/Content/EngineMaterials/Substrate/GLints/dict_16_192_64_0p5_0p02_0036_0011.uasset" 5892
"../../../Engine/Content/EngineMaterials/Substrate/GLints/dict_16_192_64_0p5_0p02_0036_0008.uasset" 5893
"/Engine/EngineMaterials/Substrate/GLints/dict_16_192_64_0p5_0p02_0036_0007" 5894
"../../../Engine/Content/EngineMaterials/Substrate/GLints/dict_16_192_64_0p5_0p02_0036_0012.uasset" 5895
"/Engine/EngineMaterials/Substrate/GLints/dict_16_192_64_0p5_0p02_0036_0006" 5896
"../../../Engine/Content/EngineMaterials/Substrate/GLints/dict_16_192_64_0p5_0p02_0036_0013.uasset" 5897
"/Engine/EngineMaterials/Substrate/GLints/dict_16_192_64_0p5_0p02_0036_0005" 5898
"../../../Engine/Content/EngineMaterials/Substrate/GLints/dict_16_192_64_0p5_0p02_0036_0014.uasset" 5899
"/Engine/EngineMaterials/Substrate/GLints/dict_16_192_64_0p5_0p02_0036_0014" 5900
"/Engine/EngineMaterials/Substrate/GLints/dict_16_192_64_0p5_0p02_0036_0001" 5901
"/Engine/EngineMaterials/Substrate/GLints/dict_16_192_64_0p5_0p02_0036_0013" 5902
"../../../Engine/Content/EngineMaterials/Substrate/GLints/dict_16_192_64_0p5_0p02_0036_0009.uasset" 5903
"/Engine/EngineMaterials/Substrate/GLints/dict_16_192_64_0p5_0p02_0036_0012" 5904
"/Engine/EngineMaterials/Substrate/GLints/dict_16_192_64_0p5_0p02_0036_0011" 5905
"/Engine/EngineMaterials/Substrate/GLints/dict_16_192_64_0p5_0p02_0036_0010" 5906
"/Engine/EngineMaterials/Substrate/GLints/dict_16_192_64_0p5_0p02_0036_0008" 5907
"/Engine/EngineMaterials/Substrate/GLints/dict_16_192_64_0p5_0p02_0036_0004" 5908
"/Engine/EngineMaterials/Substrate/GLints/dict_16_192_64_0p5_0p02_0036_0009" 5909
"../../../Engine/Content/EngineMaterials/Substrate/GLints/dict_16_192_64_0p5_0p02_0037_0000.uasset" 5910
"../../../Engine/Content/EngineMaterials/Substrate/GLints/dict_16_192_64_0p5_0p02_0037_0003.uasset" 5911
"../../../Engine/Content/EngineMaterials/Substrate/GLints/dict_16_192_64_0p5_0p02_0037_0001.uasset" 5912
"../../../Engine/Content/EngineMaterials/Substrate/GLints/dict_16_192_64_0p5_0p02_0036_0015.uasset" 5913
"../../../Engine/Content/EngineMaterials/Substrate/GLints/dict_16_192_64_0p5_0p02_0037_0005.uasset" 5914
"../../../Engine/Content/EngineMaterials/Substrate/GLints/dict_16_192_64_0p5_0p02_0037_0004.uasset" 5915
"../../../Engine/Content/EngineMaterials/Substrate/GLints/dict_16_192_64_0p5_0p02_0037_0002.uasset" 5916
"../../../Engine/Content/EngineMaterials/Substrate/GLints/dict_16_192_64_0p5_0p02_0037_0007.uasset" 5917
"../../../Engine/Content/EngineMaterials/Substrate/GLints/dict_16_192_64_0p5_0p02_0037_0006.uasset" 5918
"/Engine/EngineMaterials/Substrate/GLints/dict_16_192_64_0p5_0p02_0036_0015" 5919
"/Engine/EngineMaterials/Substrate/GLints/dict_16_192_64_0p5_0p02_0037_0007" 5920
"/Engine/EngineMaterials/Substrate/GLints/dict_16_192_64_0p5_0p02_0037_0006" 5921
"../../../Engine/Content/EngineMaterials/Substrate/GLints/dict_16_192_64_0p5_0p02_0037_0013.uasset" 5922
"../../../Engine/Content/EngineMaterials/Substrate/GLints/dict_16_192_64_0p5_0p02_0037_0009.uasset" 5923
"../../../Engine/Content/EngineMaterials/Substrate/GLints/dict_16_192_64_0p5_0p02_0037_0008.uasset" 5924
"/Engine/EngineMaterials/Substrate/GLints/dict_16_192_64_0p5_0p02_0037_0005" 5925
"../../../Engine/Content/EngineMaterials/Substrate/GLints/dict_16_192_64_0p5_0p02_0037_0011.uasset" 5926
"/Engine/EngineMaterials/Substrate/GLints/dict_16_192_64_0p5_0p02_0037_0001" 5927
"/Engine/EngineMaterials/Substrate/GLints/dict_16_192_64_0p5_0p02_0037_0000" 5928
"/Engine/EngineMaterials/Substrate/GLints/dict_16_192_64_0p5_0p02_0037_0004" 5929
"../../../Engine/Content/EngineMaterials/Substrate/GLints/dict_16_192_64_0p5_0p02_0037_0010.uasset" 5930
"/Engine/EngineMaterials/Substrate/GLints/dict_16_192_64_0p5_0p02_0037_0003" 5931
"../../../Engine/Content/EngineMaterials/Substrate/GLints/dict_16_192_64_0p5_0p02_0037_0012.uasset" 5932
"/Engine/EngineMaterials/Substrate/GLints/dict_16_192_64_0p5_0p02_0037_0002" 5933
"/Engine/EngineMaterials/Substrate/GLints/dict_16_192_64_0p5_0p02_0037_0008" 5934
"/Engine/EngineMaterials/Substrate/GLints/dict_16_192_64_0p5_0p02_0037_0013" 5935
"/Engine/EngineMaterials/Substrate/GLints/dict_16_192_64_0p5_0p02_0037_0012" 5936
"/Engine/EngineMaterials/Substrate/GLints/dict_16_192_64_0p5_0p02_0037_0011" 5937
"/Engine/EngineMaterials/Substrate/GLints/dict_16_192_64_0p5_0p02_0037_0010" 5938
"/Engine/EngineMaterials/Substrate/GLints/dict_16_192_64_0p5_0p02_0037_0009" 5939
"../../../Engine/Content/EngineMaterials/Substrate/GLints/dict_16_192_64_0p5_0p02_0037_0014.uasset" 5940
"../../../Engine/Content/EngineMaterials/Substrate/GLints/dict_16_192_64_0p5_0p02_0037_0015.uasset" 5941
"../../../Engine/Content/EngineMaterials/Substrate/GLints/dict_16_192_64_0p5_0p02_0038_0000.uasset" 5942
"../../../Engine/Content/EngineMaterials/Substrate/GLints/dict_16_192_64_0p5_0p02_0038_0001.uasset" 5943
"../../../Engine/Content/EngineMaterials/Substrate/GLints/dict_16_192_64_0p5_0p02_0038_0002.uasset" 5944
"../../../Engine/Content/EngineMaterials/Substrate/GLints/dict_16_192_64_0p5_0p02_0038_0004.uasset" 5945
"../../../Engine/Content/EngineMaterials/Substrate/GLints/dict_16_192_64_0p5_0p02_0038_0006.uasset" 5946
"../../../Engine/Content/EngineMaterials/Substrate/GLints/dict_16_192_64_0p5_0p02_0038_0007.uasset" 5947
"../../../Engine/Content/EngineMaterials/Substrate/GLints/dict_16_192_64_0p5_0p02_0038_0003.uasset" 5948
"../../../Engine/Content/EngineMaterials/Substrate/GLints/dict_16_192_64_0p5_0p02_0038_0009.uasset" 5949
"/Engine/EngineMaterials/Substrate/GLints/dict_16_192_64_0p5_0p02_0037_0014" 5950
"../../../Engine/Content/EngineMaterials/Substrate/GLints/dict_16_192_64_0p5_0p02_0038_0008.uasset" 5951
"/Engine/EngineMaterials/Substrate/GLints/dict_16_192_64_0p5_0p02_0038_0004" 5952
"/Engine/EngineMaterials/Substrate/GLints/dict_16_192_64_0p5_0p02_0038_0003" 5953
"/Engine/EngineMaterials/Substrate/GLints/dict_16_192_64_0p5_0p02_0038_0002" 5954
"/Engine/EngineMaterials/Substrate/GLints/dict_16_192_64_0p5_0p02_0038_0009" 5955
"/Engine/EngineMaterials/Substrate/GLints/dict_16_192_64_0p5_0p02_0038_0007" 5956
"/Engine/EngineMaterials/Substrate/GLints/dict_16_192_64_0p5_0p02_0038_0001" 5957
"/Engine/EngineMaterials/Substrate/GLints/dict_16_192_64_0p5_0p02_0038_0000" 5958
"../../../Engine/Content/EngineMaterials/Substrate/GLints/dict_16_192_64_0p5_0p02_0038_0005.uasset" 5959
"/Engine/EngineMaterials/Substrate/GLints/dict_16_192_64_0p5_0p02_0037_0015" 5960
"/Engine/EngineMaterials/Substrate/GLints/dict_16_192_64_0p5_0p02_0038_0006" 5961
"/Engine/EngineMaterials/Substrate/GLints/dict_16_192_64_0p5_0p02_0038_0005" 5962
"../../../Engine/Content/EngineMaterials/Substrate/GLints/dict_16_192_64_0p5_0p02_0038_0013.uasset" 5963
"../../../Engine/Content/EngineMaterials/Substrate/GLints/dict_16_192_64_0p5_0p02_0038_0011.uasset" 5964
"/Engine/EngineMaterials/Substrate/GLints/dict_16_192_64_0p5_0p02_0038_0008" 5965
"../../../Engine/Content/EngineMaterials/Substrate/GLints/dict_16_192_64_0p5_0p02_0038_0010.uasset" 5966
"/Engine/EngineMaterials/Substrate/GLints/dict_16_192_64_0p5_0p02_0038_0013" 5967
"/Engine/EngineMaterials/Substrate/GLints/dict_16_192_64_0p5_0p02_0038_0011" 5968
"/Engine/EngineMaterials/Substrate/GLints/dict_16_192_64_0p5_0p02_0038_0010" 5969
"../../../Engine/Content/EngineMaterials/Substrate/GLints/dict_16_192_64_0p5_0p02_0038_0015.uasset" 5970
"/Engine/EngineMaterials/Substrate/GLints/dict_16_192_64_0p5_0p02_0038_0015" 5971
"../../../Engine/Content/EngineMaterials/Substrate/GLints/dict_16_192_64_0p5_0p02_0038_0014.uasset" 5972
"/Engine/EngineMaterials/Substrate/GLints/dict_16_192_64_0p5_0p02_0038_0014" 5973
"../../../Engine/Content/EngineMaterials/Substrate/GLints/dict_16_192_64_0p5_0p02_0039_0001.uasset" 5974
"../../../Engine/Content/EngineMaterials/Substrate/GLints/dict_16_192_64_0p5_0p02_0039_0002.uasset" 5975
"../../../Engine/Content/EngineMaterials/Substrate/GLints/dict_16_192_64_0p5_0p02_0038_0012.uasset" 5976
"../../../Engine/Content/EngineMaterials/Substrate/GLints/dict_16_192_64_0p5_0p02_0039_0003.uasset" 5977
"../../../Engine/Content/EngineMaterials/Substrate/GLints/dict_16_192_64_0p5_0p02_0039_0004.uasset" 5978
"../../../Engine/Content/EngineMaterials/Substrate/GLints/dict_16_192_64_0p5_0p02_0039_0005.uasset" 5979
"../../../Engine/Content/EngineMaterials/Substrate/GLints/dict_16_192_64_0p5_0p02_0039_0000.uasset" 5980
"../../../Engine/Content/EngineMaterials/Substrate/GLints/dict_16_192_64_0p5_0p02_0039_0006.uasset" 5981
"../../../Engine/Content/EngineMaterials/Substrate/GLints/dict_16_192_64_0p5_0p02_0039_0008.uasset" 5982
"../../../Engine/Content/EngineMaterials/Substrate/GLints/dict_16_192_64_0p5_0p02_0039_0007.uasset" 5983
"/Engine/EngineMaterials/Substrate/GLints/dict_16_192_64_0p5_0p02_0039_0007" 5984
"../../../Engine/Content/EngineMaterials/Substrate/GLints/dict_16_192_64_0p5_0p02_0039_0009.uasset" 5985
"/Engine/EngineMaterials/Substrate/GLints/dict_16_192_64_0p5_0p02_0038_0012" 5986
"/Engine/EngineMaterials/Substrate/GLints/dict_16_192_64_0p5_0p02_0039_0006" 5987
"/Engine/EngineMaterials/Substrate/GLints/dict_16_192_64_0p5_0p02_0039_0005" 5988
"/Engine/EngineMaterials/Substrate/GLints/dict_16_192_64_0p5_0p02_0039_0008" 5989
"../../../Engine/Content/EngineMaterials/Substrate/GLints/dict_16_192_64_0p5_0p02_0039_0011.uasset" 5990
"/Engine/EngineMaterials/Substrate/GLints/dict_16_192_64_0p5_0p02_0039_0004" 5991
"/Engine/EngineMaterials/Substrate/GLints/dict_16_192_64_0p5_0p02_0039_0003" 5992
"/Engine/EngineMaterials/Substrate/GLints/dict_16_192_64_0p5_0p02_0039_0002" 5993
"/Engine/EngineMaterials/Substrate/GLints/dict_16_192_64_0p5_0p02_0039_0001" 5994
"../../../Engine/Content/EngineMaterials/Substrate/GLints/dict_16_192_64_0p5_0p02_0040_0000.uasset" 5995
"../../../Engine/Content/EngineMaterials/Substrate/GLints/dict_16_192_64_0p5_0p02_0039_0014.uasset" 5996
"../../../Engine/Content/EngineMaterials/Substrate/GLints/dict_16_192_64_0p5_0p02_0040_0002.uasset" 5997
"/Engine/EngineMaterials/Substrate/GLints/dict_16_192_64_0p5_0p02_0039_0000" 5998
"../../../Engine/Content/EngineMaterials/Substrate/GLints/dict_16_192_64_0p5_0p02_0039_0012.uasset" 5999
"/Engine/EngineMaterials/Substrate/GLints/dict_16_192_64_0p5_0p02_0039_0012" 6000
"/Engine/EngineMaterials/Substrate/GLints/dict_16_192_64_0p5_0p02_0039_0011" 6001
"../../../Engine/Content/EngineMaterials/Substrate/GLints/dict_16_192_64_0p5_0p02_0039_0010.uasset" 6002
"../../../Engine/Content/EngineMaterials/Substrate/GLints/dict_16_192_64_0p5_0p02_0039_0015.uasset" 6003
"/Engine/EngineMaterials/Substrate/GLints/dict_16_192_64_0p5_0p02_0039_0009" 6004
"/Engine/EngineMaterials/Substrate/GLints/dict_16_192_64_0p5_0p02_0040_0002" 6005
"/Engine/EngineMaterials/Substrate/GLints/dict_16_192_64_0p5_0p02_0040_0000" 6006
"../../../Engine/Content/EngineMaterials/Substrate/GLints/dict_16_192_64_0p5_0p02_0039_0013.uasset" 6007
"/Engine/EngineMaterials/Substrate/GLints/dict_16_192_64_0p5_0p02_0039_0014" 6008
"/Engine/EngineMaterials/Substrate/GLints/dict_16_192_64_0p5_0p02_0039_0013" 6009
"/Engine/EngineMaterials/Substrate/GLints/dict_16_192_64_0p5_0p02_0039_0010" 6010
"/Engine/EngineMaterials/Substrate/GLints/dict_16_192_64_0p5_0p02_0039_0015" 6011
"../../../Engine/Content/EngineMaterials/Substrate/GLints/dict_16_192_64_0p5_0p02_0040_0001.uasset" 6012
"../../../Engine/Content/EngineMaterials/Substrate/GLints/dict_16_192_64_0p5_0p02_0040_0003.uasset" 6013
"../../../Engine/Content/EngineMaterials/Substrate/GLints/dict_16_192_64_0p5_0p02_0040_0005.uasset" 6014
"../../../Engine/Content/EngineMaterials/Substrate/GLints/dict_16_192_64_0p5_0p02_0040_0006.uasset" 6015
"../../../Engine/Content/EngineMaterials/Substrate/GLints/dict_16_192_64_0p5_0p02_0040_0004.uasset" 6016
"../../../Engine/Content/EngineMaterials/Substrate/GLints/dict_16_192_64_0p5_0p02_0040_0010.uasset" 6017
"../../../Engine/Content/EngineMaterials/Substrate/GLints/dict_16_192_64_0p5_0p02_0040_0007.uasset" 6018
"../../../Engine/Content/EngineMaterials/Substrate/GLints/dict_16_192_64_0p5_0p02_0040_0008.uasset" 6019
"../../../Engine/Content/EngineMaterials/Substrate/GLints/dict_16_192_64_0p5_0p02_0040_0009.uasset" 6020
"/Engine/EngineMaterials/Substrate/GLints/dict_16_192_64_0p5_0p02_0040_0007" 6021
"/Engine/EngineMaterials/Substrate/GLints/dict_16_192_64_0p5_0p02_0040_0009" 6022
"../../../Engine/Content/EngineMaterials/Substrate/GLints/dict_16_192_64_0p5_0p02_0040_0014.uasset" 6023
"../../../Engine/Content/EngineMaterials/Substrate/GLints/dict_16_192_64_0p5_0p02_0040_0015.uasset" 6024
"../../../Engine/Content/EngineMaterials/Substrate/GLints/dict_16_192_64_0p5_0p02_0041_0000.uasset" 6025
"../../../Engine/Content/EngineMaterials/Substrate/GLints/dict_16_192_64_0p5_0p02_0040_0012.uasset" 6026
"/Engine/EngineMaterials/Substrate/GLints/dict_16_192_64_0p5_0p02_0040_0006" 6027
"../../../Engine/Content/EngineMaterials/Substrate/GLints/dict_16_192_64_0p5_0p02_0040_0013.uasset" 6028
"/Engine/EngineMaterials/Substrate/GLints/dict_16_192_64_0p5_0p02_0040_0005" 6029
"../../../Engine/Content/EngineMaterials/Substrate/GLints/dict_16_192_64_0p5_0p02_0040_0011.uasset" 6030
"/Engine/EngineMaterials/Substrate/GLints/dict_16_192_64_0p5_0p02_0040_0004" 6031
"../../../Engine/Content/EngineMaterials/Substrate/GLints/dict_16_192_64_0p5_0p02_0041_0001.uasset" 6032
"../../../Engine/Content/EngineMaterials/Substrate/GLints/dict_16_192_64_0p5_0p02_0041_0002.uasset" 6033
"/Engine/EngineMaterials/Substrate/GLints/dict_16_192_64_0p5_0p02_0040_0010" 6034
"/Engine/EngineMaterials/Substrate/GLints/dict_16_192_64_0p5_0p02_0040_0003" 6035
"/Engine/EngineMaterials/Substrate/GLints/dict_16_192_64_0p5_0p02_0040_0008" 6036
"/Engine/EngineMaterials/Substrate/GLints/dict_16_192_64_0p5_0p02_0040_0001" 6037
"/Engine/EngineMaterials/Substrate/GLints/dict_16_192_64_0p5_0p02_0040_0012" 6038
"../../../Engine/Content/EngineMaterials/Substrate/GLints/dict_16_192_64_0p5_0p02_0041_0005.uasset" 6039
"../../../Engine/Content/EngineMaterials/Substrate/GLints/dict_16_192_64_0p5_0p02_0041_0006.uasset" 6040
"/Engine/EngineMaterials/Substrate/GLints/dict_16_192_64_0p5_0p02_0041_0002" 6041
"../../../Engine/Content/EngineMaterials/Substrate/GLints/dict_16_192_64_0p5_0p02_0041_0009.uasset" 6042
"../../../Engine/Content/EngineMaterials/Substrate/GLints/dict_16_192_64_0p5_0p02_0041_0003.uasset" 6043
"../../../Engine/Content/EngineMaterials/Substrate/GLints/dict_16_192_64_0p5_0p02_0041_0004.uasset" 6044
"/Engine/EngineMaterials/Substrate/GLints/dict_16_192_64_0p5_0p02_0041_0001" 6045
"/Engine/EngineMaterials/Substrate/GLints/dict_16_192_64_0p5_0p02_0040_0011" 6046
"/Engine/EngineMaterials/Substrate/GLints/dict_16_192_64_0p5_0p02_0041_0000" 6047
"../../../Engine/Content/EngineMaterials/Substrate/GLints/dict_16_192_64_0p5_0p02_0041_0010.uasset" 6048
"/Engine/EngineMaterials/Substrate/GLints/dict_16_192_64_0p5_0p02_0040_0015" 6049
"/Engine/EngineMaterials/Substrate/GLints/dict_16_192_64_0p5_0p02_0040_0014" 6050
"/Engine/EngineMaterials/Substrate/GLints/dict_16_192_64_0p5_0p02_0040_0013" 6051
"../../../Engine/Content/EngineMaterials/Substrate/GLints/dict_16_192_64_0p5_0p02_0041_0008.uasset" 6052
"/Engine/EngineMaterials/Substrate/GLints/dict_16_192_64_0p5_0p02_0041_0008" 6053
"/Engine/EngineMaterials/Substrate/GLints/dict_16_192_64_0p5_0p02_0041_0006" 6054
"/Engine/EngineMaterials/Substrate/GLints/dict_16_192_64_0p5_0p02_0041_0005" 6055
"/Engine/EngineMaterials/Substrate/GLints/dict_16_192_64_0p5_0p02_0041_0004" 6056
"../../../Engine/Content/EngineMaterials/Substrate/GLints/dict_16_192_64_0p5_0p02_0041_0007.uasset" 6057
"/Engine/EngineMaterials/Substrate/GLints/dict_16_192_64_0p5_0p02_0041_0003" 6058
"/Engine/EngineMaterials/Substrate/GLints/dict_16_192_64_0p5_0p02_0041_0010" 6059
"/Engine/EngineMaterials/Substrate/GLints/dict_16_192_64_0p5_0p02_0041_0009" 6060
"/Engine/EngineMaterials/Substrate/GLints/dict_16_192_64_0p5_0p02_0041_0007" 6061
"../../../Engine/Content/EngineMaterials/Substrate/GLints/dict_16_192_64_0p5_0p02_0041_0013.uasset" 6062
"../../../Engine/Content/EngineMaterials/Substrate/GLints/dict_16_192_64_0p5_0p02_0041_0011.uasset" 6063
"../../../Engine/Content/EngineMaterials/Substrate/GLints/dict_16_192_64_0p5_0p02_0041_0015.uasset" 6064
"../../../Engine/Content/EngineMaterials/Substrate/GLints/dict_16_192_64_0p5_0p02_0042_0000.uasset" 6065
"../../../Engine/Content/EngineMaterials/Substrate/GLints/dict_16_192_64_0p5_0p02_0041_0014.uasset" 6066
"../../../Engine/Content/EngineMaterials/Substrate/GLints/dict_16_192_64_0p5_0p02_0042_0001.uasset" 6067
"../../../Engine/Content/EngineMaterials/Substrate/GLints/dict_16_192_64_0p5_0p02_0041_0012.uasset" 6068
"../../../Engine/Content/EngineMaterials/Substrate/GLints/dict_16_192_64_0p5_0p02_0042_0002.uasset" 6069
"../../../Engine/Content/EngineMaterials/Substrate/GLints/dict_16_192_64_0p5_0p02_0042_0008.uasset" 6070
"../../../Engine/Content/EngineMaterials/Substrate/GLints/dict_16_192_64_0p5_0p02_0042_0005.uasset" 6071
"../../../Engine/Content/EngineMaterials/Substrate/GLints/dict_16_192_64_0p5_0p02_0042_0004.uasset" 6072
"../../../Engine/Content/EngineMaterials/Substrate/GLints/dict_16_192_64_0p5_0p02_0042_0007.uasset" 6073
"../../../Engine/Content/EngineMaterials/Substrate/GLints/dict_16_192_64_0p5_0p02_0042_0006.uasset" 6074
"../../../Engine/Content/EngineMaterials/Substrate/GLints/dict_16_192_64_0p5_0p02_0042_0003.uasset" 6075
"../../../Engine/Content/EngineMaterials/Substrate/GLints/dict_16_192_64_0p5_0p02_0042_0009.uasset" 6076
"../../../Engine/Content/EngineMaterials/Substrate/GLints/dict_16_192_64_0p5_0p02_0042_0011.uasset" 6077
"/Engine/EngineMaterials/Substrate/GLints/dict_16_192_64_0p5_0p02_0042_0009" 6078
"/Engine/EngineMaterials/Substrate/GLints/dict_16_192_64_0p5_0p02_0042_0008" 6079
"../../../Engine/Content/EngineMaterials/Substrate/GLints/dict_16_192_64_0p5_0p02_0042_0010.uasset" 6080
"/Engine/EngineMaterials/Substrate/GLints/dict_16_192_64_0p5_0p02_0042_0001" 6081
"../../../Engine/Content/EngineMaterials/Substrate/GLints/dict_16_192_64_0p5_0p02_0042_0012.uasset" 6082
"/Engine/EngineMaterials/Substrate/GLints/dict_16_192_64_0p5_0p02_0042_0007" 6083
"/Engine/EngineMaterials/Substrate/GLints/dict_16_192_64_0p5_0p02_0042_0006" 6084
"/Engine/EngineMaterials/Substrate/GLints/dict_16_192_64_0p5_0p02_0041_0014" 6085
"/Engine/EngineMaterials/Substrate/GLints/dict_16_192_64_0p5_0p02_0041_0013" 6086
"../../../Engine/Content/EngineMaterials/Substrate/GLints/dict_16_192_64_0p5_0p02_0043_0003.uasset" 6087
"../../../Engine/Content/EngineMaterials/Substrate/GLints/dict_16_192_64_0p5_0p02_0043_0002.uasset" 6088
"/Engine/EngineMaterials/Substrate/GLints/dict_16_192_64_0p5_0p02_0042_0000" 6089
"../../../Engine/Content/EngineMaterials/Substrate/GLints/dict_16_192_64_0p5_0p02_0042_0014.uasset" 6090
"/Engine/EngineMaterials/Substrate/GLints/dict_16_192_64_0p5_0p02_0041_0012" 6091
"/Engine/EngineMaterials/Substrate/GLints/dict_16_192_64_0p5_0p02_0042_0005" 6092
"/Engine/EngineMaterials/Substrate/GLints/dict_16_192_64_0p5_0p02_0042_0004" 6093
"../../../Engine/Content/EngineMaterials/Substrate/GLints/dict_16_192_64_0p5_0p02_0042_0015.uasset" 6094
"/Engine/EngineMaterials/Substrate/GLints/dict_16_192_64_0p5_0p02_0042_0003" 6095
"../../../Engine/Content/EngineMaterials/Substrate/GLints/dict_16_192_64_0p5_0p02_0043_0000.uasset" 6096
"/Engine/EngineMaterials/Substrate/GLints/dict_16_192_64_0p5_0p02_0041_0011" 6097
"/Engine/EngineMaterials/Substrate/GLints/dict_16_192_64_0p5_0p02_0042_0002" 6098
"/Engine/EngineMaterials/Substrate/GLints/dict_16_192_64_0p5_0p02_0041_0015" 6099
"/Engine/EngineMaterials/Substrate/GLints/dict_16_192_64_0p5_0p02_0042_0011" 6100
"/Engine/EngineMaterials/Substrate/GLints/dict_16_192_64_0p5_0p02_0042_0010" 6101
"/Engine/EngineMaterials/Substrate/GLints/dict_16_192_64_0p5_0p02_0043_0002" 6102
"/Engine/EngineMaterials/Substrate/GLints/dict_16_192_64_0p5_0p02_0043_0000" 6103
"/Engine/EngineMaterials/Substrate/GLints/dict_16_192_64_0p5_0p02_0042_0015" 6104
"../../../Engine/Content/EngineMaterials/Substrate/GLints/dict_16_192_64_0p5_0p02_0043_0001.uasset" 6105
"../../../Engine/Content/EngineMaterials/Substrate/GLints/dict_16_192_64_0p5_0p02_0042_0013.uasset" 6106
"/Engine/EngineMaterials/Substrate/GLints/dict_16_192_64_0p5_0p02_0042_0014" 6107
"../../../Engine/Content/EngineMaterials/Substrate/GLints/dict_16_192_64_0p5_0p02_0043_0004.uasset" 6108
"/Engine/EngineMaterials/Substrate/GLints/dict_16_192_64_0p5_0p02_0042_0012" 6109
"/Engine/EngineMaterials/Substrate/GLints/dict_16_192_64_0p5_0p02_0043_0003" 6110
"/Engine/EngineMaterials/Substrate/GLints/dict_16_192_64_0p5_0p02_0043_0001" 6111
"/Engine/EngineMaterials/Substrate/GLints/dict_16_192_64_0p5_0p02_0042_0013" 6112
"/Engine/EngineMaterials/Substrate/GLints/dict_16_192_64_0p5_0p02_0043_0004" 6113
"../../../Engine/Content/EngineMaterials/Substrate/GLints/dict_16_192_64_0p5_0p02_0043_0007.uasset" 6114
"../../../Engine/Content/EngineMaterials/Substrate/GLints/dict_16_192_64_0p5_0p02_0043_0005.uasset" 6115
"../../../Engine/Content/EngineMaterials/Substrate/GLints/dict_16_192_64_0p5_0p02_0043_0006.uasset" 6116
"../../../Engine/Content/EngineMaterials/Substrate/GLints/dict_16_192_64_0p5_0p02_0043_0012.uasset" 6117
"../../../Engine/Content/EngineMaterials/Substrate/GLints/dict_16_192_64_0p5_0p02_0043_0008.uasset" 6118
"../../../Engine/Content/EngineMaterials/Substrate/GLints/dict_16_192_64_0p5_0p02_0043_0010.uasset" 6119
"../../../Engine/Content/EngineMaterials/Substrate/GLints/dict_16_192_64_0p5_0p02_0043_0014.uasset" 6120
"../../../Engine/Content/EngineMaterials/Substrate/GLints/dict_16_192_64_0p5_0p02_0043_0011.uasset" 6121
"../../../Engine/Content/EngineMaterials/Substrate/GLints/dict_16_192_64_0p5_0p02_0043_0013.uasset" 6122
"/Engine/EngineMaterials/Substrate/GLints/dict_16_192_64_0p5_0p02_0043_0010" 6123
"../../../Engine/Content/EngineMaterials/Substrate/GLints/dict_16_192_64_0p5_0p02_0043_0009.uasset" 6124
"/Engine/EngineMaterials/Substrate/GLints/dict_16_192_64_0p5_0p02_0043_0008" 6125
"../../../Engine/Content/EngineMaterials/Substrate/GLints/dict_16_192_64_0p5_0p02_0043_0015.uasset" 6126
"../../../Engine/Content/EngineMaterials/Substrate/GLints/dict_16_192_64_0p5_0p02_0044_0001.uasset" 6127
"/Engine/EngineMaterials/Substrate/GLints/dict_16_192_64_0p5_0p02_0043_0007" 6128
"../../../Engine/Content/EngineMaterials/Substrate/GLints/dict_16_192_64_0p5_0p02_0044_0005.uasset" 6129
"/Engine/EngineMaterials/Substrate/GLints/dict_16_192_64_0p5_0p02_0043_0006" 6130
"../../../Engine/Content/EngineMaterials/Substrate/GLints/dict_16_192_64_0p5_0p02_0044_0000.uasset" 6131
"../../../Engine/Content/EngineMaterials/Substrate/GLints/dict_16_192_64_0p5_0p02_0044_0002.uasset" 6132
"../../../Engine/Content/EngineMaterials/Substrate/GLints/dict_16_192_64_0p5_0p02_0044_0003.uasset" 6133
"../../../Engine/Content/EngineMaterials/Substrate/GLints/dict_16_192_64_0p5_0p02_0044_0006.uasset" 6134
"../../../Engine/Content/EngineMaterials/Substrate/GLints/dict_16_192_64_0p5_0p02_0044_0004.uasset" 6135
"/Engine/EngineMaterials/Substrate/GLints/dict_16_192_64_0p5_0p02_0043_0005" 6136
"/Engine/EngineMaterials/Substrate/GLints/dict_16_192_64_0p5_0p02_0043_0014" 6137
"/Engine/EngineMaterials/Substrate/GLints/dict_16_192_64_0p5_0p02_0043_0013" 6138
"/Engine/EngineMaterials/Substrate/GLints/dict_16_192_64_0p5_0p02_0043_0012" 6139
"/Engine/EngineMaterials/Substrate/GLints/dict_16_192_64_0p5_0p02_0043_0011" 6140
"/Engine/EngineMaterials/Substrate/GLints/dict_16_192_64_0p5_0p02_0043_0009" 6141
"/Engine/EngineMaterials/Substrate/GLints/dict_16_192_64_0p5_0p02_0044_0006" 6142
"/Engine/EngineMaterials/Substrate/GLints/dict_16_192_64_0p5_0p02_0044_0005" 6143
"/Engine/EngineMaterials/Substrate/GLints/dict_16_192_64_0p5_0p02_0044_0004" 6144
"/Engine/EngineMaterials/Substrate/GLints/dict_16_192_64_0p5_0p02_0044_0003" 6145
"../../../Engine/Content/EngineMaterials/Substrate/GLints/dict_16_192_64_0p5_0p02_0044_0007.uasset" 6146
"/Engine/EngineMaterials/Substrate/GLints/dict_16_192_64_0p5_0p02_0044_0002" 6147
"/Engine/EngineMaterials/Substrate/GLints/dict_16_192_64_0p5_0p02_0044_0001" 6148
"/Engine/EngineMaterials/Substrate/GLints/dict_16_192_64_0p5_0p02_0044_0000" 6149
"/Engine/EngineMaterials/Substrate/GLints/dict_16_192_64_0p5_0p02_0043_0015" 6150
"/Engine/EngineMaterials/Substrate/GLints/dict_16_192_64_0p5_0p02_0044_0007" 6151
"../../../Engine/Content/EngineMaterials/Substrate/GLints/dict_16_192_64_0p5_0p02_0044_0011.uasset" 6152
"../../../Engine/Content/EngineMaterials/Substrate/GLints/dict_16_192_64_0p5_0p02_0044_0015.uasset" 6153
"../../../Engine/Content/EngineMaterials/Substrate/GLints/dict_16_192_64_0p5_0p02_0044_0014.uasset" 6154
"../../../Engine/Content/EngineMaterials/Substrate/GLints/dict_16_192_64_0p5_0p02_0044_0012.uasset" 6155
"../../../Engine/Content/EngineMaterials/Substrate/GLints/dict_16_192_64_0p5_0p02_0044_0013.uasset" 6156
"../../../Engine/Content/EngineMaterials/Substrate/GLints/dict_16_192_64_0p5_0p02_0044_0009.uasset" 6157
"../../../Engine/Content/EngineMaterials/Substrate/GLints/dict_16_192_64_0p5_0p02_0044_0010.uasset" 6158
"../../../Engine/Content/EngineMaterials/Substrate/GLints/dict_16_192_64_0p5_0p02_0045_0000.uasset" 6159
"../../../Engine/Content/EngineMaterials/Substrate/GLints/dict_16_192_64_0p5_0p02_0044_0008.uasset" 6160
"../../../Engine/Content/EngineMaterials/Substrate/GLints/dict_16_192_64_0p5_0p02_0045_0003.uasset" 6161
"../../../Engine/Content/EngineMaterials/Substrate/GLints/dict_16_192_64_0p5_0p02_0045_0001.uasset" 6162
"../../../Engine/Content/EngineMaterials/Substrate/GLints/dict_16_192_64_0p5_0p02_0045_0004.uasset" 6163
"../../../Engine/Content/EngineMaterials/Substrate/GLints/dict_16_192_64_0p5_0p02_0045_0002.uasset" 6164
"../../../Engine/Content/EngineMaterials/Substrate/GLints/dict_16_192_64_0p5_0p02_0045_0008.uasset" 6165
"/Engine/EngineMaterials/Substrate/GLints/dict_16_192_64_0p5_0p02_0045_0001" 6166
"../../../Engine/Content/EngineMaterials/Substrate/GLints/dict_16_192_64_0p5_0p02_0045_0005.uasset" 6167
"../../../Engine/Content/EngineMaterials/Substrate/GLints/dict_16_192_64_0p5_0p02_0045_0007.uasset" 6168
"/Engine/EngineMaterials/Substrate/GLints/dict_16_192_64_0p5_0p02_0044_0010" 6169
"/Engine/EngineMaterials/Substrate/GLints/dict_16_192_64_0p5_0p02_0044_0009" 6170
"/Engine/EngineMaterials/Substrate/GLints/dict_16_192_64_0p5_0p02_0044_0008" 6171
"/Engine/EngineMaterials/Substrate/GLints/dict_16_192_64_0p5_0p02_0045_0000" 6172
"../../../Engine/Content/EngineMaterials/Substrate/GLints/dict_16_192_64_0p5_0p02_0045_0006.uasset" 6173
"/Engine/EngineMaterials/Substrate/GLints/dict_16_192_64_0p5_0p02_0045_0004" 6174
"../../../Engine/Content/EngineMaterials/Substrate/GLints/dict_16_192_64_0p5_0p02_0045_0010.uasset" 6175
"/Engine/EngineMaterials/Substrate/GLints/dict_16_192_64_0p5_0p02_0044_0015" 6176
"/Engine/EngineMaterials/Substrate/GLints/dict_16_192_64_0p5_0p02_0044_0014" 6177
"/Engine/EngineMaterials/Substrate/GLints/dict_16_192_64_0p5_0p02_0044_0013" 6178
"/Engine/EngineMaterials/Substrate/GLints/dict_16_192_64_0p5_0p02_0045_0003" 6179
"/Engine/EngineMaterials/Substrate/GLints/dict_16_192_64_0p5_0p02_0044_0012" 6180
"/Engine/EngineMaterials/Substrate/GLints/dict_16_192_64_0p5_0p02_0045_0008" 6181
"../../../Engine/Content/EngineMaterials/Substrate/GLints/dict_16_192_64_0p5_0p02_0045_0009.uasset" 6182
"/Engine/EngineMaterials/Substrate/GLints/dict_16_192_64_0p5_0p02_0045_0002" 6183
"/Engine/EngineMaterials/Substrate/GLints/dict_16_192_64_0p5_0p02_0044_0011" 6184
"/Engine/EngineMaterials/Substrate/GLints/dict_16_192_64_0p5_0p02_0045_0010" 6185
"/Engine/EngineMaterials/Substrate/GLints/dict_16_192_64_0p5_0p02_0045_0009" 6186
"../../../Engine/Content/EngineMaterials/Substrate/GLints/dict_16_192_64_0p5_0p02_0045_0013.uasset" 6187
"/Engine/EngineMaterials/Substrate/GLints/dict_16_192_64_0p5_0p02_0045_0007" 6188
"/Engine/EngineMaterials/Substrate/GLints/dict_16_192_64_0p5_0p02_0045_0006" 6189
"/Engine/EngineMaterials/Substrate/GLints/dict_16_192_64_0p5_0p02_0045_0005" 6190
"../../../Engine/Content/EngineMaterials/Substrate/GLints/dict_16_192_64_0p5_0p02_0045_0012.uasset" 6191
"../../../Engine/Content/EngineMaterials/Substrate/GLints/dict_16_192_64_0p5_0p02_0045_0014.uasset" 6192
"../../../Engine/Content/EngineMaterials/Substrate/GLints/dict_16_192_64_0p5_0p02_0045_0015.uasset" 6193
"/Engine/EngineMaterials/Substrate/GLints/dict_16_192_64_0p5_0p02_0045_0013" 6194
"/Engine/EngineMaterials/Substrate/GLints/dict_16_192_64_0p5_0p02_0045_0012" 6195
"/Engine/EngineMaterials/Substrate/GLints/dict_16_192_64_0p5_0p02_0045_0014" 6196
"/Engine/EngineMaterials/Substrate/GLints/dict_16_192_64_0p5_0p02_0045_0015" 6197
"../../../Engine/Content/EngineMaterials/Substrate/GLints/dict_16_192_64_0p5_0p02_0045_0011.uasset" 6198
"../../../Engine/Content/EngineMaterials/Substrate/GLints/dict_16_192_64_0p5_0p02_0046_0001.uasset" 6199
"../../../Engine/Content/EngineMaterials/Substrate/GLints/dict_16_192_64_0p5_0p02_0046_0000.uasset" 6200
"../../../Engine/Content/EngineMaterials/Substrate/GLints/dict_16_192_64_0p5_0p02_0046_0003.uasset" 6201
"../../../Engine/Content/EngineMaterials/Substrate/GLints/dict_16_192_64_0p5_0p02_0046_0002.uasset" 6202
"../../../Engine/Content/EngineMaterials/Substrate/GLints/dict_16_192_64_0p5_0p02_0046_0004.uasset" 6203
"../../../Engine/Content/EngineMaterials/Substrate/GLints/dict_16_192_64_0p5_0p02_0046_0007.uasset" 6204
"../../../Engine/Content/EngineMaterials/Substrate/GLints/dict_16_192_64_0p5_0p02_0046_0005.uasset" 6205
"/Engine/EngineMaterials/Substrate/GLints/dict_16_192_64_0p5_0p02_0046_0007" 6206
"../../../Engine/Content/EngineMaterials/Substrate/GLints/dict_16_192_64_0p5_0p02_0046_0006.uasset" 6207
"/Engine/EngineMaterials/Substrate/GLints/dict_16_192_64_0p5_0p02_0046_0005" 6208
"/Engine/EngineMaterials/Substrate/GLints/dict_16_192_64_0p5_0p02_0046_0004" 6209
"/Engine/EngineMaterials/Substrate/GLints/dict_16_192_64_0p5_0p02_0046_0003" 6210
"/Engine/EngineMaterials/Substrate/GLints/dict_16_192_64_0p5_0p02_0046_0002" 6211
"/Engine/EngineMaterials/Substrate/GLints/dict_16_192_64_0p5_0p02_0046_0001" 6212
"/Engine/EngineMaterials/Substrate/GLints/dict_16_192_64_0p5_0p02_0045_0011" 6213
"/Engine/EngineMaterials/Substrate/GLints/dict_16_192_64_0p5_0p02_0046_0000" 6214
"/Engine/EngineMaterials/Substrate/GLints/dict_16_192_64_0p5_0p02_0046_0006" 6215
"../../../Engine/Content/EngineMaterials/Substrate/GLints/dict_16_192_64_0p5_0p02_0046_0008.uasset" 6216
"../../../Engine/Content/EngineMaterials/Substrate/GLints/dict_16_192_64_0p5_0p02_0046_0009.uasset" 6217
"../../../Engine/Content/EngineMaterials/Substrate/GLints/dict_16_192_64_0p5_0p02_0046_0011.uasset" 6218
"../../../Engine/Content/EngineMaterials/Substrate/GLints/dict_16_192_64_0p5_0p02_0046_0010.uasset" 6219
"../../../Engine/Content/EngineMaterials/Substrate/GLints/dict_16_192_64_0p5_0p02_0046_0013.uasset" 6220
"../../../Engine/Content/EngineMaterials/Substrate/GLints/dict_16_192_64_0p5_0p02_0046_0014.uasset" 6221
"/Engine/EngineMaterials/Substrate/GLints/dict_16_192_64_0p5_0p02_0046_0014" 6222
"/Engine/EngineMaterials/Substrate/GLints/dict_16_192_64_0p5_0p02_0046_0013" 6223
"/Engine/EngineMaterials/Substrate/GLints/dict_16_192_64_0p5_0p02_0046_0011" 6224
"../../../Engine/Content/EngineMaterials/Substrate/GLints/dict_16_192_64_0p5_0p02_0046_0015.uasset" 6225
"/Engine/EngineMaterials/Substrate/GLints/dict_16_192_64_0p5_0p02_0046_0010" 6226
"../../../Engine/Content/EngineMaterials/Substrate/GLints/dict_16_192_64_0p5_0p02_0046_0012.uasset" 6227
"/Engine/EngineMaterials/Substrate/GLints/dict_16_192_64_0p5_0p02_0046_0009" 6228
"../../../Engine/Content/EngineMaterials/Substrate/GLints/dict_16_192_64_0p5_0p02_0047_0000.uasset" 6229
"/Engine/EngineMaterials/Substrate/GLints/dict_16_192_64_0p5_0p02_0046_0008" 6230
"../../../Engine/Content/EngineMaterials/Substrate/GLints/dict_16_192_64_0p5_0p02_0047_0002.uasset" 6231
"../../../Engine/Content/EngineMaterials/Substrate/GLints/dict_16_192_64_0p5_0p02_0047_0001.uasset" 6232
"/Engine/EngineMaterials/Substrate/GLints/dict_16_192_64_0p5_0p02_0047_0002" 6233
"/Engine/EngineMaterials/Substrate/GLints/dict_16_192_64_0p5_0p02_0047_0001" 6234
"/Engine/EngineMaterials/Substrate/GLints/dict_16_192_64_0p5_0p02_0047_0000" 6235
"/Engine/EngineMaterials/Substrate/GLints/dict_16_192_64_0p5_0p02_0046_0015" 6236
"/Engine/EngineMaterials/Substrate/GLints/dict_16_192_64_0p5_0p02_0046_0012" 6237
"../../../Engine/Content/EngineMaterials/Substrate/GLints/dict_16_192_64_0p5_0p02_0047_0003.uasset" 6238
"../../../Engine/Content/EngineMaterials/Substrate/GLints/dict_16_192_64_0p5_0p02_0047_0007.uasset" 6239
"../../../Engine/Content/EngineMaterials/Substrate/GLints/dict_16_192_64_0p5_0p02_0047_0009.uasset" 6240
"../../../Engine/Content/EngineMaterials/Substrate/GLints/dict_16_192_64_0p5_0p02_0047_0008.uasset" 6241
"../../../Engine/Content/EngineMaterials/Substrate/GLints/dict_16_192_64_0p5_0p02_0047_0004.uasset" 6242
"../../../Engine/Content/EngineMaterials/Substrate/GLints/dict_16_192_64_0p5_0p02_0047_0005.uasset" 6243
"../../../Engine/Content/EngineMaterials/Substrate/GLints/dict_16_192_64_0p5_0p02_0047_0010.uasset" 6244
"../../../Engine/Content/EngineMaterials/Substrate/GLints/dict_16_192_64_0p5_0p02_0047_0011.uasset" 6245
"../../../Engine/Content/EngineMaterials/Substrate/GLints/dict_16_192_64_0p5_0p02_0047_0006.uasset" 6246
"../../../Engine/Content/EngineMaterials/Substrate/GLints/dict_16_192_64_0p5_0p02_0048_0002.uasset" 6247
"../../../Engine/Content/EngineMaterials/Substrate/GLints/dict_16_192_64_0p5_0p02_0047_0012.uasset" 6248
"../../../Engine/Content/EngineMaterials/Substrate/GLints/dict_16_192_64_0p5_0p02_0048_0001.uasset" 6249
"/Engine/EngineMaterials/Substrate/GLints/dict_16_192_64_0p5_0p02_0047_0005" 6250
"../../../Engine/Content/EngineMaterials/Substrate/GLints/dict_16_192_64_0p5_0p02_0047_0014.uasset" 6251
"../../../Engine/Content/EngineMaterials/Substrate/GLints/dict_16_192_64_0p5_0p02_0048_0003.uasset" 6252
"/Engine/EngineMaterials/Substrate/GLints/dict_16_192_64_0p5_0p02_0047_0004" 6253
"/Engine/EngineMaterials/Substrate/GLints/dict_16_192_64_0p5_0p02_0047_0003" 6254
"/Engine/EngineMaterials/Substrate/GLints/dict_16_192_64_0p5_0p02_0047_0010" 6255
"/Engine/EngineMaterials/Substrate/GLints/dict_16_192_64_0p5_0p02_0047_0009" 6256
"/Engine/EngineMaterials/Substrate/GLints/dict_16_192_64_0p5_0p02_0047_0011" 6257
"../../../Engine/Content/EngineMaterials/Substrate/GLints/dict_16_192_64_0p5_0p02_0048_0000.uasset" 6258
"/Engine/EngineMaterials/Substrate/GLints/dict_16_192_64_0p5_0p02_0047_0008" 6259
"../../../Engine/Content/EngineMaterials/Substrate/GLints/dict_16_192_64_0p5_0p02_0047_0015.uasset" 6260
"/Engine/EngineMaterials/Substrate/GLints/dict_16_192_64_0p5_0p02_0047_0007" 6261
"/Engine/EngineMaterials/Substrate/GLints/dict_16_192_64_0p5_0p02_0048_0003" 6262
"/Engine/EngineMaterials/Substrate/GLints/dict_16_192_64_0p5_0p02_0048_0002" 6263
"/Engine/EngineMaterials/Substrate/GLints/dict_16_192_64_0p5_0p02_0048_0001" 6264
"/Engine/EngineMaterials/Substrate/GLints/dict_16_192_64_0p5_0p02_0047_0012" 6265
"/Engine/EngineMaterials/Substrate/GLints/dict_16_192_64_0p5_0p02_0048_0000" 6266
"/Engine/EngineMaterials/Substrate/GLints/dict_16_192_64_0p5_0p02_0047_0015" 6267
"/Engine/EngineMaterials/Substrate/GLints/dict_16_192_64_0p5_0p02_0047_0014" 6268
"/Engine/EngineMaterials/Substrate/GLints/dict_16_192_64_0p5_0p02_0047_0006" 6269
"../../../Engine/Content/EngineMaterials/Substrate/GLints/dict_16_192_64_0p5_0p02_0047_0013.uasset" 6270
"../../../Engine/Content/EngineMaterials/Substrate/GLints/dict_16_192_64_0p5_0p02_0048_0004.uasset" 6271
"../../../Engine/Content/EngineMaterials/Substrate/GLints/dict_16_192_64_0p5_0p02_0048_0008.uasset" 6272
"../../../Engine/Content/EngineMaterials/Substrate/GLints/dict_16_192_64_0p5_0p02_0048_0007.uasset" 6273
"../../../Engine/Content/EngineMaterials/Substrate/GLints/dict_16_192_64_0p5_0p02_0048_0009.uasset" 6274
"../../../Engine/Content/EngineMaterials/Substrate/GLints/dict_16_192_64_0p5_0p02_0048_0010.uasset" 6275
"../../../Engine/Content/EngineMaterials/Substrate/GLints/dict_16_192_64_0p5_0p02_0048_0005.uasset" 6276
"../../../Engine/Content/EngineMaterials/Substrate/GLints/dict_16_192_64_0p5_0p02_0048_0011.uasset" 6277
"../../../Engine/Content/EngineMaterials/Substrate/GLints/dict_16_192_64_0p5_0p02_0048_0006.uasset" 6278
"../../../Engine/Content/EngineMaterials/Substrate/GLints/dict_16_192_64_0p5_0p02_0048_0012.uasset" 6279
"../../../Engine/Content/EngineMaterials/Substrate/GLints/dict_16_192_64_0p5_0p02_0048_0014.uasset" 6280
"../../../Engine/Content/EngineMaterials/Substrate/GLints/dict_16_192_64_0p5_0p02_0049_0002.uasset" 6281
"../../../Engine/Content/EngineMaterials/Substrate/GLints/dict_16_192_64_0p5_0p02_0048_0015.uasset" 6282
"../../../Engine/Content/EngineMaterials/Substrate/GLints/dict_16_192_64_0p5_0p02_0049_0001.uasset" 6283
"/Engine/EngineMaterials/Substrate/GLints/dict_16_192_64_0p5_0p02_0049_0002" 6284
"../../../Engine/Content/EngineMaterials/Substrate/GLints/dict_16_192_64_0p5_0p02_0049_0003.uasset" 6285
"/Engine/EngineMaterials/Substrate/GLints/dict_16_192_64_0p5_0p02_0048_0007" 6286
"../../../Engine/Content/EngineMaterials/Substrate/GLints/dict_16_192_64_0p5_0p02_0049_0000.uasset" 6287
"../../../Engine/Content/EngineMaterials/Substrate/GLints/dict_16_192_64_0p5_0p02_0049_0004.uasset" 6288
"../../../Engine/Content/EngineMaterials/Substrate/GLints/dict_16_192_64_0p5_0p02_0049_0005.uasset" 6289
"../../../Engine/Content/EngineMaterials/Substrate/GLints/dict_16_192_64_0p5_0p02_0049_0006.uasset" 6290
"/Engine/EngineMaterials/Substrate/GLints/dict_16_192_64_0p5_0p02_0049_0001" 6291
"../../../Engine/Content/EngineMaterials/Substrate/GLints/dict_16_192_64_0p5_0p02_0049_0007.uasset" 6292
"../../../Engine/Content/EngineMaterials/Substrate/GLints/dict_16_192_64_0p5_0p02_0049_0008.uasset" 6293
"../../../Engine/Content/EngineMaterials/Substrate/GLints/dict_16_192_64_0p5_0p02_0049_0010.uasset" 6294
"/Engine/EngineMaterials/Substrate/GLints/dict_16_192_64_0p5_0p02_0047_0013" 6295
"/Engine/EngineMaterials/Substrate/GLints/dict_16_192_64_0p5_0p02_0048_0006" 6296
"/Engine/EngineMaterials/Substrate/GLints/dict_16_192_64_0p5_0p02_0048_0005" 6297
"/Engine/EngineMaterials/Substrate/GLints/dict_16_192_64_0p5_0p02_0048_0004" 6298
"/Engine/EngineMaterials/Substrate/GLints/dict_16_192_64_0p5_0p02_0048_0015" 6299
"/Engine/EngineMaterials/Substrate/GLints/dict_16_192_64_0p5_0p02_0048_0012" 6300
"/Engine/EngineMaterials/Substrate/GLints/dict_16_192_64_0p5_0p02_0048_0014" 6301
"/Engine/EngineMaterials/Substrate/GLints/dict_16_192_64_0p5_0p02_0048_0011" 6302
"/Engine/EngineMaterials/Substrate/GLints/dict_16_192_64_0p5_0p02_0048_0010" 6303
"/Engine/EngineMaterials/Substrate/GLints/dict_16_192_64_0p5_0p02_0048_0009" 6304
"/Engine/EngineMaterials/Substrate/GLints/dict_16_192_64_0p5_0p02_0048_0008" 6305
"/Engine/EngineMaterials/Substrate/GLints/dict_16_192_64_0p5_0p02_0049_0010" 6306
"../../../Engine/Content/EngineMaterials/Substrate/GLints/dict_16_192_64_0p5_0p02_0049_0009.uasset" 6307
"/Engine/EngineMaterials/Substrate/GLints/dict_16_192_64_0p5_0p02_0049_0008" 6308
"/Engine/EngineMaterials/Substrate/GLints/dict_16_192_64_0p5_0p02_0049_0007" 6309
"../../../Engine/Content/EngineMaterials/Substrate/GLints/dict_16_192_64_0p5_0p02_0049_0011.uasset" 6310
"/Engine/EngineMaterials/Substrate/GLints/dict_16_192_64_0p5_0p02_0049_0006" 6311
"/Engine/EngineMaterials/Substrate/GLints/dict_16_192_64_0p5_0p02_0049_0000" 6312
"/Engine/EngineMaterials/Substrate/GLints/dict_16_192_64_0p5_0p02_0049_0005" 6313
"/Engine/EngineMaterials/Substrate/GLints/dict_16_192_64_0p5_0p02_0049_0004" 6314
"/Engine/EngineMaterials/Substrate/GLints/dict_16_192_64_0p5_0p02_0049_0003" 6315
"/Engine/EngineMaterials/Substrate/GLints/dict_16_192_64_0p5_0p02_0049_0009" 6316
"/Engine/EngineMaterials/Substrate/GLints/dict_16_192_64_0p5_0p02_0049_0011" 6317
"../../../Engine/Content/EngineMaterials/Substrate/GLints/dict_16_192_64_0p5_0p02_0050_0000.uasset" 6318
"../../../Engine/Content/EngineMaterials/Substrate/GLints/dict_16_192_64_0p5_0p02_0050_0001.uasset" 6319
"../../../Engine/Content/EngineMaterials/Substrate/GLints/dict_16_192_64_0p5_0p02_0049_0013.uasset" 6320
"../../../Engine/Content/EngineMaterials/Substrate/GLints/dict_16_192_64_0p5_0p02_0050_0003.uasset" 6321
"../../../Engine/Content/EngineMaterials/Substrate/GLints/dict_16_192_64_0p5_0p02_0049_0014.uasset" 6322
"../../../Engine/Content/EngineMaterials/Substrate/GLints/dict_16_192_64_0p5_0p02_0050_0005.uasset" 6323
"../../../Engine/Content/EngineMaterials/Substrate/GLints/dict_16_192_64_0p5_0p02_0050_0006.uasset" 6324
"../../../Engine/Content/EngineMaterials/Substrate/GLints/dict_16_192_64_0p5_0p02_0050_0004.uasset" 6325
"../../../Engine/Content/EngineMaterials/Substrate/GLints/dict_16_192_64_0p5_0p02_0050_0002.uasset" 6326
"../../../Engine/Content/EngineMaterials/Substrate/GLints/dict_16_192_64_0p5_0p02_0049_0015.uasset" 6327
"/Engine/EngineMaterials/Substrate/GLints/dict_16_192_64_0p5_0p02_0050_0002" 6328
"/Engine/EngineMaterials/Substrate/GLints/dict_16_192_64_0p5_0p02_0050_0001" 6329
"/Engine/EngineMaterials/Substrate/GLints/dict_16_192_64_0p5_0p02_0050_0000" 6330
"/Engine/EngineMaterials/Substrate/GLints/dict_16_192_64_0p5_0p02_0049_0015" 6331
"/Engine/EngineMaterials/Substrate/GLints/dict_16_192_64_0p5_0p02_0049_0014" 6332
"/Engine/EngineMaterials/Substrate/GLints/dict_16_192_64_0p5_0p02_0049_0013" 6333
"/Engine/EngineMaterials/Substrate/GLints/dict_16_192_64_0p5_0p02_0050_0006" 6334
"/Engine/EngineMaterials/Substrate/GLints/dict_16_192_64_0p5_0p02_0050_0005" 6335
"/Engine/EngineMaterials/Substrate/GLints/dict_16_192_64_0p5_0p02_0050_0004" 6336
"/Engine/EngineMaterials/Substrate/GLints/dict_16_192_64_0p5_0p02_0050_0003" 6337
"../../../Engine/Content/EngineMaterials/Substrate/GLints/dict_16_192_64_0p5_0p02_0050_0007.uasset" 6338
"../../../Engine/Content/EngineMaterials/Substrate/GLints/dict_16_192_64_0p5_0p02_0049_0012.uasset" 6339
"../../../Engine/Content/EngineMaterials/Substrate/GLints/dict_16_192_64_0p5_0p02_0050_0009.uasset" 6340
"../../../Engine/Content/EngineMaterials/Substrate/GLints/dict_16_192_64_0p5_0p02_0050_0014.uasset" 6341
"../../../Engine/Content/EngineMaterials/Substrate/GLints/dict_16_192_64_0p5_0p02_0050_0011.uasset" 6342
"../../../Engine/Content/EngineMaterials/Substrate/GLints/dict_16_192_64_0p5_0p02_0050_0013.uasset" 6343
"../../../Engine/Content/EngineMaterials/Substrate/GLints/dict_16_192_64_0p5_0p02_0048_0013.uasset" 6344
"../../../Engine/Content/EngineMaterials/Substrate/GLints/dict_16_192_64_0p5_0p02_0050_0010.uasset" 6345
"../../../Engine/Content/EngineMaterials/Substrate/GLints/dict_16_192_64_0p5_0p02_0050_0008.uasset" 6346
"../../../Engine/Content/EngineMaterials/Substrate/GLints/dict_16_192_64_0p5_0p02_0050_0012.uasset" 6347
"../../../Engine/Content/EngineMaterials/Substrate/GLints/dict_16_192_64_0p5_0p02_0050_0015.uasset" 6348
"../../../Engine/Content/EngineMaterials/Substrate/GLints/dict_16_192_64_0p5_0p02_0051_0002.uasset" 6349
"../../../Engine/Content/EngineMaterials/Substrate/GLints/dict_16_192_64_0p5_0p02_0051_0006.uasset" 6350
"../../../Engine/Content/EngineMaterials/Substrate/GLints/dict_16_192_64_0p5_0p02_0051_0001.uasset" 6351
"../../../Engine/Content/EngineMaterials/Substrate/GLints/dict_16_192_64_0p5_0p02_0051_0004.uasset" 6352
"/Engine/EngineMaterials/Substrate/GLints/dict_16_192_64_0p5_0p02_0050_0015" 6353
"../../../Engine/Content/EngineMaterials/Substrate/GLints/dict_16_192_64_0p5_0p02_0051_0008.uasset" 6354
"/Engine/EngineMaterials/Substrate/GLints/dict_16_192_64_0p5_0p02_0050_0014" 6355
"../../../Engine/Content/EngineMaterials/Substrate/GLints/dict_16_192_64_0p5_0p02_0051_0010.uasset" 6356
"../../../Engine/Content/EngineMaterials/Substrate/GLints/dict_16_192_64_0p5_0p02_0051_0007.uasset" 6357
"../../../Engine/Content/EngineMaterials/Substrate/GLints/dict_16_192_64_0p5_0p02_0051_0000.uasset" 6358
"../../../Engine/Content/EngineMaterials/Substrate/GLints/dict_16_192_64_0p5_0p02_0051_0012.uasset" 6359
"/Engine/EngineMaterials/Substrate/GLints/dict_16_192_64_0p5_0p02_0050_0013" 6360
"/Engine/EngineMaterials/Substrate/GLints/dict_16_192_64_0p5_0p02_0050_0012" 6361
"/Engine/EngineMaterials/Substrate/GLints/dict_16_192_64_0p5_0p02_0050_0011" 6362
"/Engine/EngineMaterials/Substrate/GLints/dict_16_192_64_0p5_0p02_0050_0010" 6363
"/Engine/EngineMaterials/Substrate/GLints/dict_16_192_64_0p5_0p02_0051_0006" 6364
"/Engine/EngineMaterials/Substrate/GLints/dict_16_192_64_0p5_0p02_0051_0004" 6365
"../../../Engine/Content/EngineMaterials/Substrate/GLints/dict_16_192_64_0p5_0p02_0051_0009.uasset" 6366
"/Engine/EngineMaterials/Substrate/GLints/dict_16_192_64_0p5_0p02_0050_0009" 6367
"../../../Engine/Content/EngineMaterials/Substrate/GLints/dict_16_192_64_0p5_0p02_0051_0011.uasset" 6368
"/Engine/EngineMaterials/Substrate/GLints/dict_16_192_64_0p5_0p02_0048_0013" 6369
"/Engine/EngineMaterials/Substrate/GLints/dict_16_192_64_0p5_0p02_0050_0008" 6370
"/Engine/EngineMaterials/Substrate/GLints/dict_16_192_64_0p5_0p02_0049_0012" 6371
"/Engine/EngineMaterials/Substrate/GLints/dict_16_192_64_0p5_0p02_0050_0007" 6372
"/Engine/EngineMaterials/Substrate/GLints/dict_16_192_64_0p5_0p02_0051_0002" 6373
"/Engine/EngineMaterials/Substrate/GLints/dict_16_192_64_0p5_0p02_0051_0001" 6374
"/Engine/EngineMaterials/Substrate/GLints/dict_16_192_64_0p5_0p02_0051_0008" 6375
"/Engine/EngineMaterials/Substrate/GLints/dict_16_192_64_0p5_0p02_0051_0010" 6376
"../../../Engine/Content/EngineMaterials/Substrate/GLints/dict_16_192_64_0p5_0p02_0051_0003.uasset" 6377
"/Engine/EngineMaterials/Substrate/GLints/dict_16_192_64_0p5_0p02_0051_0007" 6378
"/Engine/EngineMaterials/Substrate/GLints/dict_16_192_64_0p5_0p02_0051_0000" 6379
"/Engine/EngineMaterials/Substrate/GLints/dict_16_192_64_0p5_0p02_0051_0012" 6380
"/Engine/EngineMaterials/Substrate/GLints/dict_16_192_64_0p5_0p02_0051_0011" 6381
"/Engine/EngineMaterials/Substrate/GLints/dict_16_192_64_0p5_0p02_0051_0009" 6382
"../../../Engine/Content/EngineMaterials/Substrate/GLints/dict_16_192_64_0p5_0p02_0051_0013.uasset" 6383
"/Engine/EngineMaterials/Substrate/GLints/dict_16_192_64_0p5_0p02_0051_0003" 6384
"/Engine/EngineMaterials/Substrate/GLints/dict_16_192_64_0p5_0p02_0051_0013" 6385
"../../../Engine/Content/EngineMaterials/Substrate/GLints/dict_16_192_64_0p5_0p02_0052_0002.uasset" 6386
"../../../Engine/Content/EngineMaterials/Substrate/GLints/dict_16_192_64_0p5_0p02_0051_0015.uasset" 6387
"../../../Engine/Content/EngineMaterials/Substrate/GLints/dict_16_192_64_0p5_0p02_0052_0004.uasset" 6388
"../../../Engine/Content/EngineMaterials/Substrate/GLints/dict_16_192_64_0p5_0p02_0052_0001.uasset" 6389
"../../../Engine/Content/EngineMaterials/Substrate/GLints/dict_16_192_64_0p5_0p02_0051_0014.uasset" 6390
"../../../Engine/Content/EngineMaterials/Substrate/GLints/dict_16_192_64_0p5_0p02_0052_0000.uasset" 6391
"../../../Engine/Content/EngineMaterials/Substrate/GLints/dict_16_192_64_0p5_0p02_0051_0005.uasset" 6392
"../../../Engine/Content/EngineMaterials/Substrate/GLints/dict_16_192_64_0p5_0p02_0052_0005.uasset" 6393
"../../../Engine/Content/EngineMaterials/Substrate/GLints/dict_16_192_64_0p5_0p02_0052_0008.uasset" 6394
"../../../Engine/Content/EngineMaterials/Substrate/GLints/dict_16_192_64_0p5_0p02_0052_0007.uasset" 6395
"../../../Engine/Content/EngineMaterials/Substrate/GLints/dict_16_192_64_0p5_0p02_0052_0003.uasset" 6396
"../../../Engine/Content/EngineMaterials/Substrate/GLints/dict_16_192_64_0p5_0p02_0052_0006.uasset" 6397
"../../../Engine/Content/EngineMaterials/Substrate/GLints/dict_16_192_64_0p5_0p02_0052_0009.uasset" 6398
"/Engine/EngineMaterials/Substrate/GLints/dict_16_192_64_0p5_0p02_0052_0004" 6399
"/Engine/EngineMaterials/Substrate/GLints/dict_16_192_64_0p5_0p02_0052_0003" 6400
"../../../Engine/Content/EngineMaterials/Substrate/GLints/dict_16_192_64_0p5_0p02_0052_0010.uasset" 6401
"/Engine/EngineMaterials/Substrate/GLints/dict_16_192_64_0p5_0p02_0052_0002" 6402
"../../../Engine/Content/EngineMaterials/Substrate/GLints/dict_16_192_64_0p5_0p02_0052_0012.uasset" 6403
"/Engine/EngineMaterials/Substrate/GLints/dict_16_192_64_0p5_0p02_0052_0001" 6404
"/Engine/EngineMaterials/Substrate/GLints/dict_16_192_64_0p5_0p02_0052_0000" 6405
"/Engine/EngineMaterials/Substrate/GLints/dict_16_192_64_0p5_0p02_0051_0005" 6406
"/Engine/EngineMaterials/Substrate/GLints/dict_16_192_64_0p5_0p02_0051_0015" 6407
"/Engine/EngineMaterials/Substrate/GLints/dict_16_192_64_0p5_0p02_0052_0008" 6408
"/Engine/EngineMaterials/Substrate/GLints/dict_16_192_64_0p5_0p02_0052_0007" 6409
"/Engine/EngineMaterials/Substrate/GLints/dict_16_192_64_0p5_0p02_0051_0014" 6410
"/Engine/EngineMaterials/Substrate/GLints/dict_16_192_64_0p5_0p02_0052_0006" 6411
"/Engine/EngineMaterials/Substrate/GLints/dict_16_192_64_0p5_0p02_0052_0005" 6412
"../../../Engine/Content/EngineMaterials/Substrate/GLints/dict_16_192_64_0p5_0p02_0052_0015.uasset" 6413
"../../../Engine/Content/EngineMaterials/Substrate/GLints/dict_16_192_64_0p5_0p02_0052_0014.uasset" 6414
"/Engine/EngineMaterials/Substrate/GLints/dict_16_192_64_0p5_0p02_0052_0015" 6415
"../../../Engine/Content/EngineMaterials/Substrate/GLints/dict_16_192_64_0p5_0p02_0052_0013.uasset" 6416
"/Engine/EngineMaterials/Substrate/GLints/dict_16_192_64_0p5_0p02_0052_0014" 6417
"/Engine/EngineMaterials/Substrate/GLints/dict_16_192_64_0p5_0p02_0052_0012" 6418
"/Engine/EngineMaterials/Substrate/GLints/dict_16_192_64_0p5_0p02_0052_0010" 6419
"/Engine/EngineMaterials/Substrate/GLints/dict_16_192_64_0p5_0p02_0052_0009" 6420
"../../../Engine/Content/EngineMaterials/Substrate/GLints/dict_16_192_64_0p5_0p02_0052_0011.uasset" 6421
"/Engine/EngineMaterials/Substrate/GLints/dict_16_192_64_0p5_0p02_0052_0013" 6422
"/Engine/EngineMaterials/Substrate/GLints/dict_16_192_64_0p5_0p02_0052_0011" 6423
"../../../Engine/Content/EngineMaterials/Substrate/GLints/dict_16_192_64_0p5_0p02_0053_0003.uasset" 6424
"/Engine/EngineMaterials/Substrate/GLints/dict_16_192_64_0p5_0p02_0053_0003" 6425
"../../../Engine/Content/EngineMaterials/Substrate/GLints/dict_16_192_64_0p5_0p02_0053_0001.uasset" 6426
"../../../Engine/Content/EngineMaterials/Substrate/GLints/dict_16_192_64_0p5_0p02_0053_0002.uasset" 6427
"../../../Engine/Content/EngineMaterials/Substrate/GLints/dict_16_192_64_0p5_0p02_0053_0005.uasset" 6428
"../../../Engine/Content/EngineMaterials/Substrate/GLints/dict_16_192_64_0p5_0p02_0053_0000.uasset" 6429
"../../../Engine/Content/EngineMaterials/Substrate/GLints/dict_16_192_64_0p5_0p02_0053_0007.uasset" 6430
"../../../Engine/Content/EngineMaterials/Substrate/GLints/dict_16_192_64_0p5_0p02_0053_0008.uasset" 6431
"../../../Engine/Content/EngineMaterials/Substrate/GLints/dict_16_192_64_0p5_0p02_0053_0006.uasset" 6432
"../../../Engine/Content/EngineMaterials/Substrate/GLints/dict_16_192_64_0p5_0p02_0053_0011.uasset" 6433
"../../../Engine/Content/EngineMaterials/Substrate/GLints/dict_16_192_64_0p5_0p02_0053_0010.uasset" 6434
"../../../Engine/Content/EngineMaterials/Substrate/GLints/dict_16_192_64_0p5_0p02_0053_0004.uasset" 6435
"/Engine/EngineMaterials/Substrate/GLints/dict_16_192_64_0p5_0p02_0053_0010" 6436
"../../../Engine/Content/EngineMaterials/Substrate/GLints/dict_16_192_64_0p5_0p02_0053_0015.uasset" 6437
"../../../Engine/Content/EngineMaterials/Substrate/GLints/dict_16_192_64_0p5_0p02_0053_0009.uasset" 6438
"/Engine/EngineMaterials/Substrate/GLints/dict_16_192_64_0p5_0p02_0053_0008" 6439
"/Engine/EngineMaterials/Substrate/GLints/dict_16_192_64_0p5_0p02_0053_0007" 6440
"../../../Engine/Content/EngineMaterials/Substrate/GLints/dict_16_192_64_0p5_0p02_0054_0000.uasset" 6441
"/Engine/EngineMaterials/Substrate/GLints/dict_16_192_64_0p5_0p02_0053_0002" 6442
"/Engine/EngineMaterials/Substrate/GLints/dict_16_192_64_0p5_0p02_0053_0001" 6443
"/Engine/EngineMaterials/Substrate/GLints/dict_16_192_64_0p5_0p02_0053_0000" 6444
"/Engine/EngineMaterials/Substrate/GLints/dict_16_192_64_0p5_0p02_0053_0011" 6445
"../../../Engine/Content/EngineMaterials/Substrate/GLints/dict_16_192_64_0p5_0p02_0053_0013.uasset" 6446
"../../../Engine/Content/EngineMaterials/Substrate/GLints/dict_16_192_64_0p5_0p02_0053_0012.uasset" 6447
"/Engine/EngineMaterials/Substrate/GLints/dict_16_192_64_0p5_0p02_0053_0006" 6448
"/Engine/EngineMaterials/Substrate/GLints/dict_16_192_64_0p5_0p02_0053_0005" 6449
"/Engine/EngineMaterials/Substrate/GLints/dict_16_192_64_0p5_0p02_0053_0004" 6450
"/Engine/EngineMaterials/Substrate/GLints/dict_16_192_64_0p5_0p02_0053_0009" 6451
"/Engine/EngineMaterials/Substrate/GLints/dict_16_192_64_0p5_0p02_0053_0012" 6452
"/Engine/EngineMaterials/Substrate/GLints/dict_16_192_64_0p5_0p02_0054_0000" 6453
"/Engine/EngineMaterials/Substrate/GLints/dict_16_192_64_0p5_0p02_0053_0015" 6454
"../../../Engine/Content/EngineMaterials/Substrate/GLints/dict_16_192_64_0p5_0p02_0054_0004.uasset" 6455
"../../../Engine/Content/EngineMaterials/Substrate/GLints/dict_16_192_64_0p5_0p02_0054_0002.uasset" 6456
"/Engine/EngineMaterials/Substrate/GLints/dict_16_192_64_0p5_0p02_0053_0013" 6457
"../../../Engine/Content/EngineMaterials/Substrate/GLints/dict_16_192_64_0p5_0p02_0053_0014.uasset" 6458
"../../../Engine/Content/EngineMaterials/Substrate/GLints/dict_16_192_64_0p5_0p02_0054_0001.uasset" 6459
"/Engine/EngineMaterials/Substrate/GLints/dict_16_192_64_0p5_0p02_0054_0004" 6460
"/Engine/EngineMaterials/Substrate/GLints/dict_16_192_64_0p5_0p02_0054_0002" 6461
"../../../Engine/Content/EngineMaterials/Substrate/GLints/dict_16_192_64_0p5_0p02_0054_0003.uasset" 6462
"/Engine/EngineMaterials/Substrate/GLints/dict_16_192_64_0p5_0p02_0054_0001" 6463
"/Engine/EngineMaterials/Substrate/GLints/dict_16_192_64_0p5_0p02_0053_0014" 6464
"../../../Engine/Content/EngineMaterials/Substrate/GLints/dict_16_192_64_0p5_0p02_0054_0006.uasset" 6465
"../../../Engine/Content/EngineMaterials/Substrate/GLints/dict_16_192_64_0p5_0p02_0054_0005.uasset" 6466
"/Engine/EngineMaterials/Substrate/GLints/dict_16_192_64_0p5_0p02_0054_0006" 6467
"/Engine/EngineMaterials/Substrate/GLints/dict_16_192_64_0p5_0p02_0054_0005" 6468
"/Engine/EngineMaterials/Substrate/GLints/dict_16_192_64_0p5_0p02_0054_0003" 6469
"../../../Engine/Content/EngineMaterials/Substrate/GLints/dict_16_192_64_0p5_0p02_0054_0007.uasset" 6470
"../../../Engine/Content/EngineMaterials/Substrate/GLints/dict_16_192_64_0p5_0p02_0054_0008.uasset" 6471
"../../../Engine/Content/EngineMaterials/Substrate/GLints/dict_16_192_64_0p5_0p02_0054_0009.uasset" 6472
"../../../Engine/Content/EngineMaterials/Substrate/GLints/dict_16_192_64_0p5_0p02_0054_0013.uasset" 6473
"../../../Engine/Content/EngineMaterials/Substrate/GLints/dict_16_192_64_0p5_0p02_0054_0011.uasset" 6474
"../../../Engine/Content/EngineMaterials/Substrate/GLints/dict_16_192_64_0p5_0p02_0054_0014.uasset" 6475
"../../../Engine/Content/EngineMaterials/Substrate/GLints/dict_16_192_64_0p5_0p02_0054_0010.uasset" 6476
"../../../Engine/Content/EngineMaterials/Substrate/GLints/dict_16_192_64_0p5_0p02_0054_0012.uasset" 6477
"../../../Engine/Content/EngineMaterials/Substrate/GLints/dict_16_192_64_0p5_0p02_0055_0000.uasset" 6478
"../../../Engine/Content/EngineMaterials/Substrate/GLints/dict_16_192_64_0p5_0p02_0054_0015.uasset" 6479
"/Engine/EngineMaterials/Substrate/GLints/dict_16_192_64_0p5_0p02_0055_0000" 6480
"/Engine/EngineMaterials/Substrate/GLints/dict_16_192_64_0p5_0p02_0054_0013" 6481
"../../../Engine/Content/EngineMaterials/Substrate/GLints/dict_16_192_64_0p5_0p02_0055_0004.uasset" 6482
"../../../Engine/Content/EngineMaterials/Substrate/GLints/dict_16_192_64_0p5_0p02_0055_0005.uasset" 6483
"../../../Engine/Content/EngineMaterials/Substrate/GLints/dict_16_192_64_0p5_0p02_0055_0006.uasset" 6484
"../../../Engine/Content/EngineMaterials/Substrate/GLints/dict_16_192_64_0p5_0p02_0055_0007.uasset" 6485
"../../../Engine/Content/EngineMaterials/Substrate/GLints/dict_16_192_64_0p5_0p02_0055_0009.uasset" 6486
"../../../Engine/Content/EngineMaterials/Substrate/GLints/dict_16_192_64_0p5_0p02_0055_0001.uasset" 6487
"/Engine/EngineMaterials/Substrate/GLints/dict_16_192_64_0p5_0p02_0054_0012" 6488
"../../../Engine/Content/EngineMaterials/Substrate/GLints/dict_16_192_64_0p5_0p02_0055_0002.uasset" 6489
"/Engine/EngineMaterials/Substrate/GLints/dict_16_192_64_0p5_0p02_0054_0008" 6490
"../../../Engine/Content/EngineMaterials/Substrate/GLints/dict_16_192_64_0p5_0p02_0055_0010.uasset" 6491
"/Engine/EngineMaterials/Substrate/GLints/dict_16_192_64_0p5_0p02_0054_0007" 6492
"/Engine/EngineMaterials/Substrate/GLints/dict_16_192_64_0p5_0p02_0054_0015" 6493
"/Engine/EngineMaterials/Substrate/GLints/dict_16_192_64_0p5_0p02_0054_0011" 6494
"/Engine/EngineMaterials/Substrate/GLints/dict_16_192_64_0p5_0p02_0054_0014" 6495
"../../../Engine/Content/EngineMaterials/Substrate/GLints/dict_16_192_64_0p5_0p02_0055_0003.uasset" 6496
"../../../Engine/Content/EngineMaterials/Substrate/GLints/dict_16_192_64_0p5_0p02_0055_0008.uasset" 6497
"/Engine/EngineMaterials/Substrate/GLints/dict_16_192_64_0p5_0p02_0054_0010" 6498
"../../../Engine/Content/EngineMaterials/Substrate/GLints/dict_16_192_64_0p5_0p02_0055_0012.uasset" 6499
"../../../Engine/Content/EngineMaterials/Substrate/GLints/dict_16_192_64_0p5_0p02_0055_0013.uasset" 6500
"/Engine/EngineMaterials/Substrate/GLints/dict_16_192_64_0p5_0p02_0054_0009" 6501
"../../../Engine/Content/EngineMaterials/Substrate/GLints/dict_16_192_64_0p5_0p02_0055_0014.uasset" 6502
"/Engine/EngineMaterials/Substrate/GLints/dict_16_192_64_0p5_0p02_0055_0010" 6503
"/Engine/EngineMaterials/Substrate/GLints/dict_16_192_64_0p5_0p02_0055_0009" 6504
"/Engine/EngineMaterials/Substrate/GLints/dict_16_192_64_0p5_0p02_0055_0008" 6505
"/Engine/EngineMaterials/Substrate/GLints/dict_16_192_64_0p5_0p02_0055_0007" 6506
"../../../Engine/Content/EngineMaterials/Substrate/GLints/dict_16_192_64_0p5_0p02_0056_0000.uasset" 6507
"../../../Engine/Content/EngineMaterials/Substrate/GLints/dict_16_192_64_0p5_0p02_0056_0002.uasset" 6508
"/Engine/EngineMaterials/Substrate/GLints/dict_16_192_64_0p5_0p02_0055_0006" 6509
"/Engine/EngineMaterials/Substrate/GLints/dict_16_192_64_0p5_0p02_0055_0005" 6510
"/Engine/EngineMaterials/Substrate/GLints/dict_16_192_64_0p5_0p02_0055_0014" 6511
"/Engine/EngineMaterials/Substrate/GLints/dict_16_192_64_0p5_0p02_0055_0013" 6512
"/Engine/EngineMaterials/Substrate/GLints/dict_16_192_64_0p5_0p02_0055_0012" 6513
"/Engine/EngineMaterials/Substrate/GLints/dict_16_192_64_0p5_0p02_0055_0004" 6514
"/Engine/EngineMaterials/Substrate/GLints/dict_16_192_64_0p5_0p02_0055_0003" 6515
"../../../Engine/Content/EngineMaterials/Substrate/GLints/dict_16_192_64_0p5_0p02_0055_0011.uasset" 6516
"/Engine/EngineMaterials/Substrate/GLints/dict_16_192_64_0p5_0p02_0055_0002" 6517
"/Engine/EngineMaterials/Substrate/GLints/dict_16_192_64_0p5_0p02_0055_0001" 6518
"/Engine/EngineMaterials/Substrate/GLints/dict_16_192_64_0p5_0p02_0056_0002" 6519
"/Engine/EngineMaterials/Substrate/GLints/dict_16_192_64_0p5_0p02_0056_0000" 6520
"/Engine/EngineMaterials/Substrate/GLints/dict_16_192_64_0p5_0p02_0055_0011" 6521
"../../../Engine/Content/EngineMaterials/Substrate/GLints/dict_16_192_64_0p5_0p02_0056_0004.uasset" 6522
"../../../Engine/Content/EngineMaterials/Substrate/GLints/dict_16_192_64_0p5_0p02_0056_0005.uasset" 6523
"../../../Engine/Content/EngineMaterials/Substrate/GLints/dict_16_192_64_0p5_0p02_0056_0006.uasset" 6524
"../../../Engine/Content/EngineMaterials/Substrate/GLints/dict_16_192_64_0p5_0p02_0056_0003.uasset" 6525
"../../../Engine/Content/EngineMaterials/Substrate/GLints/dict_16_192_64_0p5_0p02_0056_0001.uasset" 6526
"../../../Engine/Content/EngineMaterials/Substrate/GLints/dict_16_192_64_0p5_0p02_0056_0008.uasset" 6527
"../../../Engine/Content/EngineMaterials/Substrate/GLints/dict_16_192_64_0p5_0p02_0056_0007.uasset" 6528
"../../../Engine/Content/EngineMaterials/Substrate/GLints/dict_16_192_64_0p5_0p02_0055_0015.uasset" 6529
"/Engine/EngineMaterials/Substrate/GLints/dict_16_192_64_0p5_0p02_0055_0015" 6530
"../../../Engine/Content/EngineMaterials/Substrate/GLints/dict_16_192_64_0p5_0p02_0056_0012.uasset" 6531
"../../../Engine/Content/EngineMaterials/Substrate/GLints/dict_16_192_64_0p5_0p02_0056_0013.uasset" 6532
"../../../Engine/Content/EngineMaterials/Substrate/GLints/dict_16_192_64_0p5_0p02_0056_0010.uasset" 6533
"../../../Engine/Content/EngineMaterials/Substrate/GLints/dict_16_192_64_0p5_0p02_0056_0011.uasset" 6534
"../../../Engine/Content/EngineMaterials/Substrate/GLints/dict_16_192_64_0p5_0p02_0056_0015.uasset" 6535
"/Engine/EngineMaterials/Substrate/GLints/dict_16_192_64_0p5_0p02_0056_0006" 6536
"../../../Engine/Content/EngineMaterials/Substrate/GLints/dict_16_192_64_0p5_0p02_0056_0014.uasset" 6537
"/Engine/EngineMaterials/Substrate/GLints/dict_16_192_64_0p5_0p02_0056_0005" 6538
"../../../Engine/Content/EngineMaterials/Substrate/GLints/dict_16_192_64_0p5_0p02_0056_0009.uasset" 6539
"/Engine/EngineMaterials/Substrate/GLints/dict_16_192_64_0p5_0p02_0056_0003" 6540
"/Engine/EngineMaterials/Substrate/GLints/dict_16_192_64_0p5_0p02_0056_0004" 6541
"/Engine/EngineMaterials/Substrate/GLints/dict_16_192_64_0p5_0p02_0056_0008" 6542
"/Engine/EngineMaterials/Substrate/GLints/dict_16_192_64_0p5_0p02_0056_0007" 6543
"/Engine/EngineMaterials/Substrate/GLints/dict_16_192_64_0p5_0p02_0056_0001" 6544
"/Engine/EngineMaterials/Substrate/GLints/dict_16_192_64_0p5_0p02_0056_0015" 6545
"/Engine/EngineMaterials/Substrate/GLints/dict_16_192_64_0p5_0p02_0056_0014" 6546
"/Engine/EngineMaterials/Substrate/GLints/dict_16_192_64_0p5_0p02_0056_0013" 6547
"/Engine/EngineMaterials/Substrate/GLints/dict_16_192_64_0p5_0p02_0056_0012" 6548
"/Engine/EngineMaterials/Substrate/GLints/dict_16_192_64_0p5_0p02_0056_0011" 6549
"/Engine/EngineMaterials/Substrate/GLints/dict_16_192_64_0p5_0p02_0056_0010" 6550
"/Engine/EngineMaterials/Substrate/GLints/dict_16_192_64_0p5_0p02_0056_0009" 6551
"../../../Engine/Content/EngineMaterials/Substrate/GLints/dict_16_192_64_0p5_0p02_0057_0001.uasset" 6552
"../../../Engine/Content/EngineMaterials/Substrate/GLints/dict_16_192_64_0p5_0p02_0057_0000.uasset" 6553
"../../../Engine/Content/EngineMaterials/Substrate/GLints/dict_16_192_64_0p5_0p02_0057_0004.uasset" 6554
"../../../Engine/Content/EngineMaterials/Substrate/GLints/dict_16_192_64_0p5_0p02_0057_0006.uasset" 6555
"../../../Engine/Content/EngineMaterials/Substrate/GLints/dict_16_192_64_0p5_0p02_0057_0003.uasset" 6556
"../../../Engine/Content/EngineMaterials/Substrate/GLints/dict_16_192_64_0p5_0p02_0057_0005.uasset" 6557
"../../../Engine/Content/EngineMaterials/Substrate/GLints/dict_16_192_64_0p5_0p02_0057_0009.uasset" 6558
"../../../Engine/Content/EngineMaterials/Substrate/GLints/dict_16_192_64_0p5_0p02_0057_0008.uasset" 6559
"../../../Engine/Content/EngineMaterials/Substrate/GLints/dict_16_192_64_0p5_0p02_0057_0007.uasset" 6560
"../../../Engine/Content/EngineMaterials/Substrate/GLints/dict_16_192_64_0p5_0p02_0057_0014.uasset" 6561
"../../../Engine/Content/EngineMaterials/Substrate/GLints/dict_16_192_64_0p5_0p02_0057_0010.uasset" 6562
"../../../Engine/Content/EngineMaterials/Substrate/GLints/dict_16_192_64_0p5_0p02_0057_0015.uasset" 6563
"../../../Engine/Content/EngineMaterials/Substrate/GLints/dict_16_192_64_0p5_0p02_0057_0012.uasset" 6564
"../../../Engine/Content/EngineMaterials/Substrate/GLints/dict_16_192_64_0p5_0p02_0057_0011.uasset" 6565
"../../../Engine/Content/EngineMaterials/Substrate/GLints/dict_16_192_64_0p5_0p02_0058_0000.uasset" 6566
"../../../Engine/Content/EngineMaterials/Substrate/GLints/dict_16_192_64_0p5_0p02_0057_0013.uasset" 6567
"../../../Engine/Content/EngineMaterials/Substrate/GLints/dict_16_192_64_0p5_0p02_0057_0002.uasset" 6568
"../../../Engine/Content/EngineMaterials/Substrate/GLints/dict_16_192_64_0p5_0p02_0058_0003.uasset" 6569
"../../../Engine/Content/EngineMaterials/Substrate/GLints/dict_16_192_64_0p5_0p02_0058_0005.uasset" 6570
"../../../Engine/Content/EngineMaterials/Substrate/GLints/dict_16_192_64_0p5_0p02_0058_0006.uasset" 6571
"../../../Engine/Content/EngineMaterials/Substrate/GLints/dict_16_192_64_0p5_0p02_0058_0007.uasset" 6572
"../../../Engine/Content/EngineMaterials/Substrate/GLints/dict_16_192_64_0p5_0p02_0058_0001.uasset" 6573
"../../../Engine/Content/EngineMaterials/Substrate/GLints/dict_16_192_64_0p5_0p02_0058_0002.uasset" 6574
"../../../Engine/Content/EngineMaterials/Substrate/GLints/dict_16_192_64_0p5_0p02_0058_0004.uasset" 6575
"../../../Engine/Content/EngineMaterials/Substrate/GLints/dict_16_192_64_0p5_0p02_0058_0009.uasset" 6576
"../../../Engine/Content/EngineMaterials/Substrate/GLints/dict_16_192_64_0p5_0p02_0058_0008.uasset" 6577
"../../../Engine/Content/EngineMaterials/Substrate/GLints/dict_16_192_64_0p5_0p02_0058_0010.uasset" 6578
"../../../Engine/Content/EngineMaterials/Substrate/GLints/dict_16_192_64_0p5_0p02_0058_0012.uasset" 6579
"../../../Engine/Content/EngineMaterials/Substrate/GLints/dict_16_192_64_0p5_0p02_0058_0014.uasset" 6580
"../../../Engine/Content/EngineMaterials/Substrate/GLints/dict_16_192_64_0p5_0p02_0058_0011.uasset" 6581
"../../../Engine/Content/EngineMaterials/Substrate/GLints/dict_16_192_64_0p5_0p02_0058_0013.uasset" 6582
"../../../Engine/Content/EngineMaterials/Substrate/GLints/dict_16_192_64_0p5_0p02_0058_0015.uasset" 6583
"/Engine/EngineMaterials/Substrate/GLints/dict_16_192_64_0p5_0p02_0057_0013" 6584
"/Engine/EngineMaterials/Substrate/GLints/dict_16_192_64_0p5_0p02_0058_0008" 6585
"/Engine/EngineMaterials/Substrate/GLints/dict_16_192_64_0p5_0p02_0057_0012" 6586
"/Engine/EngineMaterials/Substrate/GLints/dict_16_192_64_0p5_0p02_0057_0011" 6587
"/Engine/EngineMaterials/Substrate/GLints/dict_16_192_64_0p5_0p02_0057_0000" 6588
"/Engine/EngineMaterials/Substrate/GLints/dict_16_192_64_0p5_0p02_0057_0010" 6589
"/Engine/EngineMaterials/Substrate/GLints/dict_16_192_64_0p5_0p02_0057_0009" 6590
"/Engine/EngineMaterials/Substrate/GLints/dict_16_192_64_0p5_0p02_0057_0008" 6591
"/Engine/EngineMaterials/Substrate/GLints/dict_16_192_64_0p5_0p02_0058_0015" 6592
"/Engine/EngineMaterials/Substrate/GLints/dict_16_192_64_0p5_0p02_0058_0014" 6593
"/Engine/EngineMaterials/Substrate/GLints/dict_16_192_64_0p5_0p02_0058_0013" 6594
"/Engine/EngineMaterials/Substrate/GLints/dict_16_192_64_0p5_0p02_0058_0012" 6595
"/Engine/EngineMaterials/Substrate/GLints/dict_16_192_64_0p5_0p02_0058_0007" 6596
"/Engine/EngineMaterials/Substrate/GLints/dict_16_192_64_0p5_0p02_0058_0006" 6597
"/Engine/EngineMaterials/Substrate/GLints/dict_16_192_64_0p5_0p02_0058_0005" 6598
"/Engine/EngineMaterials/Substrate/GLints/dict_16_192_64_0p5_0p02_0058_0011" 6599
"/Engine/EngineMaterials/Substrate/GLints/dict_16_192_64_0p5_0p02_0058_0004" 6600
"/Engine/EngineMaterials/Substrate/GLints/dict_16_192_64_0p5_0p02_0058_0010" 6601
"/Engine/EngineMaterials/Substrate/GLints/dict_16_192_64_0p5_0p02_0058_0009" 6602
"/Engine/EngineMaterials/Substrate/GLints/dict_16_192_64_0p5_0p02_0058_0003" 6603
"/Engine/EngineMaterials/Substrate/GLints/dict_16_192_64_0p5_0p02_0058_0000" 6604
"/Engine/EngineMaterials/Substrate/GLints/dict_16_192_64_0p5_0p02_0058_0002" 6605
"/Engine/EngineMaterials/Substrate/GLints/dict_16_192_64_0p5_0p02_0058_0001" 6606
"/Engine/EngineMaterials/Substrate/GLints/dict_16_192_64_0p5_0p02_0057_0007" 6607
"/Engine/EngineMaterials/Substrate/GLints/dict_16_192_64_0p5_0p02_0057_0006" 6608
"/Engine/EngineMaterials/Substrate/GLints/dict_16_192_64_0p5_0p02_0057_0005" 6609
"/Engine/EngineMaterials/Substrate/GLints/dict_16_192_64_0p5_0p02_0057_0004" 6610
"/Engine/EngineMaterials/Substrate/GLints/dict_16_192_64_0p5_0p02_0057_0015" 6611
"/Engine/EngineMaterials/Substrate/GLints/dict_16_192_64_0p5_0p02_0057_0003" 6612
"/Engine/EngineMaterials/Substrate/GLints/dict_16_192_64_0p5_0p02_0057_0014" 6613
"/Engine/EngineMaterials/Substrate/GLints/dict_16_192_64_0p5_0p02_0057_0002" 6614
"/Engine/EngineMaterials/Substrate/GLints/dict_16_192_64_0p5_0p02_0057_0001" 6615
"../../../Engine/Content/EngineMaterials/Substrate/GLints/dict_16_192_64_0p5_0p02_0059_0000.uasset" 6616
"../../../Engine/Content/EngineMaterials/Substrate/GLints/dict_16_192_64_0p5_0p02_0059_0001.uasset" 6617
"../../../Engine/Content/EngineMaterials/Substrate/GLints/dict_16_192_64_0p5_0p02_0059_0003.uasset" 6618
"../../../Engine/Content/EngineMaterials/Substrate/GLints/dict_16_192_64_0p5_0p02_0059_0002.uasset" 6619
"/Engine/EngineMaterials/Substrate/GLints/dict_16_192_64_0p5_0p02_0059_0003" 6620
"/Engine/EngineMaterials/Substrate/GLints/dict_16_192_64_0p5_0p02_0059_0002" 6621
"/Engine/EngineMaterials/Substrate/GLints/dict_16_192_64_0p5_0p02_0059_0001" 6622
"/Engine/EngineMaterials/Substrate/GLints/dict_16_192_64_0p5_0p02_0059_0000" 6623
"../../../Engine/Content/EngineMaterials/Substrate/GLints/dict_16_192_64_0p5_0p02_0059_0005.uasset" 6624
"../../../Engine/Content/EngineMaterials/Substrate/GLints/dict_16_192_64_0p5_0p02_0059_0006.uasset" 6625
"/Engine/EngineMaterials/Substrate/GLints/dict_16_192_64_0p5_0p02_0059_0006" 6626
"../../../Engine/Content/EngineMaterials/Substrate/GLints/dict_16_192_64_0p5_0p02_0059_0004.uasset" 6627
"../../../Engine/Content/EngineMaterials/Substrate/GLints/dict_16_192_64_0p5_0p02_0059_0009.uasset" 6628
"../../../Engine/Content/EngineMaterials/Substrate/GLints/dict_16_192_64_0p5_0p02_0059_0011.uasset" 6629
"/Engine/EngineMaterials/Substrate/GLints/dict_16_192_64_0p5_0p02_0059_0005" 6630
"../../../Engine/Content/EngineMaterials/Substrate/GLints/dict_16_192_64_0p5_0p02_0059_0008.uasset" 6631
"/Engine/EngineMaterials/Substrate/GLints/dict_16_192_64_0p5_0p02_0059_0011" 6632
"/Engine/EngineMaterials/Substrate/GLints/dict_16_192_64_0p5_0p02_0059_0009" 6633
"../../../Engine/Content/EngineMaterials/Substrate/GLints/dict_16_192_64_0p5_0p02_0059_0010.uasset" 6634
"/Engine/EngineMaterials/Substrate/GLints/dict_16_192_64_0p5_0p02_0059_0008" 6635
"/Engine/EngineMaterials/Substrate/GLints/dict_16_192_64_0p5_0p02_0059_0004" 6636
"/Engine/EngineMaterials/Substrate/GLints/dict_16_192_64_0p5_0p02_0059_0010" 6637
"../../../Engine/Content/EngineMaterials/Substrate/GLints/dict_16_192_64_0p5_0p02_0059_0012.uasset" 6638
"../../../Engine/Content/EngineMaterials/Substrate/GLints/dict_16_192_64_0p5_0p02_0059_0013.uasset" 6639
"../../../Engine/Content/EngineMaterials/Substrate/GLints/dict_16_192_64_0p5_0p02_0059_0015.uasset" 6640
"../../../Engine/Content/EngineMaterials/Substrate/GLints/dict_16_192_64_0p5_0p02_0060_0000.uasset" 6641
"../../../Engine/Content/EngineMaterials/Substrate/GLints/dict_16_192_64_0p5_0p02_0060_0001.uasset" 6642
"../../../Engine/Content/EngineMaterials/Substrate/GLints/dict_16_192_64_0p5_0p02_0060_0002.uasset" 6643
"../../../Engine/Content/EngineMaterials/Substrate/GLints/dict_16_192_64_0p5_0p02_0060_0003.uasset" 6644
"../../../Engine/Content/EngineMaterials/Substrate/GLints/dict_16_192_64_0p5_0p02_0060_0008.uasset" 6645
"../../../Engine/Content/EngineMaterials/Substrate/GLints/dict_16_192_64_0p5_0p02_0060_0005.uasset" 6646
"../../../Engine/Content/EngineMaterials/Substrate/GLints/dict_16_192_64_0p5_0p02_0060_0006.uasset" 6647
"../../../Engine/Content/EngineMaterials/Substrate/GLints/dict_16_192_64_0p5_0p02_0060_0013.uasset" 6648
"../../../Engine/Content/EngineMaterials/Substrate/GLints/dict_16_192_64_0p5_0p02_0060_0012.uasset" 6649
"../../../Engine/Content/EngineMaterials/Substrate/GLints/dict_16_192_64_0p5_0p02_0060_0007.uasset" 6650
"../../../Engine/Content/EngineMaterials/Substrate/GLints/dict_16_192_64_0p5_0p02_0061_0000.uasset" 6651
"../../../Engine/Content/EngineMaterials/Substrate/GLints/dict_16_192_64_0p5_0p02_0060_0014.uasset" 6652
"../../../Engine/Content/EngineMaterials/Substrate/GLints/dict_16_192_64_0p5_0p02_0060_0015.uasset" 6653
"../../../Engine/Content/EngineMaterials/Substrate/GLints/dict_16_192_64_0p5_0p02_0060_0010.uasset" 6654
"../../../Engine/Content/EngineMaterials/Substrate/GLints/dict_16_192_64_0p5_0p02_0060_0004.uasset" 6655
"../../../Engine/Content/EngineMaterials/Substrate/GLints/dict_16_192_64_0p5_0p02_0060_0011.uasset" 6656
"../../../Engine/Content/EngineMaterials/Substrate/GLints/dict_16_192_64_0p5_0p02_0061_0002.uasset" 6657
"../../../Engine/Content/EngineMaterials/Substrate/GLints/dict_16_192_64_0p5_0p02_0061_0001.uasset" 6658
"../../../Engine/Content/EngineMaterials/Substrate/GLints/dict_16_192_64_0p5_0p02_0061_0004.uasset" 6659
"../../../Engine/Content/EngineMaterials/Substrate/GLints/dict_16_192_64_0p5_0p02_0061_0003.uasset" 6660
"../../../Engine/Content/EngineMaterials/Substrate/GLints/dict_16_192_64_0p5_0p02_0061_0006.uasset" 6661
"../../../Engine/Content/EngineMaterials/Substrate/GLints/dict_16_192_64_0p5_0p02_0061_0005.uasset" 6662
"../../../Engine/Content/EngineMaterials/Substrate/GLints/dict_16_192_64_0p5_0p02_0061_0008.uasset" 6663
"../../../Engine/Content/EngineMaterials/Substrate/GLints/dict_16_192_64_0p5_0p02_0061_0009.uasset" 6664
"../../../Engine/Content/EngineMaterials/Substrate/GLints/dict_16_192_64_0p5_0p02_0061_0010.uasset" 6665
"../../../Engine/Content/EngineMaterials/Substrate/GLints/dict_16_192_64_0p5_0p02_0059_0007.uasset" 6666
"../../../Engine/Content/EngineMaterials/Substrate/GLints/dict_16_192_64_0p5_0p02_0061_0007.uasset" 6667
"../../../Engine/Content/EngineMaterials/Substrate/GLints/dict_16_192_64_0p5_0p02_0060_0009.uasset" 6668
"../../../Engine/Content/EngineMaterials/Substrate/GLints/dict_16_192_64_0p5_0p02_0059_0014.uasset" 6669
"/Engine/EngineMaterials/Substrate/GLints/dict_16_192_64_0p5_0p02_0060_0015" 6670
"/Engine/EngineMaterials/Substrate/GLints/dict_16_192_64_0p5_0p02_0060_0014" 6671
"/Engine/EngineMaterials/Substrate/GLints/dict_16_192_64_0p5_0p02_0060_0013" 6672
"/Engine/EngineMaterials/Substrate/GLints/dict_16_192_64_0p5_0p02_0060_0012" 6673
"/Engine/EngineMaterials/Substrate/GLints/dict_16_192_64_0p5_0p02_0060_0011" 6674
"/Engine/EngineMaterials/Substrate/GLints/dict_16_192_64_0p5_0p02_0060_0010" 6675
"/Engine/EngineMaterials/Substrate/GLints/dict_16_192_64_0p5_0p02_0060_0009" 6676
"/Engine/EngineMaterials/Substrate/GLints/dict_16_192_64_0p5_0p02_0060_0008" 6677
"/Engine/EngineMaterials/Substrate/GLints/dict_16_192_64_0p5_0p02_0060_0007" 6678
"/Engine/EngineMaterials/Substrate/GLints/dict_16_192_64_0p5_0p02_0060_0006" 6679
"/Engine/EngineMaterials/Substrate/GLints/dict_16_192_64_0p5_0p02_0060_0005" 6680
"/Engine/EngineMaterials/Substrate/GLints/dict_16_192_64_0p5_0p02_0060_0004" 6681
"/Engine/EngineMaterials/Substrate/GLints/dict_16_192_64_0p5_0p02_0060_0003" 6682
"/Engine/EngineMaterials/Substrate/GLints/dict_16_192_64_0p5_0p02_0060_0002" 6683
"/Engine/EngineMaterials/Substrate/GLints/dict_16_192_64_0p5_0p02_0060_0001" 6684
"/Engine/EngineMaterials/Substrate/GLints/dict_16_192_64_0p5_0p02_0060_0000" 6685
"/Engine/EngineMaterials/Substrate/GLints/dict_16_192_64_0p5_0p02_0059_0015" 6686
"/Engine/EngineMaterials/Substrate/GLints/dict_16_192_64_0p5_0p02_0059_0014" 6687
"/Engine/EngineMaterials/Substrate/GLints/dict_16_192_64_0p5_0p02_0059_0013" 6688
"/Engine/EngineMaterials/Substrate/GLints/dict_16_192_64_0p5_0p02_0059_0012" 6689
"/Engine/EngineMaterials/Substrate/GLints/dict_16_192_64_0p5_0p02_0061_0009" 6690
"/Engine/EngineMaterials/Substrate/GLints/dict_16_192_64_0p5_0p02_0061_0010" 6691
"/Engine/EngineMaterials/Substrate/GLints/dict_16_192_64_0p5_0p02_0061_0008" 6692
"/Engine/EngineMaterials/Substrate/GLints/dict_16_192_64_0p5_0p02_0061_0007" 6693
"/Engine/EngineMaterials/Substrate/GLints/dict_16_192_64_0p5_0p02_0059_0007" 6694
"/Engine/EngineMaterials/Substrate/GLints/dict_16_192_64_0p5_0p02_0061_0005" 6695
"/Engine/EngineMaterials/Substrate/GLints/dict_16_192_64_0p5_0p02_0061_0004" 6696
"/Engine/EngineMaterials/Substrate/GLints/dict_16_192_64_0p5_0p02_0061_0006" 6697
"/Engine/EngineMaterials/Substrate/GLints/dict_16_192_64_0p5_0p02_0061_0003" 6698
"/Engine/EngineMaterials/Substrate/GLints/dict_16_192_64_0p5_0p02_0061_0002" 6699
"/Engine/EngineMaterials/Substrate/GLints/dict_16_192_64_0p5_0p02_0061_0001" 6700
"/Engine/EngineMaterials/Substrate/GLints/dict_16_192_64_0p5_0p02_0061_0000" 6701
"../../../Engine/Content/EngineMaterials/Substrate/GLints/dict_16_192_64_0p5_0p02_0061_0011.uasset" 6702
"../../../Engine/Content/EngineMaterials/Substrate/GLints/dict_16_192_64_0p5_0p02_0061_0015.uasset" 6703
"../../../Engine/Content/EngineMaterials/Substrate/GLints/dict_16_192_64_0p5_0p02_0061_0013.uasset" 6704
"../../../Engine/Content/EngineMaterials/Substrate/GLints/dict_16_192_64_0p5_0p02_0062_0000.uasset" 6705
"../../../Engine/Content/EngineMaterials/Substrate/GLints/dict_16_192_64_0p5_0p02_0062_0001.uasset" 6706
"../../../Engine/Content/EngineMaterials/Substrate/GLints/dict_16_192_64_0p5_0p02_0062_0002.uasset" 6707
"../../../Engine/Content/EngineMaterials/Substrate/GLints/dict_16_192_64_0p5_0p02_0062_0003.uasset" 6708
"/Engine/EngineMaterials/Substrate/GLints/dict_16_192_64_0p5_0p02_0062_0003" 6709
"../../../Engine/Content/EngineMaterials/Substrate/GLints/dict_16_192_64_0p5_0p02_0062_0004.uasset" 6710
"/Engine/EngineMaterials/Substrate/GLints/dict_16_192_64_0p5_0p02_0062_0002" 6711
"/Engine/EngineMaterials/Substrate/GLints/dict_16_192_64_0p5_0p02_0062_0001" 6712
"/Engine/EngineMaterials/Substrate/GLints/dict_16_192_64_0p5_0p02_0062_0000" 6713
"../../../Engine/Content/EngineMaterials/Substrate/GLints/dict_16_192_64_0p5_0p02_0062_0006.uasset" 6714
"../../../Engine/Content/EngineMaterials/Substrate/GLints/dict_16_192_64_0p5_0p02_0062_0005.uasset" 6715
"/Engine/EngineMaterials/Substrate/GLints/dict_16_192_64_0p5_0p02_0061_0015" 6716
"/Engine/EngineMaterials/Substrate/GLints/dict_16_192_64_0p5_0p02_0061_0013" 6717
"/Engine/EngineMaterials/Substrate/GLints/dict_16_192_64_0p5_0p02_0061_0011" 6718
"/Engine/EngineMaterials/Substrate/GLints/dict_16_192_64_0p5_0p02_0062_0006" 6719
"/Engine/EngineMaterials/Substrate/GLints/dict_16_192_64_0p5_0p02_0062_0005" 6720
"/Engine/EngineMaterials/Substrate/GLints/dict_16_192_64_0p5_0p02_0062_0004" 6721
"../../../Engine/Content/EngineMaterials/Substrate/GLints/dict_16_192_64_0p5_0p02_0062_0009.uasset" 6722
"../../../Engine/Content/EngineMaterials/Substrate/GLints/dict_16_192_64_0p5_0p02_0062_0008.uasset" 6723
"../../../Engine/Content/EngineMaterials/Substrate/GLints/dict_16_192_64_0p5_0p02_0062_0010.uasset" 6724
"../../../Engine/Content/EngineMaterials/Substrate/GLints/dict_16_192_64_0p5_0p02_0062_0013.uasset" 6725
"../../../Engine/Content/EngineMaterials/Substrate/GLints/dict_16_192_64_0p5_0p02_0062_0012.uasset" 6726
"../../../Engine/Content/EngineMaterials/Substrate/GLints/dict_16_192_64_0p5_0p02_0062_0007.uasset" 6727
"/Engine/EngineMaterials/Substrate/GLints/dict_16_192_64_0p5_0p02_0062_0013" 6728
"../../../Engine/Content/EngineMaterials/Substrate/GLints/dict_16_192_64_0p5_0p02_0062_0014.uasset" 6729
"../../../Engine/Content/EngineMaterials/Substrate/GLints/dict_16_192_64_0p5_0p02_0062_0015.uasset" 6730
"/Engine/EngineMaterials/Substrate/GLints/dict_16_192_64_0p5_0p02_0062_0012" 6731
"../../../Engine/Content/EngineMaterials/Substrate/GLints/dict_16_192_64_0p5_0p02_0063_0000.uasset" 6732
"/Engine/EngineMaterials/Substrate/GLints/dict_16_192_64_0p5_0p02_0062_0010" 6733
"/Engine/EngineMaterials/Substrate/GLints/dict_16_192_64_0p5_0p02_0062_0009" 6734
"/Engine/EngineMaterials/Substrate/GLints/dict_16_192_64_0p5_0p02_0062_0008" 6735
"/Engine/EngineMaterials/Substrate/GLints/dict_16_192_64_0p5_0p02_0062_0007" 6736
"/Engine/EngineMaterials/Substrate/GLints/dict_16_192_64_0p5_0p02_0063_0000" 6737
"/Engine/EngineMaterials/Substrate/GLints/dict_16_192_64_0p5_0p02_0062_0015" 6738
"../../../Engine/Content/EngineMaterials/Substrate/GLints/dict_16_192_64_0p5_0p02_0063_0002.uasset" 6739
"../../../Engine/Content/EngineMaterials/Substrate/GLints/dict_16_192_64_0p5_0p02_0063_0001.uasset" 6740
"/Engine/EngineMaterials/Substrate/GLints/dict_16_192_64_0p5_0p02_0062_0014" 6741
"/Engine/EngineMaterials/Substrate/GLints/dict_16_192_64_0p5_0p02_0063_0002" 6742
"/Engine/EngineMaterials/Substrate/GLints/dict_16_192_64_0p5_0p02_0063_0001" 6743
"../../../Engine/Content/EngineMaterials/Substrate/GLints/dict_16_192_64_0p5_0p02_0063_0006.uasset" 6744
"../../../Engine/Content/EngineMaterials/Substrate/GLints/dict_16_192_64_0p5_0p02_0063_0005.uasset" 6745
"../../../Engine/Content/EngineMaterials/Substrate/GLints/dict_16_192_64_0p5_0p02_0063_0004.uasset" 6746
"../../../Engine/Content/EngineMaterials/Substrate/GLints/dict_16_192_64_0p5_0p02_0061_0012.uasset" 6747
"../../../Engine/Content/EngineMaterials/Substrate/GLints/dict_16_192_64_0p5_0p02_0063_0003.uasset" 6748
"../../../Engine/Content/EngineMaterials/Substrate/GLints/dict_16_192_64_0p5_0p02_0063_0007.uasset" 6749
"../../../Engine/Content/EngineMaterials/Substrate/GLints/dict_16_192_64_0p5_0p02_0063_0012.uasset" 6750
"../../../Engine/Content/EngineMaterials/Substrate/GLints/dict_16_192_64_0p5_0p02_0063_0011.uasset" 6751
"../../../Engine/Content/EngineMaterials/Substrate/GLints/dict_16_192_64_0p5_0p02_0063_0009.uasset" 6752
"../../../Engine/Content/EngineMaterials/Substrate/GLints/dict_16_192_64_0p5_0p02_0063_0013.uasset" 6753
"../../../Engine/Content/EngineMaterials/Substrate/GLints/dict_16_192_64_0p5_0p02_0063_0008.uasset" 6754
"../../../Engine/Content/EngineMaterials/Substrate/GLints/dict_16_192_64_0p5_0p02_0061_0014.uasset" 6755
"../../../Engine/Content/EngineMaterials/Substrate/GLints/dict_16_192_64_0p5_0p02_0063_0014.uasset" 6756
"../../../Engine/Content/EngineMaterials/Substrate/GLints/dict_16_192_64_0p5_0p02_0063_0010.uasset" 6757
"../../../Engine/Content/EngineMaterials/Substrate/GLints/dict_16_192_64_0p5_0p02_0063_0015.uasset" 6758
"../../../Engine/Content/EngineMaterials/Substrate/GLints/AGlintTex2dArray.uasset" 6759
"../../../Engine/Content/EngineMaterials/Substrate/Glints2/dict_0000_0001.uasset" 6760
"../../../Engine/Content/EngineMaterials/Substrate/Glints2/dict_0000_0003.uasset" 6761
"../../../Engine/Content/EngineMaterials/Substrate/Glints2/dict_0000_0000.uasset" 6762
"../../../Engine/Content/EngineMaterials/Substrate/Glints2/dict_0000_0004.uasset" 6763
"../../../Engine/Content/EngineMaterials/Substrate/Glints2/dict_0000_0006.uasset" 6764
"../../../Engine/Content/EngineMaterials/Substrate/Glints2/dict_0000_0009.uasset" 6765
"../../../Engine/Content/EngineMaterials/Substrate/Glints2/dict_0000_0007.uasset" 6766
"../../../Engine/Content/EngineMaterials/Substrate/Glints2/dict_0000_0010.uasset" 6767
"../../../Engine/Content/EngineMaterials/Substrate/Glints2/dict_0000_0002.uasset" 6768
"/Engine/EngineMaterials/Substrate/GLints/dict_16_192_64_0p5_0p02_0063_0010" 6769
"../../../Engine/Content/EngineMaterials/Substrate/Glints2/dict_0000_0005.uasset" 6770
"../../../Engine/Content/EngineMaterials/Substrate/Glints2/dict_0000_0008.uasset" 6771
"/Engine/EngineMaterials/Substrate/GLints/dict_16_192_64_0p5_0p02_0063_0009" 6772
"/Engine/EngineMaterials/Substrate/GLints/dict_16_192_64_0p5_0p02_0063_0008" 6773
"/Engine/EngineMaterials/Substrate/GLints/dict_16_192_64_0p5_0p02_0063_0007" 6774
"/Engine/EngineMaterials/Substrate/GLints/dict_16_192_64_0p5_0p02_0063_0006" 6775
"/Engine/EngineMaterials/Substrate/GLints/dict_16_192_64_0p5_0p02_0063_0005" 6776
"/Engine/EngineMaterials/Substrate/GLints/dict_16_192_64_0p5_0p02_0063_0004" 6777
"../../../Engine/Content/EngineMaterials/Substrate/Glints2/dict_0000_0011.uasset" 6778
"../../../Engine/Content/EngineMaterials/Substrate/GLints/dict_16_192_64_0p5_0p02_0062_0011.uasset" 6779
"/Engine/EngineMaterials/Substrate/GLints/dict_16_192_64_0p5_0p02_0063_0003" 6780
"/Engine/EngineMaterials/Substrate/Glints2/dict_0000_0010" 6781
"../../../Engine/Content/EngineMaterials/Substrate/Glints2/dict_0000_0012.uasset" 6782
"/Engine/EngineMaterials/Substrate/Glints2/dict_0000_0009" 6783
"/Engine/EngineMaterials/Substrate/Glints2/dict_0000_0007" 6784
"/Engine/EngineMaterials/Substrate/Glints2/dict_0000_0006" 6785
"../../../Engine/Content/EngineMaterials/Substrate/Glints2/dict_0000_0013.uasset" 6786
"../../../Engine/Content/EngineMaterials/Substrate/Glints2/dict_0000_0014.uasset" 6787
"/Engine/EngineMaterials/Substrate/Glints2/dict_0000_0004" 6788
"/Engine/EngineMaterials/Substrate/Glints2/dict_0000_0003" 6789
"/Engine/EngineMaterials/Substrate/Glints2/dict_0000_0001" 6790
"/Engine/EngineMaterials/Substrate/Glints2/dict_0000_0000" 6791
"/Engine/EngineMaterials/Substrate/GLints/dict_16_192_64_0p5_0p02_0063_0015" 6792
"/Engine/EngineMaterials/Substrate/GLints/dict_16_192_64_0p5_0p02_0063_0014" 6793
"/Engine/EngineMaterials/Substrate/GLints/dict_16_192_64_0p5_0p02_0063_0013" 6794
"/Engine/EngineMaterials/Substrate/GLints/dict_16_192_64_0p5_0p02_0061_0014" 6795
"/Engine/EngineMaterials/Substrate/GLints/dict_16_192_64_0p5_0p02_0063_0012" 6796
"/Engine/EngineMaterials/Substrate/GLints/dict_16_192_64_0p5_0p02_0061_0012" 6797
"/Engine/EngineMaterials/Substrate/GLints/dict_16_192_64_0p5_0p02_0063_0011" 6798
"/Engine/EngineMaterials/Substrate/Glints2/dict_0000_0014" 6799
"/Engine/EngineMaterials/Substrate/Glints2/dict_0000_0013" 6800
"/Engine/EngineMaterials/Substrate/Glints2/dict_0000_0012" 6801
"/Engine/EngineMaterials/Substrate/Glints2/dict_0000_0011" 6802
"/Engine/EngineMaterials/Substrate/Glints2/dict_0000_0008" 6803
"/Engine/EngineMaterials/Substrate/GLints/dict_16_192_64_0p5_0p02_0062_0011" 6804
"/Engine/EngineMaterials/Substrate/Glints2/dict_0000_0005" 6805
"/Engine/EngineMaterials/Substrate/Glints2/dict_0000_0002" 6806
"/Engine/EngineMaterials/Substrate/GLints/AGlintTex2dArray" 6807
"../../../Engine/Content/EngineMaterials/Substrate/Glints2/dict_0000_0017.uasset" 6808
"../../../Engine/Content/EngineMaterials/Substrate/Glints2/dict_0000_0016.uasset" 6809
"../../../Engine/Content/EngineMaterials/Substrate/Glints2/dict_0000_0015.uasset" 6810
"../../../Engine/Content/EngineMaterials/Substrate/Glints2/dict_0000_0018.uasset" 6811
"../../../Engine/Content/EngineMaterials/Substrate/Glints2/dict_0000_0022.uasset" 6812
"../../../Engine/Content/EngineMaterials/Substrate/Glints2/dict_0000_0019.uasset" 6813
"../../../Engine/Content/EngineMaterials/Substrate/Glints2/dict_0000_0021.uasset" 6814
"/Engine/EngineMaterials/Substrate/Glints2/dict_0000_0022" 6815
"/Engine/EngineMaterials/Substrate/Glints2/dict_0000_0021" 6816
"/Engine/EngineMaterials/Substrate/Glints2/dict_0000_0019" 6817
"/Engine/EngineMaterials/Substrate/Glints2/dict_0000_0018" 6818
"/Engine/EngineMaterials/Substrate/Glints2/dict_0000_0017" 6819
"../../../Engine/Content/EngineMaterials/Substrate/Glints2/dict_0000_0024.uasset" 6820
"/Engine/EngineMaterials/Substrate/Glints2/dict_0000_0016" 6821
"/Engine/EngineMaterials/Substrate/Glints2/dict_0000_0015" 6822
"/Engine/EngineMaterials/Substrate/Glints2/dict_0000_0024" 6823
"../../../Engine/Content/EngineMaterials/Substrate/Glints2/dict_0000_0029.uasset" 6824
"../../../Engine/Content/EngineMaterials/Substrate/Glints2/dict_0000_0025.uasset" 6825
"/Engine/EngineMaterials/Substrate/Glints2/dict_0000_0029" 6826
"../../../Engine/Content/EngineMaterials/Substrate/Glints2/dict_0000_0028.uasset" 6827
"/Engine/EngineMaterials/Substrate/Glints2/dict_0000_0025" 6828
"../../../Engine/Content/EngineMaterials/Substrate/Glints2/dict_0000_0020.uasset" 6829
"/Engine/EngineMaterials/Substrate/Glints2/dict_0000_0028" 6830
"/Engine/EngineMaterials/Substrate/Glints2/dict_0000_0020" 6831
"../../../Engine/Content/EngineMaterials/Substrate/Glints2/dict_0000_0023.uasset" 6832
"../../../Engine/Content/EngineMaterials/Substrate/Glints2/dict_0000_0032.uasset" 6833
"../../../Engine/Content/EngineMaterials/Substrate/Glints2/dict_0000_0031.uasset" 6834
"../../../Engine/Content/EngineMaterials/Substrate/Glints2/dict_0000_0027.uasset" 6835
"../../../Engine/Content/EngineMaterials/Substrate/Glints2/dict_0000_0034.uasset" 6836
"../../../Engine/Content/EngineMaterials/Substrate/Glints2/dict_0000_0030.uasset" 6837
"../../../Engine/Content/EngineMaterials/Substrate/Glints2/dict_0000_0026.uasset" 6838
"../../../Engine/Content/EngineMaterials/Substrate/Glints2/dict_0000_0035.uasset" 6839
"../../../Engine/Content/EngineMaterials/Substrate/Glints2/dict_0000_0033.uasset" 6840
"/Engine/EngineMaterials/Substrate/Glints2/dict_0000_0034" 6841
"/Engine/EngineMaterials/Substrate/Glints2/dict_0000_0032" 6842
"/Engine/EngineMaterials/Substrate/Glints2/dict_0000_0031" 6843
"/Engine/EngineMaterials/Substrate/Glints2/dict_0000_0030" 6844
"/Engine/EngineMaterials/Substrate/Glints2/dict_0000_0027" 6845
"/Engine/EngineMaterials/Substrate/Glints2/dict_0000_0026" 6846
"/Engine/EngineMaterials/Substrate/Glints2/dict_0000_0023" 6847
"../../../Engine/Content/EngineMaterials/Substrate/Glints2/dict_0000_0037.uasset" 6848
"../../../Engine/Content/EngineMaterials/Substrate/Glints2/dict_0000_0036.uasset" 6849
"../../../Engine/Content/EngineMaterials/Substrate/Glints2/dict_0000_0039.uasset" 6850
"/Engine/EngineMaterials/Substrate/Glints2/dict_0000_0037" 6851
"/Engine/EngineMaterials/Substrate/Glints2/dict_0000_0036" 6852
"/Engine/EngineMaterials/Substrate/Glints2/dict_0000_0035" 6853
"/Engine/EngineMaterials/Substrate/Glints2/dict_0000_0033" 6854
"/Engine/EngineMaterials/Substrate/Glints2/dict_0000_0039" 6855
"../../../Engine/Content/EngineMaterials/Substrate/Glints2/dict_0000_0040.uasset" 6856
"../../../Engine/Content/EngineMaterials/Substrate/Glints2/dict_0000_0041.uasset" 6857
"../../../Engine/Content/EngineMaterials/Substrate/Glints2/dict_0000_0038.uasset" 6858
"../../../Engine/Content/EngineMaterials/Substrate/Glints2/dict_0000_0042.uasset" 6859
"../../../Engine/Content/EngineMaterials/Substrate/Glints2/dict_0000_0045.uasset" 6860
"../../../Engine/Content/EngineMaterials/Substrate/Glints2/dict_0000_0047.uasset" 6861
"../../../Engine/Content/EngineMaterials/Substrate/Glints2/dict_0000_0046.uasset" 6862
"../../../Engine/Content/EngineMaterials/Substrate/Glints2/dict_0000_0043.uasset" 6863
"../../../Engine/Content/EngineMaterials/Substrate/Glints2/dict_0000_0049.uasset" 6864
"../../../Engine/Content/EngineMaterials/Substrate/Glints2/dict_0000_0048.uasset" 6865
"../../../Engine/Content/EngineMaterials/Substrate/Glints2/dict_0000_0052.uasset" 6866
"../../../Engine/Content/EngineMaterials/Substrate/Glints2/dict_0000_0050.uasset" 6867
"/Engine/EngineMaterials/Substrate/Glints2/dict_0000_0046" 6868
"/Engine/EngineMaterials/Substrate/Glints2/dict_0000_0045" 6869
"/Engine/EngineMaterials/Substrate/Glints2/dict_0000_0043" 6870
"/Engine/EngineMaterials/Substrate/Glints2/dict_0000_0042" 6871
"/Engine/EngineMaterials/Substrate/Glints2/dict_0000_0041" 6872
"../../../Engine/Content/EngineMaterials/Substrate/Glints2/dict_0000_0053.uasset" 6873
"/Engine/EngineMaterials/Substrate/Glints2/dict_0000_0040" 6874
"../../../Engine/Content/EngineMaterials/Substrate/Glints2/dict_0000_0055.uasset" 6875
"../../../Engine/Content/EngineMaterials/Substrate/Glints2/dict_0000_0056.uasset" 6876
"/Engine/EngineMaterials/Substrate/Glints2/dict_0000_0038" 6877
"../../../Engine/Content/EngineMaterials/Substrate/Glints2/dict_0000_0054.uasset" 6878
"/Engine/EngineMaterials/Substrate/Glints2/dict_0000_0052" 6879
"../../../Engine/Content/EngineMaterials/Substrate/Glints2/dict_0000_0051.uasset" 6880
"/Engine/EngineMaterials/Substrate/Glints2/dict_0000_0050" 6881
"/Engine/EngineMaterials/Substrate/Glints2/dict_0000_0049" 6882
"/Engine/EngineMaterials/Substrate/Glints2/dict_0000_0048" 6883
"/Engine/EngineMaterials/Substrate/Glints2/dict_0000_0047" 6884
"/Engine/EngineMaterials/Substrate/Glints2/dict_0000_0056" 6885
"../../../Engine/Content/EngineMaterials/Substrate/Glints2/dict_0000_0057.uasset" 6886
"../../../Engine/Content/EngineMaterials/Substrate/Glints2/dict_0000_0058.uasset" 6887
"/Engine/EngineMaterials/Substrate/Glints2/dict_0000_0055" 6888
"/Engine/EngineMaterials/Substrate/Glints2/dict_0000_0054" 6889
"/Engine/EngineMaterials/Substrate/Glints2/dict_0000_0053" 6890
"/Engine/EngineMaterials/Substrate/Glints2/dict_0000_0051" 6891
"/Engine/EngineMaterials/Substrate/Glints2/dict_0000_0058" 6892
"/Engine/EngineMaterials/Substrate/Glints2/dict_0000_0057" 6893
"../../../Engine/Content/EngineMaterials/Substrate/Glints2/dict_0000_0061.uasset" 6894
"../../../Engine/Content/EngineMaterials/Substrate/Glints2/dict_0000_0062.uasset" 6895
"../../../Engine/Content/EngineMaterials/Substrate/Glints2/dict_0000_0064.uasset" 6896
"../../../Engine/Content/EngineMaterials/Substrate/Glints2/dict_0000_0066.uasset" 6897
"../../../Engine/Content/EngineMaterials/Substrate/Glints2/dict_0000_0067.uasset" 6898
"../../../Engine/Content/EngineMaterials/Substrate/Glints2/dict_0000_0060.uasset" 6899
"../../../Engine/Content/EngineMaterials/Substrate/Glints2/dict_0000_0059.uasset" 6900
"../../../Engine/Content/EngineMaterials/Substrate/Glints2/dict_0000_0068.uasset" 6901
"../../../Engine/Content/EngineMaterials/Substrate/Glints2/dict_0000_0070.uasset" 6902
"../../../Engine/Content/EngineMaterials/Substrate/Glints2/dict_0000_0063.uasset" 6903
"/Engine/EngineMaterials/Substrate/Glints2/dict_0000_0067" 6904
"/Engine/EngineMaterials/Substrate/Glints2/dict_0000_0064" 6905
"/Engine/EngineMaterials/Substrate/Glints2/dict_0000_0062" 6906
"../../../Engine/Content/EngineMaterials/Substrate/Glints2/dict_0000_0069.uasset" 6907
"/Engine/EngineMaterials/Substrate/Glints2/dict_0000_0061" 6908
"/Engine/EngineMaterials/Substrate/Glints2/dict_0000_0060" 6909
"../../../Engine/Content/EngineMaterials/Substrate/Glints2/dict_0000_0071.uasset" 6910
"../../../Engine/Content/EngineMaterials/Substrate/Glints2/dict_0000_0072.uasset" 6911
"../../../Engine/Content/EngineMaterials/Substrate/Glints2/dict_0000_0065.uasset" 6912
"../../../Engine/Content/EngineMaterials/Substrate/Glints2/dict_0000_0073.uasset" 6913
"/Engine/EngineMaterials/Substrate/Glints2/dict_0000_0066" 6914
"/Engine/EngineMaterials/Substrate/Glints2/dict_0000_0059" 6915
"/Engine/EngineMaterials/Substrate/Glints2/dict_0000_0070" 6916
"/Engine/EngineMaterials/Substrate/Glints2/dict_0000_0069" 6917
"/Engine/EngineMaterials/Substrate/Glints2/dict_0000_0068" 6918
"../../../Engine/Content/EngineMaterials/Substrate/Glints2/dict_0000_0077.uasset" 6919
"../../../Engine/Content/EngineMaterials/Substrate/Glints2/dict_0000_0076.uasset" 6920
"/Engine/EngineMaterials/Substrate/Glints2/dict_0000_0065" 6921
"/Engine/EngineMaterials/Substrate/Glints2/dict_0000_0063" 6922
"/Engine/EngineMaterials/Substrate/Glints2/dict_0000_0073" 6923
"/Engine/EngineMaterials/Substrate/Glints2/dict_0000_0072" 6924
"/Engine/EngineMaterials/Substrate/Glints2/dict_0000_0071" 6925
"/Engine/EngineMaterials/Substrate/Glints2/dict_0000_0077" 6926
"/Engine/EngineMaterials/Substrate/Glints2/dict_0000_0076" 6927
"../../../Engine/Content/EngineMaterials/Substrate/Glints2/dict_0000_0075.uasset" 6928
"../../../Engine/Content/EngineMaterials/Substrate/Glints2/dict_0000_0074.uasset" 6929
"/Engine/EngineMaterials/Substrate/Glints2/dict_0000_0075" 6930
"/Engine/EngineMaterials/Substrate/Glints2/dict_0000_0074" 6931
"../../../Engine/Content/EngineMaterials/Substrate/Glints2/dict_0000_0080.uasset" 6932
"../../../Engine/Content/EngineMaterials/Substrate/Glints2/dict_0000_0084.uasset" 6933
"../../../Engine/Content/EngineMaterials/Substrate/Glints2/dict_0000_0083.uasset" 6934
"../../../Engine/Content/EngineMaterials/Substrate/Glints2/dict_0000_0078.uasset" 6935
"../../../Engine/Content/EngineMaterials/Substrate/Glints2/dict_0000_0079.uasset" 6936
"../../../Engine/Content/EngineMaterials/Substrate/Glints2/dict_0000_0086.uasset" 6937
"../../../Engine/Content/EngineMaterials/Substrate/Glints2/dict_0000_0081.uasset" 6938
"../../../Engine/Content/EngineMaterials/Substrate/Glints2/dict_0000_0087.uasset" 6939
"../../../Engine/Content/EngineMaterials/Substrate/Glints2/dict_0000_0085.uasset" 6940
"/Engine/EngineMaterials/Substrate/Glints2/dict_0000_0081" 6941
"../../../Engine/Content/EngineMaterials/Substrate/Glints2/dict_0000_0089.uasset" 6942
"../../../Engine/Content/EngineMaterials/Substrate/Glints2/dict_0000_0088.uasset" 6943
"../../../Engine/Content/EngineMaterials/Substrate/Glints2/dict_0000_0091.uasset" 6944
"../../../Engine/Content/EngineMaterials/Substrate/Glints2/dict_0000_0090.uasset" 6945
"/Engine/EngineMaterials/Substrate/Glints2/dict_0000_0080" 6946
"/Engine/EngineMaterials/Substrate/Glints2/dict_0000_0087" 6947
"../../../Engine/Content/EngineMaterials/Substrate/Glints2/dict_0000_0094.uasset" 6948
"/Engine/EngineMaterials/Substrate/Glints2/dict_0000_0079" 6949
"../../../Engine/Content/EngineMaterials/Substrate/Glints2/dict_0000_0095.uasset" 6950
"/Engine/EngineMaterials/Substrate/Glints2/dict_0000_0078" 6951
"/Engine/EngineMaterials/Substrate/Glints2/dict_0000_0086" 6952
"/Engine/EngineMaterials/Substrate/Glints2/dict_0000_0085" 6953
"/Engine/EngineMaterials/Substrate/Glints2/dict_0000_0084" 6954
"/Engine/EngineMaterials/Substrate/Glints2/dict_0000_0083" 6955
"../../../Engine/Content/EngineMaterials/Substrate/Glints2/dict_0000_0082.uasset" 6956
"../../../Engine/Content/EngineMaterials/Substrate/Glints2/dict_0000_0092.uasset" 6957
"/Engine/EngineMaterials/Substrate/Glints2/dict_0000_0095" 6958
"/Engine/EngineMaterials/Substrate/Glints2/dict_0000_0094" 6959
"/Engine/EngineMaterials/Substrate/Glints2/dict_0000_0089" 6960
"/Engine/EngineMaterials/Substrate/Glints2/dict_0000_0092" 6961
"/Engine/EngineMaterials/Substrate/Glints2/dict_0000_0091" 6962
"../../../Engine/Content/EngineMaterials/Substrate/Glints2/dict_0000_0096.uasset" 6963
"../../../Engine/Content/EngineMaterials/Substrate/Glints2/dict_0000_0097.uasset" 6964
"../../../Engine/Content/EngineMaterials/Substrate/Glints2/dict_0000_0098.uasset" 6965
"/Engine/EngineMaterials/Substrate/Glints2/dict_0000_0090" 6966
"../../../Engine/Content/EngineMaterials/Substrate/Glints2/dict_0000_0093.uasset" 6967
"/Engine/EngineMaterials/Substrate/Glints2/dict_0000_0088" 6968
"/Engine/EngineMaterials/Substrate/Glints2/dict_0000_0096" 6969
"/Engine/EngineMaterials/Substrate/Glints2/dict_0000_0082" 6970
"../../../Engine/Content/EngineMaterials/Substrate/Glints2/dict_0000_0099.uasset" 6971
"../../../Engine/Content/EngineMaterials/Substrate/Glints2/dict_0000_0100.uasset" 6972
"../../../Engine/Content/EngineMaterials/Substrate/Glints2/dict_0000_0101.uasset" 6973
"../../../Engine/Content/EngineMaterials/Substrate/Glints2/dict_0000_0104.uasset" 6974
"../../../Engine/Content/EngineMaterials/Substrate/Glints2/dict_0000_0105.uasset" 6975
"/Engine/EngineMaterials/Substrate/Glints2/dict_0000_0093" 6976
"../../../Engine/Content/EngineMaterials/Substrate/Glints2/dict_0000_0102.uasset" 6977
"../../../Engine/Content/EngineMaterials/Substrate/Glints2/dict_0000_0103.uasset" 6978
"../../../Engine/Content/EngineMaterials/Substrate/Glints2/dict_0000_0106.uasset" 6979
"../../../Engine/Content/EngineMaterials/Substrate/Glints2/dict_0000_0109.uasset" 6980
"/Engine/EngineMaterials/Substrate/Glints2/dict_0000_0098" 6981
"../../../Engine/Content/EngineMaterials/Substrate/Glints2/dict_0000_0108.uasset" 6982
"/Engine/EngineMaterials/Substrate/Glints2/dict_0000_0097" 6983
"/Engine/EngineMaterials/Substrate/Glints2/dict_0000_0104" 6984
"/Engine/EngineMaterials/Substrate/Glints2/dict_0000_0103" 6985
"../../../Engine/Content/EngineMaterials/Substrate/Glints2/dict_0000_0110.uasset" 6986
"/Engine/EngineMaterials/Substrate/Glints2/dict_0000_0102" 6987
"/Engine/EngineMaterials/Substrate/Glints2/dict_0000_0101" 6988
"/Engine/EngineMaterials/Substrate/Glints2/dict_0000_0100" 6989
"../../../Engine/Content/EngineMaterials/Substrate/Glints2/dict_0000_0107.uasset" 6990
"/Engine/EngineMaterials/Substrate/Glints2/dict_0000_0106" 6991
"../../../Engine/Content/EngineMaterials/Substrate/Glints2/dict_0000_0111.uasset" 6992
"../../../Engine/Content/EngineMaterials/Substrate/Glints2/dict_0000_0112.uasset" 6993
"../../../Engine/Content/EngineMaterials/Substrate/Glints2/dict_0000_0116.uasset" 6994
"../../../Engine/Content/EngineMaterials/Substrate/Glints2/dict_0000_0115.uasset" 6995
"../../../Engine/Content/EngineMaterials/Substrate/Glints2/dict_0000_0113.uasset" 6996
"../../../Engine/Content/EngineMaterials/Substrate/Glints2/dict_0000_0118.uasset" 6997
"/Engine/EngineMaterials/Substrate/Glints2/dict_0000_0105" 6998
"/Engine/EngineMaterials/Substrate/Glints2/dict_0000_0109" 6999
"/Engine/EngineMaterials/Substrate/Glints2/dict_0000_0108" 7000
"/Engine/EngineMaterials/Substrate/Glints2/dict_0000_0099" 7001
"/Engine/EngineMaterials/Substrate/Glints2/dict_0000_0116" 7002
"../../../Engine/Content/EngineMaterials/Substrate/Glints2/dict_0000_0119.uasset" 7003
"../../../Engine/Content/EngineMaterials/Substrate/Glints2/dict_0000_0121.uasset" 7004
"../../../Engine/Content/EngineMaterials/Substrate/Glints2/dict_0000_0122.uasset" 7005
"/Engine/EngineMaterials/Substrate/Glints2/dict_0000_0115" 7006
"../../../Engine/Content/EngineMaterials/Substrate/Glints2/dict_0000_0117.uasset" 7007
"../../../Engine/Content/EngineMaterials/Substrate/Glints2/dict_0000_0114.uasset" 7008
"/Engine/EngineMaterials/Substrate/Glints2/dict_0000_0113" 7009
"/Engine/EngineMaterials/Substrate/Glints2/dict_0000_0112" 7010
"/Engine/EngineMaterials/Substrate/Glints2/dict_0000_0111" 7011
"/Engine/EngineMaterials/Substrate/Glints2/dict_0000_0110" 7012
"/Engine/EngineMaterials/Substrate/Glints2/dict_0000_0107" 7013
"/Engine/EngineMaterials/Substrate/Glints2/dict_0000_0118" 7014
"../../../Engine/Content/EngineMaterials/Substrate/Glints2/dict_0000_0120.uasset" 7015
"/Engine/EngineMaterials/Substrate/Glints2/dict_0000_0117" 7016
"/Engine/EngineMaterials/Substrate/Glints2/dict_0000_0122" 7017
"/Engine/EngineMaterials/Substrate/Glints2/dict_0000_0114" 7018
"/Engine/EngineMaterials/Substrate/Glints2/dict_0000_0121" 7019
"/Engine/EngineMaterials/Substrate/Glints2/dict_0000_0120" 7020
"../../../Engine/Content/EngineMaterials/Substrate/Glints2/dict_0000_0123.uasset" 7021
"/Engine/EngineMaterials/Substrate/Glints2/dict_0000_0119" 7022
"/Engine/EngineMaterials/Substrate/Glints2/dict_0000_0123" 7023
"../../../Engine/Content/EngineMaterials/Substrate/Glints2/dict_0000_0129.uasset" 7024
"../../../Engine/Content/EngineMaterials/Substrate/Glints2/dict_0000_0128.uasset" 7025
"../../../Engine/Content/EngineMaterials/Substrate/Glints2/dict_0000_0130.uasset" 7026
"../../../Engine/Content/EngineMaterials/Substrate/Glints2/dict_0000_0124.uasset" 7027
"../../../Engine/Content/EngineMaterials/Substrate/Glints2/dict_0000_0127.uasset" 7028
"../../../Engine/Content/EngineMaterials/Substrate/Glints2/dict_0000_0126.uasset" 7029
"../../../Engine/Content/EngineMaterials/Substrate/Glints2/dict_0000_0131.uasset" 7030
"../../../Engine/Content/EngineMaterials/Substrate/Glints2/dict_0000_0125.uasset" 7031
"/Engine/EngineMaterials/Substrate/Glints2/dict_0000_0129" 7032
"/Engine/EngineMaterials/Substrate/Glints2/dict_0000_0124" 7033
"/Engine/EngineMaterials/Substrate/Glints2/dict_0000_0128" 7034
"../../../Engine/Content/EngineMaterials/Substrate/Glints2/dict_0000_0133.uasset" 7035
"../../../Engine/Content/EngineMaterials/Substrate/Glints2/dict_0000_0132.uasset" 7036
"../../../Engine/Content/EngineMaterials/Substrate/Glints2/dict_0000_0135.uasset" 7037
"../../../Engine/Content/EngineMaterials/Substrate/Glints2/dict_0000_0138.uasset" 7038
"../../../Engine/Content/EngineMaterials/Substrate/Glints2/dict_0000_0137.uasset" 7039
"/Engine/EngineMaterials/Substrate/Glints2/dict_0000_0127" 7040
"../../../Engine/Content/EngineMaterials/Substrate/Glints2/dict_0000_0134.uasset" 7041
"/Engine/EngineMaterials/Substrate/Glints2/dict_0000_0131" 7042
"/Engine/EngineMaterials/Substrate/Glints2/dict_0000_0130" 7043
"../../../Engine/Content/EngineMaterials/Substrate/Glints2/dict_0000_0139.uasset" 7044
"/Engine/EngineMaterials/Substrate/Glints2/dict_0000_0126" 7045
"/Engine/EngineMaterials/Substrate/Glints2/dict_0000_0125" 7046
"/Engine/EngineMaterials/Substrate/Glints2/dict_0000_0139" 7047
"/Engine/EngineMaterials/Substrate/Glints2/dict_0000_0138" 7048
"/Engine/EngineMaterials/Substrate/Glints2/dict_0000_0137" 7049
"/Engine/EngineMaterials/Substrate/Glints2/dict_0000_0135" 7050
"/Engine/EngineMaterials/Substrate/Glints2/dict_0000_0134" 7051
"/Engine/EngineMaterials/Substrate/Glints2/dict_0000_0133" 7052
"/Engine/EngineMaterials/Substrate/Glints2/dict_0000_0132" 7053
"../../../Engine/Content/EngineMaterials/Substrate/Glints2/dict_0000_0140.uasset" 7054
"../../../Engine/Content/EngineMaterials/Substrate/Glints2/dict_0000_0136.uasset" 7055
"/Engine/EngineMaterials/Substrate/Glints2/dict_0000_0140" 7056
"/Engine/EngineMaterials/Substrate/Glints2/dict_0000_0136" 7057
"../../../Engine/Content/EngineMaterials/Substrate/Glints2/dict_0000_0146.uasset" 7058
"../../../Engine/Content/EngineMaterials/Substrate/Glints2/dict_0000_0144.uasset" 7059
"../../../Engine/Content/EngineMaterials/Substrate/Glints2/dict_0000_0145.uasset" 7060
"../../../Engine/Content/EngineMaterials/Substrate/Glints2/dict_0000_0141.uasset" 7061
"../../../Engine/Content/EngineMaterials/Substrate/Glints2/dict_0000_0143.uasset" 7062
"../../../Engine/Content/EngineMaterials/Substrate/Glints2/dict_0000_0044.uasset" 7063
"../../../Engine/Content/EngineMaterials/Substrate/Glints2/dict_0000_0142.uasset" 7064
"../../../Engine/Content/EngineMaterials/Substrate/Glints2/dict_0000_0147.uasset" 7065
"../../../Engine/Content/EngineMaterials/Substrate/Glints2/dict_0000_0148.uasset" 7066
"../../../Engine/Content/EngineMaterials/Substrate/Glints2/dict_0000_0149.uasset" 7067
"/Engine/EngineMaterials/Substrate/Glints2/dict_0000_0044" 7068
"../../../Engine/Content/EngineMaterials/Substrate/Glints2/dict_0000_0150.uasset" 7069
"../../../Engine/Content/EngineMaterials/Substrate/Glints2/dict_0000_0152.uasset" 7070
"../../../Engine/Content/EngineMaterials/Substrate/Glints2/dict_0000_0154.uasset" 7071
"../../../Engine/Content/EngineMaterials/Substrate/Glints2/dict_0000_0153.uasset" 7072
"/Engine/EngineMaterials/Substrate/Glints2/dict_0000_0147" 7073
"/Engine/EngineMaterials/Substrate/Glints2/dict_0000_0146" 7074
"/Engine/EngineMaterials/Substrate/Glints2/dict_0000_0145" 7075
"../../../Engine/Content/EngineMaterials/Substrate/Glints2/dict_0000_0151.uasset" 7076
"/Engine/EngineMaterials/Substrate/Glints2/dict_0000_0144" 7077
"/Engine/EngineMaterials/Substrate/Glints2/dict_0000_0143" 7078
"/Engine/EngineMaterials/Substrate/Glints2/dict_0000_0149" 7079
"/Engine/EngineMaterials/Substrate/Glints2/dict_0000_0148" 7080
"/Engine/EngineMaterials/Substrate/Glints2/dict_0000_0142" 7081
"/Engine/EngineMaterials/Substrate/Glints2/dict_0000_0141" 7082
"/Engine/EngineMaterials/Substrate/Glints2/dict_0000_0154" 7083
"/Engine/EngineMaterials/Substrate/Glints2/dict_0000_0153" 7084
"/Engine/EngineMaterials/Substrate/Glints2/dict_0000_0152" 7085
"/Engine/EngineMaterials/Substrate/Glints2/dict_0000_0151" 7086
"../../../Engine/Content/EngineMaterials/Substrate/Glints2/dict_0000_0159.uasset" 7087
"../../../Engine/Content/EngineMaterials/Substrate/Glints2/dict_0000_0161.uasset" 7088
"../../../Engine/Content/EngineMaterials/Substrate/Glints2/dict_0000_0160.uasset" 7089
"/Engine/EngineMaterials/Substrate/Glints2/dict_0000_0150" 7090
"../../../Engine/Content/EngineMaterials/Substrate/Glints2/dict_0000_0162.uasset" 7091
"../../../Engine/Content/EngineMaterials/Substrate/Glints2/dict_0000_0155.uasset" 7092
"../../../Engine/Content/EngineMaterials/Substrate/Glints2/dict_0000_0156.uasset" 7093
"/Engine/EngineMaterials/Substrate/Glints2/dict_0000_0162" 7094
"/Engine/EngineMaterials/Substrate/Glints2/dict_0000_0161" 7095
"/Engine/EngineMaterials/Substrate/Glints2/dict_0000_0160" 7096
"/Engine/EngineMaterials/Substrate/Glints2/dict_0000_0159" 7097
"../../../Engine/Content/EngineMaterials/Substrate/Glints2/dict_0000_0158.uasset" 7098
"/Engine/EngineMaterials/Substrate/Glints2/dict_0000_0156" 7099
"/Engine/EngineMaterials/Substrate/Glints2/dict_0000_0155" 7100
"/Engine/EngineMaterials/Substrate/Glints2/dict_0000_0158" 7101
"../../../Engine/Content/EngineMaterials/Substrate/Glints2/dict_0000_0164.uasset" 7102
"../../../Engine/Content/EngineMaterials/Substrate/Glints2/dict_0000_0163.uasset" 7103
"../../../Engine/Content/EngineMaterials/Substrate/Glints2/dict_0000_0157.uasset" 7104
"../../../Engine/Content/EngineMaterials/Substrate/Glints2/dict_0000_0167.uasset" 7105
"../../../Engine/Content/EngineMaterials/Substrate/Glints2/dict_0000_0165.uasset" 7106
"../../../Engine/Content/EngineMaterials/Substrate/Glints2/dict_0000_0168.uasset" 7107
"../../../Engine/Content/EngineMaterials/Substrate/Glints2/dict_0000_0166.uasset" 7108
"../../../Engine/Content/EngineMaterials/Substrate/Glints2/dict_0000_0169.uasset" 7109
"../../../Engine/Content/EngineMaterials/Substrate/Glints2/dict_0000_0173.uasset" 7110
"../../../Engine/Content/EngineMaterials/Substrate/Glints2/dict_0000_0171.uasset" 7111
"../../../Engine/Content/EngineMaterials/Substrate/Glints2/dict_0000_0174.uasset" 7112
"../../../Engine/Content/EngineMaterials/Substrate/Glints2/dict_0000_0172.uasset" 7113
"../../../Engine/Content/EngineMaterials/Substrate/Glints2/dict_0000_0170.uasset" 7114
"../../../Engine/Content/EngineMaterials/Substrate/Glints2/dict_0000_0177.uasset" 7115
"../../../Engine/Content/EngineMaterials/Substrate/Glints2/dict_0000_0176.uasset" 7116
"../../../Engine/Content/EngineMaterials/Substrate/Glints2/dict_0000_0175.uasset" 7117
"../../../Engine/Content/EngineMaterials/Substrate/Glints2/dict_0000_0178.uasset" 7118
"/Engine/EngineMaterials/Substrate/Glints2/dict_0000_0169" 7119
"/Engine/EngineMaterials/Substrate/Glints2/dict_0000_0168" 7120
"../../../Engine/Content/EngineMaterials/Substrate/Glints2/dict_0000_0182.uasset" 7121
"/Engine/EngineMaterials/Substrate/Glints2/dict_0000_0167" 7122
"/Engine/EngineMaterials/Substrate/Glints2/dict_0000_0171" 7123
"/Engine/EngineMaterials/Substrate/Glints2/dict_0000_0166" 7124
"/Engine/EngineMaterials/Substrate/Glints2/dict_0000_0178" 7125
"../../../Engine/Content/EngineMaterials/Substrate/Glints2/dict_0000_0179.uasset" 7126
"../../../Engine/Content/EngineMaterials/Substrate/Glints2/dict_0000_0184.uasset" 7127
"../../../Engine/Content/EngineMaterials/Substrate/Glints2/dict_0000_0183.uasset" 7128
"/Engine/EngineMaterials/Substrate/Glints2/dict_0000_0165" 7129
"../../../Engine/Content/EngineMaterials/Substrate/Glints2/dict_0000_0186.uasset" 7130
"../../../Engine/Content/EngineMaterials/Substrate/Glints2/dict_0000_0185.uasset" 7131
"/Engine/EngineMaterials/Substrate/Glints2/dict_0000_0177" 7132
"../../../Engine/Content/EngineMaterials/Substrate/Glints2/dict_0000_0181.uasset" 7133
"/Engine/EngineMaterials/Substrate/Glints2/dict_0000_0176" 7134
"/Engine/EngineMaterials/Substrate/Glints2/dict_0000_0175" 7135
"../../../Engine/Content/EngineMaterials/Substrate/Glints2/dict_0000_0188.uasset" 7136
"/Engine/EngineMaterials/Substrate/Glints2/dict_0000_0174" 7137
"../../../Engine/Content/EngineMaterials/Substrate/Glints2/dict_0000_0180.uasset" 7138
"/Engine/EngineMaterials/Substrate/Glints2/dict_0000_0173" 7139
"/Engine/EngineMaterials/Substrate/Glints2/dict_0000_0164" 7140
"/Engine/EngineMaterials/Substrate/Glints2/dict_0000_0172" 7141
"/Engine/EngineMaterials/Substrate/Glints2/dict_0000_0170" 7142
"/Engine/EngineMaterials/Substrate/Glints2/dict_0000_0163" 7143
"../../../Engine/Content/EngineMaterials/Substrate/Glints2/dict_0000_0187.uasset" 7144
"/Engine/EngineMaterials/Substrate/Glints2/dict_0000_0157" 7145
"../../../Engine/Content/EngineMaterials/Substrate/Glints2/dict_0000_0189.uasset" 7146
"/Engine/EngineMaterials/Substrate/Glints2/dict_0000_0186" 7147
"/Engine/EngineMaterials/Substrate/Glints2/dict_0000_0185" 7148
"/Engine/EngineMaterials/Substrate/Glints2/dict_0000_0181" 7149
"/Engine/EngineMaterials/Substrate/Glints2/dict_0000_0180" 7150
"/Engine/EngineMaterials/Substrate/Glints2/dict_0000_0179" 7151
"/Engine/EngineMaterials/Substrate/Glints2/dict_0000_0184" 7152
"/Engine/EngineMaterials/Substrate/Glints2/dict_0000_0183" 7153
"/Engine/EngineMaterials/Substrate/Glints2/dict_0000_0189" 7154
"../../../Engine/Content/EngineMaterials/Substrate/Glints2/dict_0000_0192.uasset" 7155
"/Engine/EngineMaterials/Substrate/Glints2/dict_0000_0182" 7156
"/Engine/EngineMaterials/Substrate/Glints2/dict_0000_0188" 7157
"/Engine/EngineMaterials/Substrate/Glints2/dict_0000_0187" 7158
"/Engine/EngineMaterials/Substrate/Glints2/dict_0000_0192" 7159
"../../../Engine/Content/EngineMaterials/Substrate/Glints2/dict_0000_0191.uasset" 7160
"../../../Engine/Content/EngineMaterials/Substrate/Glints2/dict_0000_0190.uasset" 7161
"../../../Engine/Content/EngineMaterials/Substrate/Glints2/dict_0000_0193.uasset" 7162
"../../../Engine/Content/EngineMaterials/Substrate/Glints2/dict_0000_0195.uasset" 7163
"../../../Engine/Content/EngineMaterials/Substrate/Glints2/dict_0000_0197.uasset" 7164
"../../../Engine/Content/EngineMaterials/Substrate/Glints2/dict_0000_0198.uasset" 7165
"../../../Engine/Content/EngineMaterials/Substrate/Glints2/dict_0000_0196.uasset" 7166
"../../../Engine/Content/EngineMaterials/Substrate/Glints2/dict_0000_0199.uasset" 7167
"../../../Engine/Content/EngineMaterials/Substrate/Glints2/dict_0000_0194.uasset" 7168
"../../../Engine/Content/EngineMaterials/Substrate/Glints2/dict_0000_0205.uasset" 7169
"../../../Engine/Content/EngineMaterials/Substrate/Glints2/dict_0000_0202.uasset" 7170
"../../../Engine/Content/EngineMaterials/Substrate/Glints2/dict_0000_0204.uasset" 7171
"/Engine/EngineMaterials/Substrate/Glints2/dict_0000_0191" 7172
"../../../Engine/Content/EngineMaterials/Substrate/Glints2/dict_0000_0203.uasset" 7173
"../../../Engine/Content/EngineMaterials/Substrate/Glints2/dict_0000_0206.uasset" 7174
"../../../Engine/Content/EngineMaterials/Substrate/Glints2/dict_0000_0200.uasset" 7175
"/Engine/EngineMaterials/Substrate/Glints2/dict_0000_0190" 7176
"/Engine/EngineMaterials/Substrate/Glints2/dict_0000_0205" 7177
"../../../Engine/Content/EngineMaterials/Substrate/Glints2/dict_0000_0201.uasset" 7178
"/Engine/EngineMaterials/Substrate/Glints2/dict_0000_0204" 7179
"/Engine/EngineMaterials/Substrate/Glints2/dict_0000_0202" 7180
"../../../Engine/Content/EngineMaterials/Substrate/Glints2/dict_0000_0209.uasset" 7181
"../../../Engine/Content/EngineMaterials/Substrate/Glints2/dict_0000_0212.uasset" 7182
"/Engine/EngineMaterials/Substrate/Glints2/dict_0000_0199" 7183
"../../../Engine/Content/EngineMaterials/Substrate/Glints2/dict_0000_0208.uasset" 7184
"../../../Engine/Content/EngineMaterials/Substrate/Glints2/dict_0000_0207.uasset" 7185
"../../../Engine/Content/EngineMaterials/Substrate/Glints2/dict_0000_0213.uasset" 7186
"/Engine/EngineMaterials/Substrate/Glints2/dict_0000_0198" 7187
"../../../Engine/Content/EngineMaterials/Substrate/Glints2/dict_0000_0210.uasset" 7188
"/Engine/EngineMaterials/Substrate/Glints2/dict_0000_0197" 7189
"../../../Engine/Content/EngineMaterials/Substrate/Glints2/dict_0000_0211.uasset" 7190
"/Engine/EngineMaterials/Substrate/Glints2/dict_0000_0196" 7191
"/Engine/EngineMaterials/Substrate/Glints2/dict_0000_0195" 7192
"/Engine/EngineMaterials/Substrate/Glints2/dict_0000_0193" 7193
"/Engine/EngineMaterials/Substrate/Glints2/dict_0000_0194" 7194
"/Engine/EngineMaterials/Substrate/Glints2/dict_0000_0210" 7195
"/Engine/EngineMaterials/Substrate/Glints2/dict_0000_0209" 7196
"/Engine/EngineMaterials/Substrate/Glints2/dict_0000_0208" 7197
"/Engine/EngineMaterials/Substrate/Glints2/dict_0000_0207" 7198
"/Engine/EngineMaterials/Substrate/Glints2/dict_0000_0206" 7199
"/Engine/EngineMaterials/Substrate/Glints2/dict_0000_0213" 7200
"/Engine/EngineMaterials/Substrate/Glints2/dict_0000_0203" 7201
"/Engine/EngineMaterials/Substrate/Glints2/dict_0000_0201" 7202
"/Engine/EngineMaterials/Substrate/Glints2/dict_0000_0200" 7203
"../../../Engine/Content/EngineMaterials/Substrate/Glints2/dict_0000_0216.uasset" 7204
"../../../Engine/Content/EngineMaterials/Substrate/Glints2/dict_0000_0221.uasset" 7205
"../../../Engine/Content/EngineMaterials/Substrate/Glints2/dict_0000_0220.uasset" 7206
"/Engine/EngineMaterials/Substrate/Glints2/dict_0000_0212" 7207
"../../../Engine/Content/EngineMaterials/Substrate/Glints2/dict_0000_0215.uasset" 7208
"/Engine/EngineMaterials/Substrate/Glints2/dict_0000_0211" 7209
"../../../Engine/Content/EngineMaterials/Substrate/Glints2/dict_0000_0217.uasset" 7210
"/Engine/EngineMaterials/Substrate/Glints2/dict_0000_0221" 7211
"/Engine/EngineMaterials/Substrate/Glints2/dict_0000_0220" 7212
"/Engine/EngineMaterials/Substrate/Glints2/dict_0000_0217" 7213
"/Engine/EngineMaterials/Substrate/Glints2/dict_0000_0216" 7214
"/Engine/EngineMaterials/Substrate/Glints2/dict_0000_0215" 7215
"../../../Engine/Content/EngineMaterials/Substrate/Glints2/dict_0000_0219.uasset" 7216
"../../../Engine/Content/EngineMaterials/Substrate/Glints2/dict_0000_0214.uasset" 7217
"../../../Engine/Content/EngineMaterials/Substrate/Glints2/dict_0000_0222.uasset" 7218
"../../../Engine/Content/EngineMaterials/Substrate/Glints2/dict_0000_0218.uasset" 7219
"../../../Engine/Content/EngineMaterials/Substrate/Glints2/dict_0000_0224.uasset" 7220
"../../../Engine/Content/EngineMaterials/Substrate/Glints2/dict_0000_0227.uasset" 7221
"../../../Engine/Content/EngineMaterials/Substrate/Glints2/dict_0000_0223.uasset" 7222
"../../../Engine/Content/EngineMaterials/Substrate/Glints2/dict_0000_0226.uasset" 7223
"../../../Engine/Content/EngineMaterials/Substrate/Glints2/dict_0000_0225.uasset" 7224
"/Engine/EngineMaterials/Substrate/Glints2/dict_0000_0222" 7225
"../../../Engine/Content/EngineMaterials/Substrate/Glints2/dict_0000_0229.uasset" 7226
"/Engine/EngineMaterials/Substrate/Glints2/dict_0000_0219" 7227
"../../../Engine/Content/EngineMaterials/Substrate/Glints2/dict_0000_0230.uasset" 7228
"/Engine/EngineMaterials/Substrate/Glints2/dict_0000_0218" 7229
"../../../Engine/Content/EngineMaterials/Substrate/Glints2/dict_0000_0231.uasset" 7230
"/Engine/EngineMaterials/Substrate/Glints2/dict_0000_0214" 7231
"../../../Engine/Content/EngineMaterials/Substrate/Glints2/dict_0000_0228.uasset" 7232
"/Engine/EngineMaterials/Substrate/Glints2/dict_0000_0227" 7233
"/Engine/EngineMaterials/Substrate/Glints2/dict_0000_0226" 7234
"/Engine/EngineMaterials/Substrate/Glints2/dict_0000_0225" 7235
"/Engine/EngineMaterials/Substrate/Glints2/dict_0000_0224" 7236
"/Engine/EngineMaterials/Substrate/Glints2/dict_0000_0223" 7237
"/Engine/EngineMaterials/Substrate/Glints2/dict_0000_0231" 7238
"../../../Engine/Content/EngineMaterials/Substrate/Glints2/dict_0000_0233.uasset" 7239
"../../../Engine/Content/EngineMaterials/Substrate/Glints2/dict_0000_0232.uasset" 7240
"/Engine/EngineMaterials/Substrate/Glints2/dict_0000_0230" 7241
"/Engine/EngineMaterials/Substrate/Glints2/dict_0000_0229" 7242
"/Engine/EngineMaterials/Substrate/Glints2/dict_0000_0228" 7243
"/Engine/EngineMaterials/Substrate/Glints2/dict_0000_0233" 7244
"/Engine/EngineMaterials/Substrate/Glints2/dict_0000_0232" 7245
"../../../Engine/Content/EngineMaterials/Substrate/Glints2/dict_0000_0236.uasset" 7246
"../../../Engine/Content/EngineMaterials/Substrate/Glints2/dict_0000_0234.uasset" 7247
"../../../Engine/Content/EngineMaterials/Substrate/Glints2/dict_0000_0235.uasset" 7248
"../../../Engine/Content/EngineMaterials/Substrate/Glints2/dict_0000_0238.uasset" 7249
"../../../Engine/Content/EngineMaterials/Substrate/Glints2/dict_0000_0239.uasset" 7250
"../../../Engine/Content/EngineMaterials/Substrate/Glints2/dict_0000_0242.uasset" 7251
"../../../Engine/Content/EngineMaterials/Substrate/Glints2/dict_0000_0243.uasset" 7252
"../../../Engine/Content/EngineMaterials/Substrate/Glints2/dict_0000_0237.uasset" 7253
"../../../Engine/Content/EngineMaterials/Substrate/Glints2/dict_0000_0241.uasset" 7254
"../../../Engine/Content/EngineMaterials/Substrate/Glints2/dict_0000_0240.uasset" 7255
"/Engine/EngineMaterials/Substrate/Glints2/dict_0000_0243" 7256
"../../../Engine/Content/EngineMaterials/Substrate/Glints2/dict_0000_0244.uasset" 7257
"../../../Engine/Content/EngineMaterials/Substrate/Glints2/dict_0000_0245.uasset" 7258
"../../../Engine/Content/EngineMaterials/Substrate/Glints2/dict_0000_0252.uasset" 7259
"/Engine/EngineMaterials/Substrate/Glints2/dict_0000_0242" 7260
"../../../Engine/Content/EngineMaterials/Substrate/Glints2/dict_0000_0249.uasset" 7261
"../../../Engine/Content/EngineMaterials/Substrate/Glints2/dict_0000_0246.uasset" 7262
"../../../Engine/Content/EngineMaterials/Substrate/Glints2/dict_0000_0250.uasset" 7263
"/Engine/EngineMaterials/Substrate/Glints2/dict_0000_0234" 7264
"../../../Engine/Content/EngineMaterials/Substrate/Glints2/dict_0000_0251.uasset" 7265
"../../../Engine/Content/EngineMaterials/Substrate/Glints2/dict_0000_0248.uasset" 7266
"/Engine/EngineMaterials/Substrate/Glints2/dict_0000_0241" 7267
"/Engine/EngineMaterials/Substrate/Glints2/dict_0000_0240" 7268
"/Engine/EngineMaterials/Substrate/Glints2/dict_0000_0239" 7269
"../../../Engine/Content/EngineMaterials/Substrate/Glints2/dict_0000_0254.uasset" 7270
"../../../Engine/Content/EngineMaterials/Substrate/Glints2/dict_0000_0253.uasset" 7271
"/Engine/EngineMaterials/Substrate/Glints2/dict_0000_0238" 7272
"/Engine/EngineMaterials/Substrate/Glints2/dict_0000_0237" 7273
"/Engine/EngineMaterials/Substrate/Glints2/dict_0000_0236" 7274
"/Engine/EngineMaterials/Substrate/Glints2/dict_0000_0235" 7275
"/Engine/EngineMaterials/Substrate/Glints2/dict_0000_0245" 7276
"/Engine/EngineMaterials/Substrate/Glints2/dict_0000_0244" 7277
"/Engine/EngineMaterials/Substrate/Glints2/dict_0000_0250" 7278
"/Engine/EngineMaterials/Substrate/Glints2/dict_0000_0249" 7279
"/Engine/EngineMaterials/Substrate/Glints2/dict_0000_0248" 7280
"/Engine/EngineMaterials/Substrate/Glints2/dict_0000_0246" 7281
"/Engine/EngineMaterials/Substrate/Glints2/dict_0000_0254" 7282
"/Engine/EngineMaterials/Substrate/Glints2/dict_0000_0253" 7283
"../../../Engine/Content/EngineMaterials/Substrate/Glints2/dict_0000_0247.uasset" 7284
"../../../Engine/Content/EngineMaterials/Substrate/Glints2/dict_0001_0001.uasset" 7285
"/Engine/EngineMaterials/Substrate/Glints2/dict_0000_0252" 7286
"../../../Engine/Content/EngineMaterials/Substrate/Glints2/dict_0000_0255.uasset" 7287
"/Engine/EngineMaterials/Substrate/Glints2/dict_0000_0251" 7288
"/Engine/EngineMaterials/Substrate/Glints2/dict_0001_0001" 7289
"/Engine/EngineMaterials/Substrate/Glints2/dict_0000_0247" 7290
"/Engine/EngineMaterials/Substrate/Glints2/dict_0000_0255" 7291
"../../../Engine/Content/EngineMaterials/Substrate/Glints2/dict_0001_0004.uasset" 7292
"../../../Engine/Content/EngineMaterials/Substrate/Glints2/dict_0001_0005.uasset" 7293
"../../../Engine/Content/EngineMaterials/Substrate/Glints2/dict_0001_0000.uasset" 7294
"../../../Engine/Content/EngineMaterials/Substrate/Glints2/dict_0001_0002.uasset" 7295
"../../../Engine/Content/EngineMaterials/Substrate/Glints2/dict_0001_0006.uasset" 7296
"../../../Engine/Content/EngineMaterials/Substrate/Glints2/dict_0001_0003.uasset" 7297
"../../../Engine/Content/EngineMaterials/Substrate/Glints2/dict_0001_0009.uasset" 7298
"../../../Engine/Content/EngineMaterials/Substrate/Glints2/dict_0001_0007.uasset" 7299
"../../../Engine/Content/EngineMaterials/Substrate/Glints2/dict_0001_0010.uasset" 7300
"../../../Engine/Content/EngineMaterials/Substrate/Glints2/dict_0001_0008.uasset" 7301
"../../../Engine/Content/EngineMaterials/Substrate/Glints2/dict_0001_0016.uasset" 7302
"../../../Engine/Content/EngineMaterials/Substrate/Glints2/dict_0001_0014.uasset" 7303
"../../../Engine/Content/EngineMaterials/Substrate/Glints2/dict_0001_0015.uasset" 7304
"../../../Engine/Content/EngineMaterials/Substrate/Glints2/dict_0001_0011.uasset" 7305
"../../../Engine/Content/EngineMaterials/Substrate/Glints2/dict_0001_0019.uasset" 7306
"/Engine/EngineMaterials/Substrate/Glints2/dict_0001_0003" 7307
"../../../Engine/Content/EngineMaterials/Substrate/Glints2/dict_0001_0018.uasset" 7308
"../../../Engine/Content/EngineMaterials/Substrate/Glints2/dict_0001_0017.uasset" 7309
"../../../Engine/Content/EngineMaterials/Substrate/Glints2/dict_0001_0013.uasset" 7310
"/Engine/EngineMaterials/Substrate/Glints2/dict_0001_0016" 7311
"../../../Engine/Content/EngineMaterials/Substrate/Glints2/dict_0001_0012.uasset" 7312
"/Engine/EngineMaterials/Substrate/Glints2/dict_0001_0009" 7313
"/Engine/EngineMaterials/Substrate/Glints2/dict_0001_0002" 7314
"/Engine/EngineMaterials/Substrate/Glints2/dict_0001_0008" 7315
"/Engine/EngineMaterials/Substrate/Glints2/dict_0001_0000" 7316
"/Engine/EngineMaterials/Substrate/Glints2/dict_0001_0015" 7317
"/Engine/EngineMaterials/Substrate/Glints2/dict_0001_0007" 7318
"/Engine/EngineMaterials/Substrate/Glints2/dict_0001_0014" 7319
"/Engine/EngineMaterials/Substrate/Glints2/dict_0001_0006" 7320
"/Engine/EngineMaterials/Substrate/Glints2/dict_0001_0005" 7321
"/Engine/EngineMaterials/Substrate/Glints2/dict_0001_0004" 7322
"/Engine/EngineMaterials/Substrate/Glints2/dict_0001_0011" 7323
"/Engine/EngineMaterials/Substrate/Glints2/dict_0001_0010" 7324
"/Engine/EngineMaterials/Substrate/Glints2/dict_0001_0019" 7325
"/Engine/EngineMaterials/Substrate/Glints2/dict_0001_0018" 7326
"/Engine/EngineMaterials/Substrate/Glints2/dict_0001_0017" 7327
"/Engine/EngineMaterials/Substrate/Glints2/dict_0001_0013" 7328
"/Engine/EngineMaterials/Substrate/Glints2/dict_0001_0012" 7329
"../../../Engine/Content/EngineMaterials/Substrate/Glints2/dict_0001_0021.uasset" 7330
"../../../Engine/Content/EngineMaterials/Substrate/Glints2/dict_0001_0024.uasset" 7331
"../../../Engine/Content/EngineMaterials/Substrate/Glints2/dict_0001_0027.uasset" 7332
"../../../Engine/Content/EngineMaterials/Substrate/Glints2/dict_0001_0020.uasset" 7333
"../../../Engine/Content/EngineMaterials/Substrate/Glints2/dict_0001_0028.uasset" 7334
"../../../Engine/Content/EngineMaterials/Substrate/Glints2/dict_0001_0026.uasset" 7335
"../../../Engine/Content/EngineMaterials/Substrate/Glints2/dict_0001_0029.uasset" 7336
"../../../Engine/Content/EngineMaterials/Substrate/Glints2/dict_0001_0023.uasset" 7337
"../../../Engine/Content/EngineMaterials/Substrate/Glints2/dict_0001_0022.uasset" 7338
"../../../Engine/Content/EngineMaterials/Substrate/Glints2/dict_0001_0025.uasset" 7339
"../../../Engine/Content/EngineMaterials/Substrate/Glints2/dict_0001_0038.uasset" 7340
"/Engine/EngineMaterials/Substrate/Glints2/dict_0001_0029" 7341
"../../../Engine/Content/EngineMaterials/Substrate/Glints2/dict_0001_0037.uasset" 7342
"../../../Engine/Content/EngineMaterials/Substrate/Glints2/dict_0001_0031.uasset" 7343
"../../../Engine/Content/EngineMaterials/Substrate/Glints2/dict_0001_0032.uasset" 7344
"../../../Engine/Content/EngineMaterials/Substrate/Glints2/dict_0001_0033.uasset" 7345
"../../../Engine/Content/EngineMaterials/Substrate/Glints2/dict_0001_0035.uasset" 7346
"/Engine/EngineMaterials/Substrate/Glints2/dict_0001_0028" 7347
"/Engine/EngineMaterials/Substrate/Glints2/dict_0001_0027" 7348
"/Engine/EngineMaterials/Substrate/Glints2/dict_0001_0026" 7349
"../../../Engine/Content/EngineMaterials/Substrate/Glints2/dict_0001_0030.uasset" 7350
"/Engine/EngineMaterials/Substrate/Glints2/dict_0001_0025" 7351
"/Engine/EngineMaterials/Substrate/Glints2/dict_0001_0024" 7352
"../../../Engine/Content/EngineMaterials/Substrate/Glints2/dict_0001_0034.uasset" 7353
"/Engine/EngineMaterials/Substrate/Glints2/dict_0001_0023" 7354
"/Engine/EngineMaterials/Substrate/Glints2/dict_0001_0022" 7355
"/Engine/EngineMaterials/Substrate/Glints2/dict_0001_0021" 7356
"/Engine/EngineMaterials/Substrate/Glints2/dict_0001_0020" 7357
"/Engine/EngineMaterials/Substrate/Glints2/dict_0001_0032" 7358
"/Engine/EngineMaterials/Substrate/Glints2/dict_0001_0031" 7359
"/Engine/EngineMaterials/Substrate/Glints2/dict_0001_0038" 7360
"/Engine/EngineMaterials/Substrate/Glints2/dict_0001_0037" 7361
"/Engine/EngineMaterials/Substrate/Glints2/dict_0001_0035" 7362
"/Engine/EngineMaterials/Substrate/Glints2/dict_0001_0030" 7363
"/Engine/EngineMaterials/Substrate/Glints2/dict_0001_0034" 7364
"/Engine/EngineMaterials/Substrate/Glints2/dict_0001_0033" 7365
"../../../Engine/Content/EngineMaterials/Substrate/Glints2/dict_0001_0039.uasset" 7366
"/Engine/EngineMaterials/Substrate/Glints2/dict_0001_0039" 7367
"../../../Engine/Content/EngineMaterials/Substrate/Glints2/dict_0001_0040.uasset" 7368
"/Engine/EngineMaterials/Substrate/Glints2/dict_0001_0040" 7369
"../../../Engine/Content/EngineMaterials/Substrate/Glints2/dict_0001_0043.uasset" 7370
"../../../Engine/Content/EngineMaterials/Substrate/Glints2/dict_0001_0044.uasset" 7371
"../../../Engine/Content/EngineMaterials/Substrate/Glints2/dict_0001_0042.uasset" 7372
"../../../Engine/Content/EngineMaterials/Substrate/Glints2/dict_0001_0041.uasset" 7373
"../../../Engine/Content/EngineMaterials/Substrate/Glints2/dict_0001_0036.uasset" 7374
"../../../Engine/Content/EngineMaterials/Substrate/Glints2/dict_0001_0046.uasset" 7375
"../../../Engine/Content/EngineMaterials/Substrate/Glints2/dict_0001_0047.uasset" 7376
"../../../Engine/Content/EngineMaterials/Substrate/Glints2/dict_0001_0049.uasset" 7377
"../../../Engine/Content/EngineMaterials/Substrate/Glints2/dict_0001_0045.uasset" 7378
"../../../Engine/Content/EngineMaterials/Substrate/Glints2/dict_0001_0048.uasset" 7379
"../../../Engine/Content/EngineMaterials/Substrate/Glints2/dict_0001_0050.uasset" 7380
"/Engine/EngineMaterials/Substrate/Glints2/dict_0001_0050" 7381
"../../../Engine/Content/EngineMaterials/Substrate/Glints2/dict_0001_0051.uasset" 7382
"/Engine/EngineMaterials/Substrate/Glints2/dict_0001_0046" 7383
"../../../Engine/Content/EngineMaterials/Substrate/Glints2/dict_0001_0052.uasset" 7384
"/Engine/EngineMaterials/Substrate/Glints2/dict_0001_0049" 7385
"/Engine/EngineMaterials/Substrate/Glints2/dict_0001_0045" 7386
"/Engine/EngineMaterials/Substrate/Glints2/dict_0001_0044" 7387
"../../../Engine/Content/EngineMaterials/Substrate/Glints2/dict_0001_0053.uasset" 7388
"../../../Engine/Content/EngineMaterials/Substrate/Glints2/dict_0001_0057.uasset" 7389
"../../../Engine/Content/EngineMaterials/Substrate/Glints2/dict_0001_0059.uasset" 7390
"../../../Engine/Content/EngineMaterials/Substrate/Glints2/dict_0001_0055.uasset" 7391
"/Engine/EngineMaterials/Substrate/Glints2/dict_0001_0043" 7392
"../../../Engine/Content/EngineMaterials/Substrate/Glints2/dict_0001_0054.uasset" 7393
"/Engine/EngineMaterials/Substrate/Glints2/dict_0001_0042" 7394
"/Engine/EngineMaterials/Substrate/Glints2/dict_0001_0041" 7395
"/Engine/EngineMaterials/Substrate/Glints2/dict_0001_0048" 7396
"/Engine/EngineMaterials/Substrate/Glints2/dict_0001_0047" 7397
"/Engine/EngineMaterials/Substrate/Glints2/dict_0001_0036" 7398
"/Engine/EngineMaterials/Substrate/Glints2/dict_0001_0051" 7399
"/Engine/EngineMaterials/Substrate/Glints2/dict_0001_0059" 7400
"../../../Engine/Content/EngineMaterials/Substrate/Glints2/dict_0001_0056.uasset" 7401
"/Engine/EngineMaterials/Substrate/Glints2/dict_0001_0057" 7402
"/Engine/EngineMaterials/Substrate/Glints2/dict_0001_0055" 7403
"/Engine/EngineMaterials/Substrate/Glints2/dict_0001_0054" 7404
"/Engine/EngineMaterials/Substrate/Glints2/dict_0001_0053" 7405
"/Engine/EngineMaterials/Substrate/Glints2/dict_0001_0052" 7406
"../../../Engine/Content/EngineMaterials/Substrate/Glints2/dict_0001_0060.uasset" 7407
"../../../Engine/Content/EngineMaterials/Substrate/Glints2/dict_0001_0058.uasset" 7408
"../../../Engine/Content/EngineMaterials/Substrate/Glints2/dict_0001_0064.uasset" 7409
"../../../Engine/Content/EngineMaterials/Substrate/Glints2/dict_0001_0066.uasset" 7410
"../../../Engine/Content/EngineMaterials/Substrate/Glints2/dict_0001_0067.uasset" 7411
"../../../Engine/Content/EngineMaterials/Substrate/Glints2/dict_0001_0062.uasset" 7412
"../../../Engine/Content/EngineMaterials/Substrate/Glints2/dict_0001_0063.uasset" 7413
"../../../Engine/Content/EngineMaterials/Substrate/Glints2/dict_0001_0061.uasset" 7414
"../../../Engine/Content/EngineMaterials/Substrate/Glints2/dict_0001_0068.uasset" 7415
"/Engine/EngineMaterials/Substrate/Glints2/dict_0001_0061" 7416
"../../../Engine/Content/EngineMaterials/Substrate/Glints2/dict_0001_0065.uasset" 7417
"/Engine/EngineMaterials/Substrate/Glints2/dict_0001_0060" 7418
"../../../Engine/Content/EngineMaterials/Substrate/Glints2/dict_0001_0070.uasset" 7419
"../../../Engine/Content/EngineMaterials/Substrate/Glints2/dict_0001_0069.uasset" 7420
"/Engine/EngineMaterials/Substrate/Glints2/dict_0001_0058" 7421
"/Engine/EngineMaterials/Substrate/Glints2/dict_0001_0068" 7422
"../../../Engine/Content/EngineMaterials/Substrate/Glints2/dict_0001_0072.uasset" 7423
"/Engine/EngineMaterials/Substrate/Glints2/dict_0001_0056" 7424
"/Engine/EngineMaterials/Substrate/Glints2/dict_0001_0067" 7425
"/Engine/EngineMaterials/Substrate/Glints2/dict_0001_0066" 7426
"/Engine/EngineMaterials/Substrate/Glints2/dict_0001_0064" 7427
"/Engine/EngineMaterials/Substrate/Glints2/dict_0001_0063" 7428
"../../../Engine/Content/EngineMaterials/Substrate/Glints2/dict_0001_0077.uasset" 7429
"../../../Engine/Content/EngineMaterials/Substrate/Glints2/dict_0001_0074.uasset" 7430
"../../../Engine/Content/EngineMaterials/Substrate/Glints2/dict_0001_0071.uasset" 7431
"/Engine/EngineMaterials/Substrate/Glints2/dict_0001_0062" 7432
"/Engine/EngineMaterials/Substrate/Glints2/dict_0001_0077" 7433
"/Engine/EngineMaterials/Substrate/Glints2/dict_0001_0069" 7434
"/Engine/EngineMaterials/Substrate/Glints2/dict_0001_0071" 7435
"/Engine/EngineMaterials/Substrate/Glints2/dict_0001_0070" 7436
"/Engine/EngineMaterials/Substrate/Glints2/dict_0001_0072" 7437
"/Engine/EngineMaterials/Substrate/Glints2/dict_0001_0065" 7438
"../../../Engine/Content/EngineMaterials/Substrate/Glints2/dict_0001_0073.uasset" 7439
"../../../Engine/Content/EngineMaterials/Substrate/Glints2/dict_0001_0076.uasset" 7440
"../../../Engine/Content/EngineMaterials/Substrate/Glints2/dict_0001_0075.uasset" 7441
"../../../Engine/Content/EngineMaterials/Substrate/Glints2/dict_0001_0078.uasset" 7442
"../../../Engine/Content/EngineMaterials/Substrate/Glints2/dict_0001_0079.uasset" 7443
"../../../Engine/Content/EngineMaterials/Substrate/Glints2/dict_0001_0081.uasset" 7444
"../../../Engine/Content/EngineMaterials/Substrate/Glints2/dict_0001_0083.uasset" 7445
"../../../Engine/Content/EngineMaterials/Substrate/Glints2/dict_0001_0080.uasset" 7446
"../../../Engine/Content/EngineMaterials/Substrate/Glints2/dict_0001_0082.uasset" 7447
"../../../Engine/Content/EngineMaterials/Substrate/Glints2/dict_0001_0084.uasset" 7448
"../../../Engine/Content/EngineMaterials/Substrate/Glints2/dict_0001_0085.uasset" 7449
"../../../Engine/Content/EngineMaterials/Substrate/Glints2/dict_0001_0086.uasset" 7450
"/Engine/EngineMaterials/Substrate/Glints2/dict_0001_0082" 7451
"../../../Engine/Content/EngineMaterials/Substrate/Glints2/dict_0001_0087.uasset" 7452
"../../../Engine/Content/EngineMaterials/Substrate/Glints2/dict_0001_0090.uasset" 7453
"../../../Engine/Content/EngineMaterials/Substrate/Glints2/dict_0001_0089.uasset" 7454
"/Engine/EngineMaterials/Substrate/Glints2/dict_0001_0081" 7455
"../../../Engine/Content/EngineMaterials/Substrate/Glints2/dict_0001_0088.uasset" 7456
"/Engine/EngineMaterials/Substrate/Glints2/dict_0001_0080" 7457
"/Engine/EngineMaterials/Substrate/Glints2/dict_0001_0079" 7458
"/Engine/EngineMaterials/Substrate/Glints2/dict_0001_0078" 7459
"/Engine/EngineMaterials/Substrate/Glints2/dict_0001_0076" 7460
"/Engine/EngineMaterials/Substrate/Glints2/dict_0001_0075" 7461
"/Engine/EngineMaterials/Substrate/Glints2/dict_0001_0074" 7462
"/Engine/EngineMaterials/Substrate/Glints2/dict_0001_0073" 7463
"/Engine/EngineMaterials/Substrate/Glints2/dict_0001_0086" 7464
"/Engine/EngineMaterials/Substrate/Glints2/dict_0001_0085" 7465
"/Engine/EngineMaterials/Substrate/Glints2/dict_0001_0084" 7466
"/Engine/EngineMaterials/Substrate/Glints2/dict_0001_0083" 7467
"/Engine/EngineMaterials/Substrate/Glints2/dict_0001_0089" 7468
"/Engine/EngineMaterials/Substrate/Glints2/dict_0001_0088" 7469
"../../../Engine/Content/EngineMaterials/Substrate/Glints2/dict_0001_0091.uasset" 7470
"/Engine/EngineMaterials/Substrate/Glints2/dict_0001_0087" 7471
"/Engine/EngineMaterials/Substrate/Glints2/dict_0001_0090" 7472
"/Engine/EngineMaterials/Substrate/Glints2/dict_0001_0091" 7473
"../../../Engine/Content/EngineMaterials/Substrate/Glints2/dict_0001_0093.uasset" 7474
"/Engine/EngineMaterials/Substrate/Glints2/dict_0001_0093" 7475
"../../../Engine/Content/EngineMaterials/Substrate/Glints2/dict_0001_0100.uasset" 7476
"../../../Engine/Content/EngineMaterials/Substrate/Glints2/dict_0001_0094.uasset" 7477
"../../../Engine/Content/EngineMaterials/Substrate/Glints2/dict_0001_0092.uasset" 7478
"../../../Engine/Content/EngineMaterials/Substrate/Glints2/dict_0001_0096.uasset" 7479
"../../../Engine/Content/EngineMaterials/Substrate/Glints2/dict_0001_0095.uasset" 7480
"../../../Engine/Content/EngineMaterials/Substrate/Glints2/dict_0001_0098.uasset" 7481
"../../../Engine/Content/EngineMaterials/Substrate/Glints2/dict_0001_0101.uasset" 7482
"../../../Engine/Content/EngineMaterials/Substrate/Glints2/dict_0001_0099.uasset" 7483
"../../../Engine/Content/EngineMaterials/Substrate/Glints2/dict_0001_0102.uasset" 7484
"/Engine/EngineMaterials/Substrate/Glints2/dict_0001_0099" 7485
"../../../Engine/Content/EngineMaterials/Substrate/Glints2/dict_0001_0097.uasset" 7486
"../../../Engine/Content/EngineMaterials/Substrate/Glints2/dict_0001_0103.uasset" 7487
"/Engine/EngineMaterials/Substrate/Glints2/dict_0001_0098" 7488
"/Engine/EngineMaterials/Substrate/Glints2/dict_0001_0096" 7489
"/Engine/EngineMaterials/Substrate/Glints2/dict_0001_0095" 7490
"/Engine/EngineMaterials/Substrate/Glints2/dict_0001_0102" 7491
"/Engine/EngineMaterials/Substrate/Glints2/dict_0001_0094" 7492
"/Engine/EngineMaterials/Substrate/Glints2/dict_0001_0101" 7493
"../../../Engine/Content/EngineMaterials/Substrate/Glints2/dict_0001_0108.uasset" 7494
"/Engine/EngineMaterials/Substrate/Glints2/dict_0001_0100" 7495
"/Engine/EngineMaterials/Substrate/Glints2/dict_0001_0092" 7496
"../../../Engine/Content/EngineMaterials/Substrate/Glints2/dict_0001_0105.uasset" 7497
"../../../Engine/Content/EngineMaterials/Substrate/Glints2/dict_0001_0111.uasset" 7498
"/Engine/EngineMaterials/Substrate/Glints2/dict_0001_0097" 7499
"../../../Engine/Content/EngineMaterials/Substrate/Glints2/dict_0001_0106.uasset" 7500
"/Engine/EngineMaterials/Substrate/Glints2/dict_0001_0105" 7501
"/Engine/EngineMaterials/Substrate/Glints2/dict_0001_0103" 7502
"/Engine/EngineMaterials/Substrate/Glints2/dict_0001_0111" 7503
"../../../Engine/Content/EngineMaterials/Substrate/Glints2/dict_0001_0104.uasset" 7504
"../../../Engine/Content/EngineMaterials/Substrate/Glints2/dict_0001_0109.uasset" 7505
"/Engine/EngineMaterials/Substrate/Glints2/dict_0001_0108" 7506
"/Engine/EngineMaterials/Substrate/Glints2/dict_0001_0104" 7507
"/Engine/EngineMaterials/Substrate/Glints2/dict_0001_0109" 7508
"/Engine/EngineMaterials/Substrate/Glints2/dict_0001_0106" 7509
"../../../Engine/Content/EngineMaterials/Substrate/Glints2/dict_0001_0107.uasset" 7510
"../../../Engine/Content/EngineMaterials/Substrate/Glints2/dict_0001_0110.uasset" 7511
"../../../Engine/Content/EngineMaterials/Substrate/Glints2/dict_0001_0112.uasset" 7512
"../../../Engine/Content/EngineMaterials/Substrate/Glints2/dict_0001_0114.uasset" 7513
"../../../Engine/Content/EngineMaterials/Substrate/Glints2/dict_0001_0117.uasset" 7514
"../../../Engine/Content/EngineMaterials/Substrate/Glints2/dict_0001_0116.uasset" 7515
"../../../Engine/Content/EngineMaterials/Substrate/Glints2/dict_0001_0118.uasset" 7516
"../../../Engine/Content/EngineMaterials/Substrate/Glints2/dict_0001_0115.uasset" 7517
"../../../Engine/Content/EngineMaterials/Substrate/Glints2/dict_0001_0119.uasset" 7518
"../../../Engine/Content/EngineMaterials/Substrate/Glints2/dict_0001_0113.uasset" 7519
"../../../Engine/Content/EngineMaterials/Substrate/Glints2/dict_0001_0122.uasset" 7520
"../../../Engine/Content/EngineMaterials/Substrate/Glints2/dict_0001_0121.uasset" 7521
"../../../Engine/Content/EngineMaterials/Substrate/Glints2/dict_0001_0120.uasset" 7522
"../../../Engine/Content/EngineMaterials/Substrate/Glints2/dict_0001_0123.uasset" 7523
"../../../Engine/Content/EngineMaterials/Substrate/Glints2/dict_0001_0128.uasset" 7524
"../../../Engine/Content/EngineMaterials/Substrate/Glints2/dict_0001_0124.uasset" 7525
"/Engine/EngineMaterials/Substrate/Glints2/dict_0001_0118" 7526
"../../../Engine/Content/EngineMaterials/Substrate/Glints2/dict_0001_0129.uasset" 7527
"/Engine/EngineMaterials/Substrate/Glints2/dict_0001_0117" 7528
"../../../Engine/Content/EngineMaterials/Substrate/Glints2/dict_0001_0127.uasset" 7529
"/Engine/EngineMaterials/Substrate/Glints2/dict_0001_0116" 7530
"/Engine/EngineMaterials/Substrate/Glints2/dict_0001_0115" 7531
"/Engine/EngineMaterials/Substrate/Glints2/dict_0001_0114" 7532
"/Engine/EngineMaterials/Substrate/Glints2/dict_0001_0113" 7533
"/Engine/EngineMaterials/Substrate/Glints2/dict_0001_0112" 7534
"/Engine/EngineMaterials/Substrate/Glints2/dict_0001_0110" 7535
"/Engine/EngineMaterials/Substrate/Glints2/dict_0001_0107" 7536
"/Engine/EngineMaterials/Substrate/Glints2/dict_0001_0119" 7537
"/Engine/EngineMaterials/Substrate/Glints2/dict_0001_0122" 7538
"/Engine/EngineMaterials/Substrate/Glints2/dict_0001_0121" 7539
"/Engine/EngineMaterials/Substrate/Glints2/dict_0001_0120" 7540
"/Engine/EngineMaterials/Substrate/Glints2/dict_0001_0129" 7541
"../../../Engine/Content/EngineMaterials/Substrate/Glints2/dict_0001_0126.uasset" 7542
"/Engine/EngineMaterials/Substrate/Glints2/dict_0001_0128" 7543
"../../../Engine/Content/EngineMaterials/Substrate/Glints2/dict_0001_0125.uasset" 7544
"../../../Engine/Content/EngineMaterials/Substrate/Glints2/dict_0001_0130.uasset" 7545
"../../../Engine/Content/EngineMaterials/Substrate/Glints2/dict_0001_0131.uasset" 7546
"/Engine/EngineMaterials/Substrate/Glints2/dict_0001_0124" 7547
"/Engine/EngineMaterials/Substrate/Glints2/dict_0001_0127" 7548
"../../../Engine/Content/EngineMaterials/Substrate/Glints2/dict_0001_0133.uasset" 7549
"/Engine/EngineMaterials/Substrate/Glints2/dict_0001_0123" 7550
"../../../Engine/Content/EngineMaterials/Substrate/Glints2/dict_0001_0135.uasset" 7551
"../../../Engine/Content/EngineMaterials/Substrate/Glints2/dict_0001_0134.uasset" 7552
"/Engine/EngineMaterials/Substrate/Glints2/dict_0001_0133" 7553
"/Engine/EngineMaterials/Substrate/Glints2/dict_0001_0131" 7554
"/Engine/EngineMaterials/Substrate/Glints2/dict_0001_0130" 7555
"../../../Engine/Content/EngineMaterials/Substrate/Glints2/dict_0001_0137.uasset" 7556
"/Engine/EngineMaterials/Substrate/Glints2/dict_0001_0135" 7557
"/Engine/EngineMaterials/Substrate/Glints2/dict_0001_0126" 7558
"/Engine/EngineMaterials/Substrate/Glints2/dict_0001_0125" 7559
"/Engine/EngineMaterials/Substrate/Glints2/dict_0001_0134" 7560
"/Engine/EngineMaterials/Substrate/Glints2/dict_0001_0137" 7561
"../../../Engine/Content/EngineMaterials/Substrate/Glints2/dict_0001_0136.uasset" 7562
"/Engine/EngineMaterials/Substrate/Glints2/dict_0001_0136" 7563
"../../../Engine/Content/EngineMaterials/Substrate/Glints2/dict_0001_0141.uasset" 7564
"../../../Engine/Content/EngineMaterials/Substrate/Glints2/dict_0001_0142.uasset" 7565
"../../../Engine/Content/EngineMaterials/Substrate/Glints2/dict_0001_0139.uasset" 7566
"../../../Engine/Content/EngineMaterials/Substrate/Glints2/dict_0001_0144.uasset" 7567
"../../../Engine/Content/EngineMaterials/Substrate/Glints2/dict_0001_0140.uasset" 7568
"../../../Engine/Content/EngineMaterials/Substrate/Glints2/dict_0001_0143.uasset" 7569
"../../../Engine/Content/EngineMaterials/Substrate/Glints2/dict_0001_0138.uasset" 7570
"../../../Engine/Content/EngineMaterials/Substrate/Glints2/dict_0001_0132.uasset" 7571
"../../../Engine/Content/EngineMaterials/Substrate/Glints2/dict_0001_0146.uasset" 7572
"../../../Engine/Content/EngineMaterials/Substrate/Glints2/dict_0001_0145.uasset" 7573
"../../../Engine/Content/EngineMaterials/Substrate/Glints2/dict_0001_0148.uasset" 7574
"../../../Engine/Content/EngineMaterials/Substrate/Glints2/dict_0001_0147.uasset" 7575
"../../../Engine/Content/EngineMaterials/Substrate/Glints2/dict_0001_0150.uasset" 7576
"../../../Engine/Content/EngineMaterials/Substrate/Glints2/dict_0001_0152.uasset" 7577
"../../../Engine/Content/EngineMaterials/Substrate/Glints2/dict_0001_0151.uasset" 7578
"../../../Engine/Content/EngineMaterials/Substrate/Glints2/dict_0001_0149.uasset" 7579
"/Engine/EngineMaterials/Substrate/Glints2/dict_0001_0132" 7580
"/Engine/EngineMaterials/Substrate/Glints2/dict_0001_0151" 7581
"../../../Engine/Content/EngineMaterials/Substrate/Glints2/dict_0001_0155.uasset" 7582
"/Engine/EngineMaterials/Substrate/Glints2/dict_0001_0150" 7583
"../../../Engine/Content/EngineMaterials/Substrate/Glints2/dict_0001_0157.uasset" 7584
"../../../Engine/Content/EngineMaterials/Substrate/Glints2/dict_0001_0158.uasset" 7585
"/Engine/EngineMaterials/Substrate/Glints2/dict_0001_0149" 7586
"../../../Engine/Content/EngineMaterials/Substrate/Glints2/dict_0001_0153.uasset" 7587
"/Engine/EngineMaterials/Substrate/Glints2/dict_0001_0148" 7588
"../../../Engine/Content/EngineMaterials/Substrate/Glints2/dict_0001_0159.uasset" 7589
"/Engine/EngineMaterials/Substrate/Glints2/dict_0001_0147" 7590
"../../../Engine/Content/EngineMaterials/Substrate/Glints2/dict_0001_0162.uasset" 7591
"../../../Engine/Content/EngineMaterials/Substrate/Glints2/dict_0001_0154.uasset" 7592
"/Engine/EngineMaterials/Substrate/Glints2/dict_0001_0138" 7593
"/Engine/EngineMaterials/Substrate/Glints2/dict_0001_0141" 7594
"/Engine/EngineMaterials/Substrate/Glints2/dict_0001_0146" 7595
"/Engine/EngineMaterials/Substrate/Glints2/dict_0001_0145" 7596
"/Engine/EngineMaterials/Substrate/Glints2/dict_0001_0144" 7597
"/Engine/EngineMaterials/Substrate/Glints2/dict_0001_0140" 7598
"/Engine/EngineMaterials/Substrate/Glints2/dict_0001_0143" 7599
"/Engine/EngineMaterials/Substrate/Glints2/dict_0001_0139" 7600
"/Engine/EngineMaterials/Substrate/Glints2/dict_0001_0152" 7601
"/Engine/EngineMaterials/Substrate/Glints2/dict_0001_0142" 7602
"/Engine/EngineMaterials/Substrate/Glints2/dict_0001_0159" 7603
"../../../Engine/Content/EngineMaterials/Substrate/Glints2/dict_0001_0156.uasset" 7604
"/Engine/EngineMaterials/Substrate/Glints2/dict_0001_0158" 7605
"/Engine/EngineMaterials/Substrate/Glints2/dict_0001_0157" 7606
"/Engine/EngineMaterials/Substrate/Glints2/dict_0001_0155" 7607
"/Engine/EngineMaterials/Substrate/Glints2/dict_0001_0154" 7608
"../../../Engine/Content/EngineMaterials/Substrate/Glints2/dict_0001_0160.uasset" 7609
"/Engine/EngineMaterials/Substrate/Glints2/dict_0001_0153" 7610
"../../../Engine/Content/EngineMaterials/Substrate/Glints2/dict_0001_0164.uasset" 7611
"/Engine/EngineMaterials/Substrate/Glints2/dict_0001_0162" 7612
"../../../Engine/Content/EngineMaterials/Substrate/Glints2/dict_0001_0165.uasset" 7613
"/Engine/EngineMaterials/Substrate/Glints2/dict_0001_0164" 7614
"../../../Engine/Content/EngineMaterials/Substrate/Glints2/dict_0001_0163.uasset" 7615
"../../../Engine/Content/EngineMaterials/Substrate/Glints2/dict_0001_0161.uasset" 7616
"/Engine/EngineMaterials/Substrate/Glints2/dict_0001_0156" 7617
"/Engine/EngineMaterials/Substrate/Glints2/dict_0001_0160" 7618
"/Engine/EngineMaterials/Substrate/Glints2/dict_0001_0165" 7619
"/Engine/EngineMaterials/Substrate/Glints2/dict_0001_0163" 7620
"/Engine/EngineMaterials/Substrate/Glints2/dict_0001_0161" 7621
"../../../Engine/Content/EngineMaterials/Substrate/Glints2/dict_0001_0168.uasset" 7622
"../../../Engine/Content/EngineMaterials/Substrate/Glints2/dict_0001_0167.uasset" 7623
"../../../Engine/Content/EngineMaterials/Substrate/Glints2/dict_0001_0170.uasset" 7624
"../../../Engine/Content/EngineMaterials/Substrate/Glints2/dict_0001_0169.uasset" 7625
"../../../Engine/Content/EngineMaterials/Substrate/Glints2/dict_0001_0166.uasset" 7626
"../../../Engine/Content/EngineMaterials/Substrate/Glints2/dict_0001_0171.uasset" 7627
"../../../Engine/Content/EngineMaterials/Substrate/Glints2/dict_0001_0174.uasset" 7628
"../../../Engine/Content/EngineMaterials/Substrate/Glints2/dict_0001_0172.uasset" 7629
"../../../Engine/Content/EngineMaterials/Substrate/Glints2/dict_0001_0173.uasset" 7630
"../../../Engine/Content/EngineMaterials/Substrate/Glints2/dict_0001_0175.uasset" 7631
"/Engine/EngineMaterials/Substrate/Glints2/dict_0001_0166" 7632
"/Engine/EngineMaterials/Substrate/Glints2/dict_0001_0167" 7633
"../../../Engine/Content/EngineMaterials/Substrate/Glints2/dict_0001_0176.uasset" 7634
"/Engine/EngineMaterials/Substrate/Glints2/dict_0001_0175" 7635
"../../../Engine/Content/EngineMaterials/Substrate/Glints2/dict_0001_0179.uasset" 7636
"../../../Engine/Content/EngineMaterials/Substrate/Glints2/dict_0001_0177.uasset" 7637
"../../../Engine/Content/EngineMaterials/Substrate/Glints2/dict_0001_0180.uasset" 7638
"../../../Engine/Content/EngineMaterials/Substrate/Glints2/dict_0001_0182.uasset" 7639
"../../../Engine/Content/EngineMaterials/Substrate/Glints2/dict_0001_0178.uasset" 7640
"/Engine/EngineMaterials/Substrate/Glints2/dict_0001_0168" 7641
"../../../Engine/Content/EngineMaterials/Substrate/Glints2/dict_0001_0184.uasset" 7642
"../../../Engine/Content/EngineMaterials/Substrate/Glints2/dict_0001_0183.uasset" 7643
"/Engine/EngineMaterials/Substrate/Glints2/dict_0001_0174" 7644
"../../../Engine/Content/EngineMaterials/Substrate/Glints2/dict_0001_0181.uasset" 7645
"/Engine/EngineMaterials/Substrate/Glints2/dict_0001_0173" 7646
"/Engine/EngineMaterials/Substrate/Glints2/dict_0001_0172" 7647
"/Engine/EngineMaterials/Substrate/Glints2/dict_0001_0171" 7648
"/Engine/EngineMaterials/Substrate/Glints2/dict_0001_0170" 7649
"/Engine/EngineMaterials/Substrate/Glints2/dict_0001_0169" 7650
"/Engine/EngineMaterials/Substrate/Glints2/dict_0001_0184" 7651
"/Engine/EngineMaterials/Substrate/Glints2/dict_0001_0183" 7652
"/Engine/EngineMaterials/Substrate/Glints2/dict_0001_0182" 7653
"/Engine/EngineMaterials/Substrate/Glints2/dict_0001_0181" 7654
"/Engine/EngineMaterials/Substrate/Glints2/dict_0001_0180" 7655
"../../../Engine/Content/EngineMaterials/Substrate/Glints2/dict_0001_0185.uasset" 7656
"/Engine/EngineMaterials/Substrate/Glints2/dict_0001_0179" 7657
"/Engine/EngineMaterials/Substrate/Glints2/dict_0001_0178" 7658
"/Engine/EngineMaterials/Substrate/Glints2/dict_0001_0177" 7659
"/Engine/EngineMaterials/Substrate/Glints2/dict_0001_0176" 7660
"/Engine/EngineMaterials/Substrate/Glints2/dict_0001_0185" 7661
"../../../Engine/Content/EngineMaterials/Substrate/Glints2/dict_0001_0186.uasset" 7662
"../../../Engine/Content/EngineMaterials/Substrate/Glints2/dict_0001_0189.uasset" 7663
"../../../Engine/Content/EngineMaterials/Substrate/Glints2/dict_0001_0192.uasset" 7664
"../../../Engine/Content/EngineMaterials/Substrate/Glints2/dict_0001_0190.uasset" 7665
"../../../Engine/Content/EngineMaterials/Substrate/Glints2/dict_0001_0191.uasset" 7666
"../../../Engine/Content/EngineMaterials/Substrate/Glints2/dict_0001_0187.uasset" 7667
"../../../Engine/Content/EngineMaterials/Substrate/Glints2/dict_0001_0193.uasset" 7668
"../../../Engine/Content/EngineMaterials/Substrate/Glints2/dict_0001_0188.uasset" 7669
"../../../Engine/Content/EngineMaterials/Substrate/Glints2/dict_0001_0195.uasset" 7670
"../../../Engine/Content/EngineMaterials/Substrate/Glints2/dict_0001_0194.uasset" 7671
"../../../Engine/Content/EngineMaterials/Substrate/Glints2/dict_0001_0201.uasset" 7672
"../../../Engine/Content/EngineMaterials/Substrate/Glints2/dict_0001_0200.uasset" 7673
"../../../Engine/Content/EngineMaterials/Substrate/Glints2/dict_0001_0197.uasset" 7674
"../../../Engine/Content/EngineMaterials/Substrate/Glints2/dict_0001_0199.uasset" 7675
"../../../Engine/Content/EngineMaterials/Substrate/Glints2/dict_0001_0196.uasset" 7676
"../../../Engine/Content/EngineMaterials/Substrate/Glints2/dict_0001_0198.uasset" 7677
"../../../Engine/Content/EngineMaterials/Substrate/Glints2/dict_0001_0202.uasset" 7678
"../../../Engine/Content/EngineMaterials/Substrate/Glints2/dict_0001_0204.uasset" 7679
"../../../Engine/Content/EngineMaterials/Substrate/Glints2/dict_0001_0203.uasset" 7680
"../../../Engine/Content/EngineMaterials/Substrate/Glints2/dict_0001_0206.uasset" 7681
"../../../Engine/Content/EngineMaterials/Substrate/Glints2/dict_0001_0207.uasset" 7682
"../../../Engine/Content/EngineMaterials/Substrate/Glints2/dict_0001_0205.uasset" 7683
"../../../Engine/Content/EngineMaterials/Substrate/Glints2/dict_0001_0212.uasset" 7684
"../../../Engine/Content/EngineMaterials/Substrate/Glints2/dict_0001_0213.uasset" 7685
"../../../Engine/Content/EngineMaterials/Substrate/Glints2/dict_0001_0214.uasset" 7686
"../../../Engine/Content/EngineMaterials/Substrate/Glints2/dict_0001_0210.uasset" 7687
"../../../Engine/Content/EngineMaterials/Substrate/Glints2/dict_0001_0211.uasset" 7688
"../../../Engine/Content/EngineMaterials/Substrate/Glints2/dict_0001_0216.uasset" 7689
"../../../Engine/Content/EngineMaterials/Substrate/Glints2/dict_0001_0209.uasset" 7690
"../../../Engine/Content/EngineMaterials/Substrate/Glints2/dict_0001_0208.uasset" 7691
"../../../Engine/Content/EngineMaterials/Substrate/Glints2/dict_0001_0217.uasset" 7692
"../../../Engine/Content/EngineMaterials/Substrate/Glints2/dict_0001_0215.uasset" 7693
"/Engine/EngineMaterials/Substrate/Glints2/dict_0001_0207" 7694
"/Engine/EngineMaterials/Substrate/Glints2/dict_0001_0216" 7695
"/Engine/EngineMaterials/Substrate/Glints2/dict_0001_0191" 7696
"/Engine/EngineMaterials/Substrate/Glints2/dict_0001_0215" 7697
"/Engine/EngineMaterials/Substrate/Glints2/dict_0001_0214" 7698
"/Engine/EngineMaterials/Substrate/Glints2/dict_0001_0213" 7699
"/Engine/EngineMaterials/Substrate/Glints2/dict_0001_0212" 7700
"/Engine/EngineMaterials/Substrate/Glints2/dict_0001_0190" 7701
"/Engine/EngineMaterials/Substrate/Glints2/dict_0001_0211" 7702
"/Engine/EngineMaterials/Substrate/Glints2/dict_0001_0210" 7703
"/Engine/EngineMaterials/Substrate/Glints2/dict_0001_0206" 7704
"/Engine/EngineMaterials/Substrate/Glints2/dict_0001_0209" 7705
"/Engine/EngineMaterials/Substrate/Glints2/dict_0001_0189" 7706
"/Engine/EngineMaterials/Substrate/Glints2/dict_0001_0197" 7707
"/Engine/EngineMaterials/Substrate/Glints2/dict_0001_0194" 7708
"/Engine/EngineMaterials/Substrate/Glints2/dict_0001_0208" 7709
"/Engine/EngineMaterials/Substrate/Glints2/dict_0001_0205" 7710
"/Engine/EngineMaterials/Substrate/Glints2/dict_0001_0204" 7711
"/Engine/EngineMaterials/Substrate/Glints2/dict_0001_0193" 7712
"/Engine/EngineMaterials/Substrate/Glints2/dict_0001_0188" 7713
"/Engine/EngineMaterials/Substrate/Glints2/dict_0001_0187" 7714
"/Engine/EngineMaterials/Substrate/Glints2/dict_0001_0196" 7715
"/Engine/EngineMaterials/Substrate/Glints2/dict_0001_0203" 7716
"/Engine/EngineMaterials/Substrate/Glints2/dict_0001_0186" 7717
"/Engine/EngineMaterials/Substrate/Glints2/dict_0001_0217" 7718
"/Engine/EngineMaterials/Substrate/Glints2/dict_0001_0195" 7719
"/Engine/EngineMaterials/Substrate/Glints2/dict_0001_0202" 7720
"/Engine/EngineMaterials/Substrate/Glints2/dict_0001_0192" 7721
"/Engine/EngineMaterials/Substrate/Glints2/dict_0001_0201" 7722
"/Engine/EngineMaterials/Substrate/Glints2/dict_0001_0200" 7723
"/Engine/EngineMaterials/Substrate/Glints2/dict_0001_0199" 7724
"/Engine/EngineMaterials/Substrate/Glints2/dict_0001_0198" 7725
"../../../Engine/Content/EngineMaterials/Substrate/Glints2/dict_0001_0220.uasset" 7726
"../../../Engine/Content/EngineMaterials/Substrate/Glints2/dict_0001_0218.uasset" 7727
"../../../Engine/Content/EngineMaterials/Substrate/Glints2/dict_0001_0219.uasset" 7728
"../../../Engine/Content/EngineMaterials/Substrate/Glints2/dict_0001_0221.uasset" 7729
"../../../Engine/Content/EngineMaterials/Substrate/Glints2/dict_0001_0222.uasset" 7730
"../../../Engine/Content/EngineMaterials/Substrate/Glints2/dict_0001_0224.uasset" 7731
"../../../Engine/Content/EngineMaterials/Substrate/Glints2/dict_0001_0223.uasset" 7732
"../../../Engine/Content/EngineMaterials/Substrate/Glints2/dict_0001_0229.uasset" 7733
"../../../Engine/Content/EngineMaterials/Substrate/Glints2/dict_0001_0225.uasset" 7734
"../../../Engine/Content/EngineMaterials/Substrate/Glints2/dict_0001_0226.uasset" 7735
"../../../Engine/Content/EngineMaterials/Substrate/Glints2/dict_0001_0227.uasset" 7736
"../../../Engine/Content/EngineMaterials/Substrate/Glints2/dict_0001_0228.uasset" 7737
"/Engine/EngineMaterials/Substrate/Glints2/dict_0001_0229" 7738
"/Engine/EngineMaterials/Substrate/Glints2/dict_0001_0228" 7739
"/Engine/EngineMaterials/Substrate/Glints2/dict_0001_0227" 7740
"/Engine/EngineMaterials/Substrate/Glints2/dict_0001_0226" 7741
"/Engine/EngineMaterials/Substrate/Glints2/dict_0001_0225" 7742
"/Engine/EngineMaterials/Substrate/Glints2/dict_0001_0224" 7743
"/Engine/EngineMaterials/Substrate/Glints2/dict_0001_0223" 7744
"../../../Engine/Content/EngineMaterials/Substrate/Glints2/dict_0001_0230.uasset" 7745
"/Engine/EngineMaterials/Substrate/Glints2/dict_0001_0222" 7746
"/Engine/EngineMaterials/Substrate/Glints2/dict_0001_0221" 7747
"../../../Engine/Content/EngineMaterials/Substrate/Glints2/dict_0001_0233.uasset" 7748
"/Engine/EngineMaterials/Substrate/Glints2/dict_0001_0220" 7749
"../../../Engine/Content/EngineMaterials/Substrate/Glints2/dict_0001_0232.uasset" 7750
"/Engine/EngineMaterials/Substrate/Glints2/dict_0001_0219" 7751
"../../../Engine/Content/EngineMaterials/Substrate/Glints2/dict_0001_0235.uasset" 7752
"../../../Engine/Content/EngineMaterials/Substrate/Glints2/dict_0001_0237.uasset" 7753
"../../../Engine/Content/EngineMaterials/Substrate/Glints2/dict_0001_0234.uasset" 7754
"../../../Engine/Content/EngineMaterials/Substrate/Glints2/dict_0001_0236.uasset" 7755
"/Engine/EngineMaterials/Substrate/Glints2/dict_0001_0218" 7756
"/Engine/EngineMaterials/Substrate/Glints2/dict_0001_0237" 7757
"/Engine/EngineMaterials/Substrate/Glints2/dict_0001_0236" 7758
"/Engine/EngineMaterials/Substrate/Glints2/dict_0001_0235" 7759
"/Engine/EngineMaterials/Substrate/Glints2/dict_0001_0234" 7760
"/Engine/EngineMaterials/Substrate/Glints2/dict_0001_0233" 7761
"/Engine/EngineMaterials/Substrate/Glints2/dict_0001_0232" 7762
"/Engine/EngineMaterials/Substrate/Glints2/dict_0001_0230" 7763
"../../../Engine/Content/EngineMaterials/Substrate/Glints2/dict_0001_0238.uasset" 7764
"../../../Engine/Content/EngineMaterials/Substrate/Glints2/dict_0001_0245.uasset" 7765
"../../../Engine/Content/EngineMaterials/Substrate/Glints2/dict_0001_0241.uasset" 7766
"../../../Engine/Content/EngineMaterials/Substrate/Glints2/dict_0001_0243.uasset" 7767
"../../../Engine/Content/EngineMaterials/Substrate/Glints2/dict_0001_0239.uasset" 7768
"../../../Engine/Content/EngineMaterials/Substrate/Glints2/dict_0001_0242.uasset" 7769
"../../../Engine/Content/EngineMaterials/Substrate/Glints2/dict_0001_0240.uasset" 7770
"../../../Engine/Content/EngineMaterials/Substrate/Glints2/dict_0001_0244.uasset" 7771
"../../../Engine/Content/EngineMaterials/Substrate/Glints2/dict_0001_0247.uasset" 7772
"/Engine/EngineMaterials/Substrate/Glints2/dict_0001_0247" 7773
"/Engine/EngineMaterials/Substrate/Glints2/dict_0001_0245" 7774
"/Engine/EngineMaterials/Substrate/Glints2/dict_0001_0244" 7775
"/Engine/EngineMaterials/Substrate/Glints2/dict_0001_0243" 7776
"/Engine/EngineMaterials/Substrate/Glints2/dict_0001_0242" 7777
"/Engine/EngineMaterials/Substrate/Glints2/dict_0001_0241" 7778
"/Engine/EngineMaterials/Substrate/Glints2/dict_0001_0240" 7779
"/Engine/EngineMaterials/Substrate/Glints2/dict_0001_0239" 7780
"/Engine/EngineMaterials/Substrate/Glints2/dict_0001_0238" 7781
"../../../Engine/Content/EngineMaterials/Substrate/Glints2/dict_0001_0249.uasset" 7782
"../../../Engine/Content/EngineMaterials/Substrate/Glints2/dict_0001_0248.uasset" 7783
"../../../Engine/Content/EngineMaterials/Substrate/Glints2/dict_0001_0231.uasset" 7784
"/Engine/EngineMaterials/Substrate/Glints2/dict_0001_0249" 7785
"/Engine/EngineMaterials/Substrate/Glints2/dict_0001_0248" 7786
"/Engine/EngineMaterials/Substrate/Glints2/dict_0001_0231" 7787
"../../../Engine/Content/EngineMaterials/Substrate/Glints2/dict_0001_0246.uasset" 7788
"/Engine/EngineMaterials/Substrate/Glints2/dict_0001_0246" 7789
"../../../Engine/Content/EngineMaterials/Substrate/Glints2/dict_0001_0251.uasset" 7790
"../../../Engine/Content/EngineMaterials/Substrate/Glints2/dict_0001_0252.uasset" 7791
"/Engine/EngineMaterials/Substrate/Glints2/dict_0001_0252" 7792
"/Engine/EngineMaterials/Substrate/Glints2/dict_0001_0251" 7793
"../../../Engine/Content/EngineMaterials/Substrate/Glints2/dict_0001_0254.uasset" 7794
"../../../Engine/Content/EngineMaterials/Substrate/Glints2/dict_0001_0253.uasset" 7795
"/Engine/EngineMaterials/Substrate/Glints2/dict_0001_0254" 7796
"/Engine/EngineMaterials/Substrate/Glints2/dict_0001_0253" 7797
"../../../Engine/Content/EngineMaterials/Substrate/Glints2/dict_0001_0255.uasset" 7798
"../../../Engine/Content/EngineMaterials/Substrate/Glints2/dict_0002_0001.uasset" 7799
"../../../Engine/Content/EngineMaterials/Substrate/Glints2/dict_0001_0250.uasset" 7800
"../../../Engine/Content/EngineMaterials/Substrate/Glints2/dict_0002_0003.uasset" 7801
"../../../Engine/Content/EngineMaterials/Substrate/Glints2/dict_0002_0002.uasset" 7802
"../../../Engine/Content/EngineMaterials/Substrate/Glints2/dict_0002_0004.uasset" 7803
"../../../Engine/Content/EngineMaterials/Substrate/Glints2/dict_0002_0006.uasset" 7804
"../../../Engine/Content/EngineMaterials/Substrate/Glints2/dict_0002_0008.uasset" 7805
"../../../Engine/Content/EngineMaterials/Substrate/Glints2/dict_0002_0010.uasset" 7806
"../../../Engine/Content/EngineMaterials/Substrate/Glints2/dict_0002_0009.uasset" 7807
"/Engine/EngineMaterials/Substrate/Glints2/dict_0002_0010" 7808
"../../../Engine/Content/EngineMaterials/Substrate/Glints2/dict_0002_0007.uasset" 7809
"../../../Engine/Content/EngineMaterials/Substrate/Glints2/dict_0002_0011.uasset" 7810
"/Engine/EngineMaterials/Substrate/Glints2/dict_0002_0009" 7811
"/Engine/EngineMaterials/Substrate/Glints2/dict_0002_0008" 7812
"/Engine/EngineMaterials/Substrate/Glints2/dict_0002_0006" 7813
"/Engine/EngineMaterials/Substrate/Glints2/dict_0002_0004" 7814
"/Engine/EngineMaterials/Substrate/Glints2/dict_0002_0003" 7815
"/Engine/EngineMaterials/Substrate/Glints2/dict_0002_0002" 7816
"/Engine/EngineMaterials/Substrate/Glints2/dict_0002_0001" 7817
"/Engine/EngineMaterials/Substrate/Glints2/dict_0001_0255" 7818
"/Engine/EngineMaterials/Substrate/Glints2/dict_0001_0250" 7819
"/Engine/EngineMaterials/Substrate/Glints2/dict_0002_0011" 7820
"../../../Engine/Content/EngineMaterials/Substrate/Glints2/dict_0002_0012.uasset" 7821
"../../../Engine/Content/EngineMaterials/Substrate/Glints2/dict_0002_0014.uasset" 7822
"../../../Engine/Content/EngineMaterials/Substrate/Glints2/dict_0002_0015.uasset" 7823
"/Engine/EngineMaterials/Substrate/Glints2/dict_0002_0007" 7824
"../../../Engine/Content/EngineMaterials/Substrate/Glints2/dict_0002_0018.uasset" 7825
"/Engine/EngineMaterials/Substrate/Glints2/dict_0002_0018" 7826
"/Engine/EngineMaterials/Substrate/Glints2/dict_0002_0015" 7827
"../../../Engine/Content/EngineMaterials/Substrate/Glints2/dict_0002_0019.uasset" 7828
"../../../Engine/Content/EngineMaterials/Substrate/Glints2/dict_0002_0017.uasset" 7829
"../../../Engine/Content/EngineMaterials/Substrate/Glints2/dict_0002_0013.uasset" 7830
"/Engine/EngineMaterials/Substrate/Glints2/dict_0002_0014" 7831
"../../../Engine/Content/EngineMaterials/Substrate/Glints2/dict_0002_0016.uasset" 7832
"/Engine/EngineMaterials/Substrate/Glints2/dict_0002_0012" 7833
"../../../Engine/Content/EngineMaterials/Substrate/Glints2/dict_0002_0005.uasset" 7834
"../../../Engine/Content/EngineMaterials/Substrate/Glints2/dict_0002_0000.uasset" 7835
"/Engine/EngineMaterials/Substrate/Glints2/dict_0002_0019" 7836
"/Engine/EngineMaterials/Substrate/Glints2/dict_0002_0017" 7837
"/Engine/EngineMaterials/Substrate/Glints2/dict_0002_0016" 7838
"/Engine/EngineMaterials/Substrate/Glints2/dict_0002_0013" 7839
"/Engine/EngineMaterials/Substrate/Glints2/dict_0002_0005" 7840
"/Engine/EngineMaterials/Substrate/Glints2/dict_0002_0000" 7841
"../../../Engine/Content/EngineMaterials/Substrate/Glints2/dict_0002_0022.uasset" 7842
"../../../Engine/Content/EngineMaterials/Substrate/Glints2/dict_0002_0023.uasset" 7843
"../../../Engine/Content/EngineMaterials/Substrate/Glints2/dict_0002_0027.uasset" 7844
"../../../Engine/Content/EngineMaterials/Substrate/Glints2/dict_0002_0024.uasset" 7845
"../../../Engine/Content/EngineMaterials/Substrate/Glints2/dict_0002_0026.uasset" 7846
"../../../Engine/Content/EngineMaterials/Substrate/Glints2/dict_0002_0021.uasset" 7847
"../../../Engine/Content/EngineMaterials/Substrate/Glints2/dict_0002_0025.uasset" 7848
"../../../Engine/Content/EngineMaterials/Substrate/Glints2/dict_0002_0020.uasset" 7849
"/Engine/EngineMaterials/Substrate/Glints2/dict_0002_0024" 7850
"/Engine/EngineMaterials/Substrate/Glints2/dict_0002_0023" 7851
"../../../Engine/Content/EngineMaterials/Substrate/Glints2/dict_0002_0028.uasset" 7852
"/Engine/EngineMaterials/Substrate/Glints2/dict_0002_0021" 7853
"/Engine/EngineMaterials/Substrate/Glints2/dict_0002_0025" 7854
"/Engine/EngineMaterials/Substrate/Glints2/dict_0002_0020" 7855
"/Engine/EngineMaterials/Substrate/Glints2/dict_0002_0022" 7856
"/Engine/EngineMaterials/Substrate/Glints2/dict_0002_0027" 7857
"/Engine/EngineMaterials/Substrate/Glints2/dict_0002_0026" 7858
"/Engine/EngineMaterials/Substrate/Glints2/dict_0002_0028" 7859
"../../../Engine/Content/EngineMaterials/Substrate/Glints2/dict_0002_0029.uasset" 7860
"/Engine/EngineMaterials/Substrate/Glints2/dict_0002_0029" 7861
"../../../Engine/Content/EngineMaterials/Substrate/Glints2/dict_0002_0032.uasset" 7862
"../../../Engine/Content/EngineMaterials/Substrate/Glints2/dict_0002_0031.uasset" 7863
"../../../Engine/Content/EngineMaterials/Substrate/Glints2/dict_0002_0030.uasset" 7864
"/Engine/EngineMaterials/Substrate/Glints2/dict_0002_0032" 7865
"../../../Engine/Content/EngineMaterials/Substrate/Glints2/dict_0002_0033.uasset" 7866
"/Engine/EngineMaterials/Substrate/Glints2/dict_0002_0031" 7867
"/Engine/EngineMaterials/Substrate/Glints2/dict_0002_0030" 7868
"/Engine/EngineMaterials/Substrate/Glints2/dict_0002_0033" 7869
"../../../Engine/Content/EngineMaterials/Substrate/Glints2/dict_0002_0037.uasset" 7870
"../../../Engine/Content/EngineMaterials/Substrate/Glints2/dict_0002_0036.uasset" 7871
"../../../Engine/Content/EngineMaterials/Substrate/Glints2/dict_0002_0035.uasset" 7872
"../../../Engine/Content/EngineMaterials/Substrate/Glints2/dict_0002_0034.uasset" 7873
"../../../Engine/Content/EngineMaterials/Substrate/Glints2/dict_0002_0038.uasset" 7874
"../../../Engine/Content/EngineMaterials/Substrate/Glints2/dict_0002_0043.uasset" 7875
"../../../Engine/Content/EngineMaterials/Substrate/Glints2/dict_0002_0045.uasset" 7876
"../../../Engine/Content/EngineMaterials/Substrate/Glints2/dict_0002_0040.uasset" 7877
"/Engine/EngineMaterials/Substrate/Glints2/dict_0002_0045" 7878
"../../../Engine/Content/EngineMaterials/Substrate/Glints2/dict_0002_0041.uasset" 7879
"../../../Engine/Content/EngineMaterials/Substrate/Glints2/dict_0002_0044.uasset" 7880
"../../../Engine/Content/EngineMaterials/Substrate/Glints2/dict_0002_0042.uasset" 7881
"/Engine/EngineMaterials/Substrate/Glints2/dict_0002_0043" 7882
"/Engine/EngineMaterials/Substrate/Glints2/dict_0002_0038" 7883
"/Engine/EngineMaterials/Substrate/Glints2/dict_0002_0037" 7884
"/Engine/EngineMaterials/Substrate/Glints2/dict_0002_0040" 7885
"/Engine/EngineMaterials/Substrate/Glints2/dict_0002_0036" 7886
"/Engine/EngineMaterials/Substrate/Glints2/dict_0002_0035" 7887
"/Engine/EngineMaterials/Substrate/Glints2/dict_0002_0034" 7888
"/Engine/EngineMaterials/Substrate/Glints2/dict_0002_0044" 7889
"/Engine/EngineMaterials/Substrate/Glints2/dict_0002_0042" 7890
"/Engine/EngineMaterials/Substrate/Glints2/dict_0002_0041" 7891
"../../../Engine/Content/EngineMaterials/Substrate/Glints2/dict_0002_0046.uasset" 7892
"../../../Engine/Content/EngineMaterials/Substrate/Glints2/dict_0002_0049.uasset" 7893
"../../../Engine/Content/EngineMaterials/Substrate/Glints2/dict_0002_0053.uasset" 7894
"../../../Engine/Content/EngineMaterials/Substrate/Glints2/dict_0002_0048.uasset" 7895
"../../../Engine/Content/EngineMaterials/Substrate/Glints2/dict_0002_0051.uasset" 7896
"/Engine/EngineMaterials/Substrate/Glints2/dict_0002_0049" 7897
"/Engine/EngineMaterials/Substrate/Glints2/dict_0002_0048" 7898
"/Engine/EngineMaterials/Substrate/Glints2/dict_0002_0046" 7899
"/Engine/EngineMaterials/Substrate/Glints2/dict_0002_0051" 7900
"/Engine/EngineMaterials/Substrate/Glints2/dict_0002_0053" 7901
"../../../Engine/Content/EngineMaterials/Substrate/Glints2/dict_0002_0047.uasset" 7902
"../../../Engine/Content/EngineMaterials/Substrate/Glints2/dict_0002_0052.uasset" 7903
"../../../Engine/Content/EngineMaterials/Substrate/Glints2/dict_0002_0055.uasset" 7904
"../../../Engine/Content/EngineMaterials/Substrate/Glints2/dict_0002_0056.uasset" 7905
"../../../Engine/Content/EngineMaterials/Substrate/Glints2/dict_0002_0058.uasset" 7906
"../../../Engine/Content/EngineMaterials/Substrate/Glints2/dict_0002_0054.uasset" 7907
"../../../Engine/Content/EngineMaterials/Substrate/Glints2/dict_0002_0039.uasset" 7908
"../../../Engine/Content/EngineMaterials/Substrate/Glints2/dict_0002_0057.uasset" 7909
"../../../Engine/Content/EngineMaterials/Substrate/Glints2/dict_0002_0059.uasset" 7910
"../../../Engine/Content/EngineMaterials/Substrate/Glints2/dict_0002_0061.uasset" 7911
"/Engine/EngineMaterials/Substrate/Glints2/dict_0002_0059" 7912
"../../../Engine/Content/EngineMaterials/Substrate/Glints2/dict_0002_0062.uasset" 7913
"../../../Engine/Content/EngineMaterials/Substrate/Glints2/dict_0002_0063.uasset" 7914
"/Engine/EngineMaterials/Substrate/Glints2/dict_0002_0058" 7915
"../../../Engine/Content/EngineMaterials/Substrate/Glints2/dict_0002_0060.uasset" 7916
"../../../Engine/Content/EngineMaterials/Substrate/Glints2/dict_0002_0065.uasset" 7917
"../../../Engine/Content/EngineMaterials/Substrate/Glints2/dict_0002_0064.uasset" 7918
"/Engine/EngineMaterials/Substrate/Glints2/dict_0002_0057" 7919
"/Engine/EngineMaterials/Substrate/Glints2/dict_0002_0056" 7920
"/Engine/EngineMaterials/Substrate/Glints2/dict_0002_0055" 7921
"../../../Engine/Content/EngineMaterials/Substrate/Glints2/dict_0002_0050.uasset" 7922
"../../../Engine/Content/EngineMaterials/Substrate/Glints2/dict_0002_0066.uasset" 7923
"/Engine/EngineMaterials/Substrate/Glints2/dict_0002_0047" 7924
"/Engine/EngineMaterials/Substrate/Glints2/dict_0002_0039" 7925
"/Engine/EngineMaterials/Substrate/Glints2/dict_0002_0054" 7926
"/Engine/EngineMaterials/Substrate/Glints2/dict_0002_0061" 7927
"/Engine/EngineMaterials/Substrate/Glints2/dict_0002_0052" 7928
"/Engine/EngineMaterials/Substrate/Glints2/dict_0002_0066" 7929
"/Engine/EngineMaterials/Substrate/Glints2/dict_0002_0065" 7930
"/Engine/EngineMaterials/Substrate/Glints2/dict_0002_0064" 7931
"/Engine/EngineMaterials/Substrate/Glints2/dict_0002_0050" 7932
"/Engine/EngineMaterials/Substrate/Glints2/dict_0002_0063" 7933
"/Engine/EngineMaterials/Substrate/Glints2/dict_0002_0060" 7934
"/Engine/EngineMaterials/Substrate/Glints2/dict_0002_0062" 7935
"../../../Engine/Content/EngineMaterials/Substrate/Glints2/dict_0002_0067.uasset" 7936
"../../../Engine/Content/EngineMaterials/Substrate/Glints2/dict_0002_0069.uasset" 7937
"../../../Engine/Content/EngineMaterials/Substrate/Glints2/dict_0002_0071.uasset" 7938
"../../../Engine/Content/EngineMaterials/Substrate/Glints2/dict_0002_0068.uasset" 7939
"../../../Engine/Content/EngineMaterials/Substrate/Glints2/dict_0002_0070.uasset" 7940
"../../../Engine/Content/EngineMaterials/Substrate/Glints2/dict_0002_0073.uasset" 7941
"../../../Engine/Content/EngineMaterials/Substrate/Glints2/dict_0002_0074.uasset" 7942
"../../../Engine/Content/EngineMaterials/Substrate/Glints2/dict_0002_0072.uasset" 7943
"../../../Engine/Content/EngineMaterials/Substrate/Glints2/dict_0002_0075.uasset" 7944
"../../../Engine/Content/EngineMaterials/Substrate/Glints2/dict_0002_0082.uasset" 7945
"../../../Engine/Content/EngineMaterials/Substrate/Glints2/dict_0002_0079.uasset" 7946
"../../../Engine/Content/EngineMaterials/Substrate/Glints2/dict_0002_0080.uasset" 7947
"../../../Engine/Content/EngineMaterials/Substrate/Glints2/dict_0002_0078.uasset" 7948
"/Engine/EngineMaterials/Substrate/Glints2/dict_0002_0073" 7949
"../../../Engine/Content/EngineMaterials/Substrate/Glints2/dict_0002_0076.uasset" 7950
"../../../Engine/Content/EngineMaterials/Substrate/Glints2/dict_0002_0081.uasset" 7951
"/Engine/EngineMaterials/Substrate/Glints2/dict_0002_0080" 7952
"/Engine/EngineMaterials/Substrate/Glints2/dict_0002_0072" 7953
"/Engine/EngineMaterials/Substrate/Glints2/dict_0002_0079" 7954
"/Engine/EngineMaterials/Substrate/Glints2/dict_0002_0075" 7955
"/Engine/EngineMaterials/Substrate/Glints2/dict_0002_0074" 7956
"/Engine/EngineMaterials/Substrate/Glints2/dict_0002_0071" 7957
"../../../Engine/Content/EngineMaterials/Substrate/Glints2/dict_0002_0077.uasset" 7958
"/Engine/EngineMaterials/Substrate/Glints2/dict_0002_0070" 7959
"/Engine/EngineMaterials/Substrate/Glints2/dict_0002_0069" 7960
"/Engine/EngineMaterials/Substrate/Glints2/dict_0002_0068" 7961
"/Engine/EngineMaterials/Substrate/Glints2/dict_0002_0078" 7962
"/Engine/EngineMaterials/Substrate/Glints2/dict_0002_0067" 7963
"/Engine/EngineMaterials/Substrate/Glints2/dict_0002_0082" 7964
"../../../Engine/Content/EngineMaterials/Substrate/Glints2/dict_0002_0083.uasset" 7965
"/Engine/EngineMaterials/Substrate/Glints2/dict_0002_0081" 7966
"/Engine/EngineMaterials/Substrate/Glints2/dict_0002_0076" 7967
"../../../Engine/Content/EngineMaterials/Substrate/Glints2/dict_0002_0084.uasset" 7968
"../../../Engine/Content/EngineMaterials/Substrate/Glints2/dict_0002_0087.uasset" 7969
"/Engine/EngineMaterials/Substrate/Glints2/dict_0002_0077" 7970
"../../../Engine/Content/EngineMaterials/Substrate/Glints2/dict_0002_0085.uasset" 7971
"../../../Engine/Content/EngineMaterials/Substrate/Glints2/dict_0002_0089.uasset" 7972
"../../../Engine/Content/EngineMaterials/Substrate/Glints2/dict_0002_0086.uasset" 7973
"/Engine/EngineMaterials/Substrate/Glints2/dict_0002_0089" 7974
"/Engine/EngineMaterials/Substrate/Glints2/dict_0002_0087" 7975
"/Engine/EngineMaterials/Substrate/Glints2/dict_0002_0086" 7976
"/Engine/EngineMaterials/Substrate/Glints2/dict_0002_0085" 7977
"/Engine/EngineMaterials/Substrate/Glints2/dict_0002_0084" 7978
"/Engine/EngineMaterials/Substrate/Glints2/dict_0002_0083" 7979
"../../../Engine/Content/EngineMaterials/Substrate/Glints2/dict_0002_0088.uasset" 7980
"../../../Engine/Content/EngineMaterials/Substrate/Glints2/dict_0002_0091.uasset" 7981
"../../../Engine/Content/EngineMaterials/Substrate/Glints2/dict_0002_0094.uasset" 7982
"../../../Engine/Content/EngineMaterials/Substrate/Glints2/dict_0002_0090.uasset" 7983
"../../../Engine/Content/EngineMaterials/Substrate/Glints2/dict_0002_0092.uasset" 7984
"../../../Engine/Content/EngineMaterials/Substrate/Glints2/dict_0002_0097.uasset" 7985
"../../../Engine/Content/EngineMaterials/Substrate/Glints2/dict_0002_0095.uasset" 7986
"../../../Engine/Content/EngineMaterials/Substrate/Glints2/dict_0002_0096.uasset" 7987
"../../../Engine/Content/EngineMaterials/Substrate/Glints2/dict_0002_0098.uasset" 7988
"../../../Engine/Content/EngineMaterials/Substrate/Glints2/dict_0002_0093.uasset" 7989
"/Engine/EngineMaterials/Substrate/Glints2/dict_0002_0091" 7990
"../../../Engine/Content/EngineMaterials/Substrate/Glints2/dict_0002_0099.uasset" 7991
"/Engine/EngineMaterials/Substrate/Glints2/dict_0002_0090" 7992
"/Engine/EngineMaterials/Substrate/Glints2/dict_0002_0088" 7993
"../../../Engine/Content/EngineMaterials/Substrate/Glints2/dict_0002_0100.uasset" 7994
"/Engine/EngineMaterials/Substrate/Glints2/dict_0002_0098" 7995
"../../../Engine/Content/EngineMaterials/Substrate/Glints2/dict_0002_0101.uasset" 7996
"../../../Engine/Content/EngineMaterials/Substrate/Glints2/dict_0002_0103.uasset" 7997
"/Engine/EngineMaterials/Substrate/Glints2/dict_0002_0097" 7998
"../../../Engine/Content/EngineMaterials/Substrate/Glints2/dict_0002_0102.uasset" 7999
"/Engine/EngineMaterials/Substrate/Glints2/dict_0002_0096" 8000
"/Engine/EngineMaterials/Substrate/Glints2/dict_0002_0095" 8001
"/Engine/EngineMaterials/Substrate/Glints2/dict_0002_0094" 8002
"/Engine/EngineMaterials/Substrate/Glints2/dict_0002_0092" 8003
"/Engine/EngineMaterials/Substrate/Glints2/dict_0002_0103" 8004
"/Engine/EngineMaterials/Substrate/Glints2/dict_0002_0102" 8005
"/Engine/EngineMaterials/Substrate/Glints2/dict_0002_0101" 8006
"/Engine/EngineMaterials/Substrate/Glints2/dict_0002_0100" 8007
"/Engine/EngineMaterials/Substrate/Glints2/dict_0002_0093" 8008
"../../../Engine/Content/EngineMaterials/Substrate/Glints2/dict_0002_0104.uasset" 8009
"../../../Engine/Content/EngineMaterials/Substrate/Glints2/dict_0002_0106.uasset" 8010
"../../../Engine/Content/EngineMaterials/Substrate/Glints2/dict_0002_0105.uasset" 8011
"/Engine/EngineMaterials/Substrate/Glints2/dict_0002_0099" 8012
"/Engine/EngineMaterials/Substrate/Glints2/dict_0002_0106" 8013
"../../../Engine/Content/EngineMaterials/Substrate/Glints2/dict_0002_0107.uasset" 8014
"/Engine/EngineMaterials/Substrate/Glints2/dict_0002_0105" 8015
"../../../Engine/Content/EngineMaterials/Substrate/Glints2/dict_0002_0108.uasset" 8016
"../../../Engine/Content/EngineMaterials/Substrate/Glints2/dict_0002_0109.uasset" 8017
"/Engine/EngineMaterials/Substrate/Glints2/dict_0002_0104" 8018
"/Engine/EngineMaterials/Substrate/Glints2/dict_0002_0109" 8019
"/Engine/EngineMaterials/Substrate/Glints2/dict_0002_0108" 8020
"/Engine/EngineMaterials/Substrate/Glints2/dict_0002_0107" 8021
"../../../Engine/Content/EngineMaterials/Substrate/Glints2/dict_0002_0110.uasset" 8022
"/Engine/EngineMaterials/Substrate/Glints2/dict_0002_0110" 8023
"../../../Engine/Content/EngineMaterials/Substrate/Glints2/dict_0002_0112.uasset" 8024
"../../../Engine/Content/EngineMaterials/Substrate/Glints2/dict_0002_0113.uasset" 8025
"../../../Engine/Content/EngineMaterials/Substrate/Glints2/dict_0002_0114.uasset" 8026
"../../../Engine/Content/EngineMaterials/Substrate/Glints2/dict_0002_0115.uasset" 8027
"../../../Engine/Content/EngineMaterials/Substrate/Glints2/dict_0002_0116.uasset" 8028
"../../../Engine/Content/EngineMaterials/Substrate/Glints2/dict_0002_0111.uasset" 8029
"../../../Engine/Content/EngineMaterials/Substrate/Glints2/dict_0002_0117.uasset" 8030
"../../../Engine/Content/EngineMaterials/Substrate/Glints2/dict_0002_0118.uasset" 8031
"../../../Engine/Content/EngineMaterials/Substrate/Glints2/dict_0002_0119.uasset" 8032
"../../../Engine/Content/EngineMaterials/Substrate/Glints2/dict_0002_0120.uasset" 8033
"../../../Engine/Content/EngineMaterials/Substrate/Glints2/dict_0002_0124.uasset" 8034
"../../../Engine/Content/EngineMaterials/Substrate/Glints2/dict_0002_0123.uasset" 8035
"../../../Engine/Content/EngineMaterials/Substrate/Glints2/dict_0002_0129.uasset" 8036
"../../../Engine/Content/EngineMaterials/Substrate/Glints2/dict_0002_0126.uasset" 8037
"../../../Engine/Content/EngineMaterials/Substrate/Glints2/dict_0002_0121.uasset" 8038
"/Engine/EngineMaterials/Substrate/Glints2/dict_0002_0129" 8039
"/Engine/EngineMaterials/Substrate/Glints2/dict_0002_0120" 8040
"../../../Engine/Content/EngineMaterials/Substrate/Glints2/dict_0002_0122.uasset" 8041
"../../../Engine/Content/EngineMaterials/Substrate/Glints2/dict_0002_0125.uasset" 8042
"/Engine/EngineMaterials/Substrate/Glints2/dict_0002_0119" 8043
"../../../Engine/Content/EngineMaterials/Substrate/Glints2/dict_0002_0130.uasset" 8044
"../../../Engine/Content/EngineMaterials/Substrate/Glints2/dict_0002_0128.uasset" 8045
"../../../Engine/Content/EngineMaterials/Substrate/Glints2/dict_0002_0127.uasset" 8046
"/Engine/EngineMaterials/Substrate/Glints2/dict_0002_0114" 8047
"/Engine/EngineMaterials/Substrate/Glints2/dict_0002_0111" 8048
"/Engine/EngineMaterials/Substrate/Glints2/dict_0002_0118" 8049
"/Engine/EngineMaterials/Substrate/Glints2/dict_0002_0113" 8050
"/Engine/EngineMaterials/Substrate/Glints2/dict_0002_0117" 8051
"/Engine/EngineMaterials/Substrate/Glints2/dict_0002_0116" 8052
"/Engine/EngineMaterials/Substrate/Glints2/dict_0002_0126" 8053
"/Engine/EngineMaterials/Substrate/Glints2/dict_0002_0124" 8054
"/Engine/EngineMaterials/Substrate/Glints2/dict_0002_0123" 8055
"/Engine/EngineMaterials/Substrate/Glints2/dict_0002_0115" 8056
"/Engine/EngineMaterials/Substrate/Glints2/dict_0002_0112" 8057
"/Engine/EngineMaterials/Substrate/Glints2/dict_0002_0121" 8058
"../../../Engine/Content/EngineMaterials/Substrate/Glints2/dict_0002_0132.uasset" 8059
"/Engine/EngineMaterials/Substrate/Glints2/dict_0002_0128" 8060
"../../../Engine/Content/EngineMaterials/Substrate/Glints2/dict_0002_0133.uasset" 8061
"/Engine/EngineMaterials/Substrate/Glints2/dict_0002_0127" 8062
"../../../Engine/Content/EngineMaterials/Substrate/Glints2/dict_0002_0131.uasset" 8063
"../../../Engine/Content/EngineMaterials/Substrate/Glints2/dict_0002_0134.uasset" 8064
"/Engine/EngineMaterials/Substrate/Glints2/dict_0002_0132" 8065
"/Engine/EngineMaterials/Substrate/Glints2/dict_0002_0125" 8066
"../../../Engine/Content/EngineMaterials/Substrate/Glints2/dict_0002_0139.uasset" 8067
"/Engine/EngineMaterials/Substrate/Glints2/dict_0002_0122" 8068
"/Engine/EngineMaterials/Substrate/Glints2/dict_0002_0130" 8069
"/Engine/EngineMaterials/Substrate/Glints2/dict_0002_0139" 8070
"../../../Engine/Content/EngineMaterials/Substrate/Glints2/dict_0002_0137.uasset" 8071
"/Engine/EngineMaterials/Substrate/Glints2/dict_0002_0134" 8072
"../../../Engine/Content/EngineMaterials/Substrate/Glints2/dict_0002_0136.uasset" 8073
"../../../Engine/Content/EngineMaterials/Substrate/Glints2/dict_0002_0135.uasset" 8074
"/Engine/EngineMaterials/Substrate/Glints2/dict_0002_0133" 8075
"/Engine/EngineMaterials/Substrate/Glints2/dict_0002_0131" 8076
"/Engine/EngineMaterials/Substrate/Glints2/dict_0002_0137" 8077
"/Engine/EngineMaterials/Substrate/Glints2/dict_0002_0136" 8078
"/Engine/EngineMaterials/Substrate/Glints2/dict_0002_0135" 8079
"../../../Engine/Content/EngineMaterials/Substrate/Glints2/dict_0002_0138.uasset" 8080
"../../../Engine/Content/EngineMaterials/Substrate/Glints2/dict_0002_0141.uasset" 8081
"../../../Engine/Content/EngineMaterials/Substrate/Glints2/dict_0002_0143.uasset" 8082
"../../../Engine/Content/EngineMaterials/Substrate/Glints2/dict_0002_0144.uasset" 8083
"../../../Engine/Content/EngineMaterials/Substrate/Glints2/dict_0002_0145.uasset" 8084
"../../../Engine/Content/EngineMaterials/Substrate/Glints2/dict_0002_0142.uasset" 8085
"../../../Engine/Content/EngineMaterials/Substrate/Glints2/dict_0002_0140.uasset" 8086
"../../../Engine/Content/EngineMaterials/Substrate/Glints2/dict_0002_0149.uasset" 8087
"../../../Engine/Content/EngineMaterials/Substrate/Glints2/dict_0002_0146.uasset" 8088
"../../../Engine/Content/EngineMaterials/Substrate/Glints2/dict_0002_0148.uasset" 8089
"../../../Engine/Content/EngineMaterials/Substrate/Glints2/dict_0002_0150.uasset" 8090
"/Engine/EngineMaterials/Substrate/Glints2/dict_0002_0142" 8091
"/Engine/EngineMaterials/Substrate/Glints2/dict_0002_0141" 8092
"/Engine/EngineMaterials/Substrate/Glints2/dict_0002_0140" 8093
"../../../Engine/Content/EngineMaterials/Substrate/Glints2/dict_0002_0152.uasset" 8094
"../../../Engine/Content/EngineMaterials/Substrate/Glints2/dict_0002_0151.uasset" 8095
"../../../Engine/Content/EngineMaterials/Substrate/Glints2/dict_0002_0147.uasset" 8096
"../../../Engine/Content/EngineMaterials/Substrate/Glints2/dict_0002_0153.uasset" 8097
"/Engine/EngineMaterials/Substrate/Glints2/dict_0002_0138" 8098
"/Engine/EngineMaterials/Substrate/Glints2/dict_0002_0149" 8099
"/Engine/EngineMaterials/Substrate/Glints2/dict_0002_0148" 8100
"/Engine/EngineMaterials/Substrate/Glints2/dict_0002_0146" 8101
"/Engine/EngineMaterials/Substrate/Glints2/dict_0002_0145" 8102
"/Engine/EngineMaterials/Substrate/Glints2/dict_0002_0144" 8103
"/Engine/EngineMaterials/Substrate/Glints2/dict_0002_0143" 8104
"/Engine/EngineMaterials/Substrate/Glints2/dict_0002_0153" 8105
"/Engine/EngineMaterials/Substrate/Glints2/dict_0002_0152" 8106
"/Engine/EngineMaterials/Substrate/Glints2/dict_0002_0151" 8107
"/Engine/EngineMaterials/Substrate/Glints2/dict_0002_0150" 8108
"/Engine/EngineMaterials/Substrate/Glints2/dict_0002_0147" 8109
"../../../Engine/Content/EngineMaterials/Substrate/Glints2/dict_0002_0154.uasset" 8110
"../../../Engine/Content/EngineMaterials/Substrate/Glints2/dict_0002_0156.uasset" 8111
"../../../Engine/Content/EngineMaterials/Substrate/Glints2/dict_0002_0155.uasset" 8112
"../../../Engine/Content/EngineMaterials/Substrate/Glints2/dict_0002_0157.uasset" 8113
"../../../Engine/Content/EngineMaterials/Substrate/Glints2/dict_0002_0159.uasset" 8114
"../../../Engine/Content/EngineMaterials/Substrate/Glints2/dict_0002_0160.uasset" 8115
"../../../Engine/Content/EngineMaterials/Substrate/Glints2/dict_0002_0162.uasset" 8116
"../../../Engine/Content/EngineMaterials/Substrate/Glints2/dict_0002_0163.uasset" 8117
"../../../Engine/Content/EngineMaterials/Substrate/Glints2/dict_0002_0158.uasset" 8118
"../../../Engine/Content/EngineMaterials/Substrate/Glints2/dict_0002_0168.uasset" 8119
"../../../Engine/Content/EngineMaterials/Substrate/Glints2/dict_0002_0164.uasset" 8120
"../../../Engine/Content/EngineMaterials/Substrate/Glints2/dict_0002_0161.uasset" 8121
"../../../Engine/Content/EngineMaterials/Substrate/Glints2/dict_0002_0165.uasset" 8122
"/Engine/EngineMaterials/Substrate/Glints2/dict_0002_0157" 8123
"/Engine/EngineMaterials/Substrate/Glints2/dict_0002_0163" 8124
"../../../Engine/Content/EngineMaterials/Substrate/Glints2/dict_0002_0166.uasset" 8125
"../../../Engine/Content/EngineMaterials/Substrate/Glints2/dict_0002_0167.uasset" 8126
"/Engine/EngineMaterials/Substrate/Glints2/dict_0002_0156" 8127
"/Engine/EngineMaterials/Substrate/Glints2/dict_0002_0162" 8128
"/Engine/EngineMaterials/Substrate/Glints2/dict_0002_0155" 8129
"/Engine/EngineMaterials/Substrate/Glints2/dict_0002_0154" 8130
"../../../Engine/Content/EngineMaterials/Substrate/Glints2/dict_0002_0169.uasset" 8131
"/Engine/EngineMaterials/Substrate/Glints2/dict_0002_0168" 8132
"/Engine/EngineMaterials/Substrate/Glints2/dict_0002_0165" 8133
"../../../Engine/Content/EngineMaterials/Substrate/Glints2/dict_0002_0170.uasset" 8134
"/Engine/EngineMaterials/Substrate/Glints2/dict_0002_0161" 8135
"/Engine/EngineMaterials/Substrate/Glints2/dict_0002_0160" 8136
"/Engine/EngineMaterials/Substrate/Glints2/dict_0002_0159" 8137
"/Engine/EngineMaterials/Substrate/Glints2/dict_0002_0164" 8138
"/Engine/EngineMaterials/Substrate/Glints2/dict_0002_0158" 8139
"/Engine/EngineMaterials/Substrate/Glints2/dict_0002_0167" 8140
"/Engine/EngineMaterials/Substrate/Glints2/dict_0002_0170" 8141
"../../../Engine/Content/EngineMaterials/Substrate/Glints2/dict_0002_0171.uasset" 8142
"/Engine/EngineMaterials/Substrate/Glints2/dict_0002_0169" 8143
"/Engine/EngineMaterials/Substrate/Glints2/dict_0002_0166" 8144
"/Engine/EngineMaterials/Substrate/Glints2/dict_0002_0171" 8145
"../../../Engine/Content/EngineMaterials/Substrate/Glints2/dict_0002_0177.uasset" 8146
"/Engine/EngineMaterials/Substrate/Glints2/dict_0002_0177" 8147
"../../../Engine/Content/EngineMaterials/Substrate/Glints2/dict_0002_0174.uasset" 8148
"../../../Engine/Content/EngineMaterials/Substrate/Glints2/dict_0002_0172.uasset" 8149
"../../../Engine/Content/EngineMaterials/Substrate/Glints2/dict_0002_0176.uasset" 8150
"../../../Engine/Content/EngineMaterials/Substrate/Glints2/dict_0002_0173.uasset" 8151
"../../../Engine/Content/EngineMaterials/Substrate/Glints2/dict_0002_0175.uasset" 8152
"../../../Engine/Content/EngineMaterials/Substrate/Glints2/dict_0002_0179.uasset" 8153
"../../../Engine/Content/EngineMaterials/Substrate/Glints2/dict_0002_0178.uasset" 8154
"../../../Engine/Content/EngineMaterials/Substrate/Glints2/dict_0002_0182.uasset" 8155
"../../../Engine/Content/EngineMaterials/Substrate/Glints2/dict_0002_0183.uasset" 8156
"../../../Engine/Content/EngineMaterials/Substrate/Glints2/dict_0002_0184.uasset" 8157
"../../../Engine/Content/EngineMaterials/Substrate/Glints2/dict_0002_0186.uasset" 8158
"../../../Engine/Content/EngineMaterials/Substrate/Glints2/dict_0002_0187.uasset" 8159
"../../../Engine/Content/EngineMaterials/Substrate/Glints2/dict_0002_0185.uasset" 8160
"../../../Engine/Content/EngineMaterials/Substrate/Glints2/dict_0002_0180.uasset" 8161
"../../../Engine/Content/EngineMaterials/Substrate/Glints2/dict_0002_0181.uasset" 8162
"/Engine/EngineMaterials/Substrate/Glints2/dict_0002_0185" 8163
"../../../Engine/Content/EngineMaterials/Substrate/Glints2/dict_0002_0188.uasset" 8164
"/Engine/EngineMaterials/Substrate/Glints2/dict_0002_0180" 8165
"/Engine/EngineMaterials/Substrate/Glints2/dict_0002_0184" 8166
"/Engine/EngineMaterials/Substrate/Glints2/dict_0002_0183" 8167
"/Engine/EngineMaterials/Substrate/Glints2/dict_0002_0179" 8168
"/Engine/EngineMaterials/Substrate/Glints2/dict_0002_0178" 8169
"/Engine/EngineMaterials/Substrate/Glints2/dict_0002_0182" 8170
"/Engine/EngineMaterials/Substrate/Glints2/dict_0002_0176" 8171
"/Engine/EngineMaterials/Substrate/Glints2/dict_0002_0175" 8172
"/Engine/EngineMaterials/Substrate/Glints2/dict_0002_0181" 8173
"/Engine/EngineMaterials/Substrate/Glints2/dict_0002_0174" 8174
"/Engine/EngineMaterials/Substrate/Glints2/dict_0002_0173" 8175
"/Engine/EngineMaterials/Substrate/Glints2/dict_0002_0187" 8176
"/Engine/EngineMaterials/Substrate/Glints2/dict_0002_0172" 8177
"/Engine/EngineMaterials/Substrate/Glints2/dict_0002_0186" 8178
"../../../Engine/Content/EngineMaterials/Substrate/Glints2/dict_0002_0190.uasset" 8179
"../../../Engine/Content/EngineMaterials/Substrate/Glints2/dict_0002_0197.uasset" 8180
"../../../Engine/Content/EngineMaterials/Substrate/Glints2/dict_0002_0194.uasset" 8181
"../../../Engine/Content/EngineMaterials/Substrate/Glints2/dict_0002_0189.uasset" 8182
"../../../Engine/Content/EngineMaterials/Substrate/Glints2/dict_0002_0195.uasset" 8183
"../../../Engine/Content/EngineMaterials/Substrate/Glints2/dict_0002_0196.uasset" 8184
"../../../Engine/Content/EngineMaterials/Substrate/Glints2/dict_0002_0198.uasset" 8185
"../../../Engine/Content/EngineMaterials/Substrate/Glints2/dict_0002_0193.uasset" 8186
"../../../Engine/Content/EngineMaterials/Substrate/Glints2/dict_0002_0192.uasset" 8187
"/Engine/EngineMaterials/Substrate/Glints2/dict_0002_0198" 8188
"/Engine/EngineMaterials/Substrate/Glints2/dict_0002_0197" 8189
"/Engine/EngineMaterials/Substrate/Glints2/dict_0002_0196" 8190
"/Engine/EngineMaterials/Substrate/Glints2/dict_0002_0195" 8191
"/Engine/EngineMaterials/Substrate/Glints2/dict_0002_0194" 8192
"../../../Engine/Content/EngineMaterials/Substrate/Glints2/dict_0002_0191.uasset" 8193
"/Engine/EngineMaterials/Substrate/Glints2/dict_0002_0193" 8194
"/Engine/EngineMaterials/Substrate/Glints2/dict_0002_0192" 8195
"/Engine/EngineMaterials/Substrate/Glints2/dict_0002_0190" 8196
"/Engine/EngineMaterials/Substrate/Glints2/dict_0002_0189" 8197
"/Engine/EngineMaterials/Substrate/Glints2/dict_0002_0188" 8198
"/Engine/EngineMaterials/Substrate/Glints2/dict_0002_0191" 8199
"../../../Engine/Content/EngineMaterials/Substrate/Glints2/dict_0002_0201.uasset" 8200
"../../../Engine/Content/EngineMaterials/Substrate/Glints2/dict_0002_0199.uasset" 8201
"../../../Engine/Content/EngineMaterials/Substrate/Glints2/dict_0002_0205.uasset" 8202
"/Engine/EngineMaterials/Substrate/Glints2/dict_0002_0201" 8203
"../../../Engine/Content/EngineMaterials/Substrate/Glints2/dict_0002_0203.uasset" 8204
"../../../Engine/Content/EngineMaterials/Substrate/Glints2/dict_0002_0204.uasset" 8205
"/Engine/EngineMaterials/Substrate/Glints2/dict_0002_0199" 8206
"../../../Engine/Content/EngineMaterials/Substrate/Glints2/dict_0002_0202.uasset" 8207
"/Engine/EngineMaterials/Substrate/Glints2/dict_0002_0205" 8208
"/Engine/EngineMaterials/Substrate/Glints2/dict_0002_0202" 8209
"/Engine/EngineMaterials/Substrate/Glints2/dict_0002_0204" 8210
"/Engine/EngineMaterials/Substrate/Glints2/dict_0002_0203" 8211
"../../../Engine/Content/EngineMaterials/Substrate/Glints2/dict_0002_0200.uasset" 8212
"../../../Engine/Content/EngineMaterials/Substrate/Glints2/dict_0002_0208.uasset" 8213
"../../../Engine/Content/EngineMaterials/Substrate/Glints2/dict_0002_0209.uasset" 8214
"../../../Engine/Content/EngineMaterials/Substrate/Glints2/dict_0002_0206.uasset" 8215
"../../../Engine/Content/EngineMaterials/Substrate/Glints2/dict_0002_0207.uasset" 8216
"../../../Engine/Content/EngineMaterials/Substrate/Glints2/dict_0002_0210.uasset" 8217
"../../../Engine/Content/EngineMaterials/Substrate/Glints2/dict_0002_0212.uasset" 8218
"../../../Engine/Content/EngineMaterials/Substrate/Glints2/dict_0002_0213.uasset" 8219
"/Engine/EngineMaterials/Substrate/Glints2/dict_0002_0200" 8220
"/Engine/EngineMaterials/Substrate/Glints2/dict_0002_0212" 8221
"/Engine/EngineMaterials/Substrate/Glints2/dict_0002_0210" 8222
"../../../Engine/Content/EngineMaterials/Substrate/Glints2/dict_0002_0216.uasset" 8223
"../../../Engine/Content/EngineMaterials/Substrate/Glints2/dict_0002_0214.uasset" 8224
"../../../Engine/Content/EngineMaterials/Substrate/Glints2/dict_0002_0215.uasset" 8225
"../../../Engine/Content/EngineMaterials/Substrate/Glints2/dict_0002_0217.uasset" 8226
"../../../Engine/Content/EngineMaterials/Substrate/Glints2/dict_0002_0211.uasset" 8227
"/Engine/EngineMaterials/Substrate/Glints2/dict_0002_0209" 8228
"/Engine/EngineMaterials/Substrate/Glints2/dict_0002_0208" 8229
"/Engine/EngineMaterials/Substrate/Glints2/dict_0002_0207" 8230
"/Engine/EngineMaterials/Substrate/Glints2/dict_0002_0206" 8231
"/Engine/EngineMaterials/Substrate/Glints2/dict_0002_0217" 8232
"../../../Engine/Content/EngineMaterials/Substrate/Glints2/dict_0002_0219.uasset" 8233
"../../../Engine/Content/EngineMaterials/Substrate/Glints2/dict_0002_0220.uasset" 8234
"../../../Engine/Content/EngineMaterials/Substrate/Glints2/dict_0002_0218.uasset" 8235
"/Engine/EngineMaterials/Substrate/Glints2/dict_0002_0216" 8236
"../../../Engine/Content/EngineMaterials/Substrate/Glints2/dict_0002_0222.uasset" 8237
"../../../Engine/Content/EngineMaterials/Substrate/Glints2/dict_0002_0221.uasset" 8238
"../../../Engine/Content/EngineMaterials/Substrate/Glints2/dict_0002_0223.uasset" 8239
"/Engine/EngineMaterials/Substrate/Glints2/dict_0002_0215" 8240
"/Engine/EngineMaterials/Substrate/Glints2/dict_0002_0214" 8241
"/Engine/EngineMaterials/Substrate/Glints2/dict_0002_0213" 8242
"/Engine/EngineMaterials/Substrate/Glints2/dict_0002_0211" 8243
"/Engine/EngineMaterials/Substrate/Glints2/dict_0002_0219" 8244
"/Engine/EngineMaterials/Substrate/Glints2/dict_0002_0218" 8245
"/Engine/EngineMaterials/Substrate/Glints2/dict_0002_0223" 8246
"/Engine/EngineMaterials/Substrate/Glints2/dict_0002_0222" 8247
"../../../Engine/Content/EngineMaterials/Substrate/Glints2/dict_0002_0225.uasset" 8248
"/Engine/EngineMaterials/Substrate/Glints2/dict_0002_0221" 8249
"../../../Engine/Content/EngineMaterials/Substrate/Glints2/dict_0002_0224.uasset" 8250
"/Engine/EngineMaterials/Substrate/Glints2/dict_0002_0220" 8251
"../../../Engine/Content/EngineMaterials/Substrate/Glints2/dict_0002_0229.uasset" 8252
"../../../Engine/Content/EngineMaterials/Substrate/Glints2/dict_0002_0230.uasset" 8253
"../../../Engine/Content/EngineMaterials/Substrate/Glints2/dict_0002_0226.uasset" 8254
"/Engine/EngineMaterials/Substrate/Glints2/dict_0002_0229" 8255
"/Engine/EngineMaterials/Substrate/Glints2/dict_0002_0226" 8256
"../../../Engine/Content/EngineMaterials/Substrate/Glints2/dict_0002_0231.uasset" 8257
"/Engine/EngineMaterials/Substrate/Glints2/dict_0002_0225" 8258
"/Engine/EngineMaterials/Substrate/Glints2/dict_0002_0224" 8259
"/Engine/EngineMaterials/Substrate/Glints2/dict_0002_0230" 8260
"../../../Engine/Content/EngineMaterials/Substrate/Glints2/dict_0002_0228.uasset" 8261
"/Engine/EngineMaterials/Substrate/Glints2/dict_0002_0228" 8262
"/Engine/EngineMaterials/Substrate/Glints2/dict_0002_0231" 8263
"../../../Engine/Content/EngineMaterials/Substrate/Glints2/dict_0002_0227.uasset" 8264
"../../../Engine/Content/EngineMaterials/Substrate/Glints2/dict_0002_0233.uasset" 8265
"../../../Engine/Content/EngineMaterials/Substrate/Glints2/dict_0002_0235.uasset" 8266
"../../../Engine/Content/EngineMaterials/Substrate/Glints2/dict_0002_0236.uasset" 8267
"../../../Engine/Content/EngineMaterials/Substrate/Glints2/dict_0002_0234.uasset" 8268
"../../../Engine/Content/EngineMaterials/Substrate/Glints2/dict_0002_0238.uasset" 8269
"/Engine/EngineMaterials/Substrate/Glints2/dict_0002_0227" 8270
"../../../Engine/Content/EngineMaterials/Substrate/Glints2/dict_0002_0232.uasset" 8271
"../../../Engine/Content/EngineMaterials/Substrate/Glints2/dict_0002_0237.uasset" 8272
"../../../Engine/Content/EngineMaterials/Substrate/Glints2/dict_0002_0239.uasset" 8273
"/Engine/EngineMaterials/Substrate/Glints2/dict_0002_0236" 8274
"../../../Engine/Content/EngineMaterials/Substrate/Glints2/dict_0002_0240.uasset" 8275
"/Engine/EngineMaterials/Substrate/Glints2/dict_0002_0235" 8276
"../../../Engine/Content/EngineMaterials/Substrate/Glints2/dict_0002_0242.uasset" 8277
"../../../Engine/Content/EngineMaterials/Substrate/Glints2/dict_0002_0243.uasset" 8278
"../../../Engine/Content/EngineMaterials/Substrate/Glints2/dict_0002_0241.uasset" 8279
"/Engine/EngineMaterials/Substrate/Glints2/dict_0002_0233" 8280
"/Engine/EngineMaterials/Substrate/Glints2/dict_0002_0238" 8281
"/Engine/EngineMaterials/Substrate/Glints2/dict_0002_0234" 8282
"/Engine/EngineMaterials/Substrate/Glints2/dict_0002_0243" 8283
"/Engine/EngineMaterials/Substrate/Glints2/dict_0002_0242" 8284
"/Engine/EngineMaterials/Substrate/Glints2/dict_0002_0232" 8285
"/Engine/EngineMaterials/Substrate/Glints2/dict_0002_0241" 8286
"/Engine/EngineMaterials/Substrate/Glints2/dict_0002_0240" 8287
"/Engine/EngineMaterials/Substrate/Glints2/dict_0002_0239" 8288
"/Engine/EngineMaterials/Substrate/Glints2/dict_0002_0237" 8289
"../../../Engine/Content/EngineMaterials/Substrate/Glints2/dict_0002_0244.uasset" 8290
"../../../Engine/Content/EngineMaterials/Substrate/Glints2/dict_0002_0245.uasset" 8291
"../../../Engine/Content/EngineMaterials/Substrate/Glints2/dict_0002_0248.uasset" 8292
"../../../Engine/Content/EngineMaterials/Substrate/Glints2/dict_0002_0247.uasset" 8293
"../../../Engine/Content/EngineMaterials/Substrate/Glints2/dict_0002_0246.uasset" 8294
"../../../Engine/Content/EngineMaterials/Substrate/Glints2/dict_0002_0252.uasset" 8295
"../../../Engine/Content/EngineMaterials/Substrate/Glints2/dict_0002_0249.uasset" 8296
"../../../Engine/Content/EngineMaterials/Substrate/Glints2/dict_0002_0251.uasset" 8297
"../../../Engine/Content/EngineMaterials/Substrate/Glints2/dict_0002_0250.uasset" 8298
"../../../Engine/Content/EngineMaterials/Substrate/Glints2/dict_0002_0254.uasset" 8299
"../../../Engine/Content/EngineMaterials/Substrate/Glints2/dict_0002_0255.uasset" 8300
"../../../Engine/Content/EngineMaterials/Substrate/Glints2/dict_0003_0000.uasset" 8301
"../../../Engine/Content/EngineMaterials/Substrate/Glints2/dict_0002_0253.uasset" 8302
"../../../Engine/Content/EngineMaterials/Substrate/Glints2/dict_0003_0001.uasset" 8303
"/Engine/EngineMaterials/Substrate/Glints2/dict_0003_0001" 8304
"/Engine/EngineMaterials/Substrate/Glints2/dict_0002_0255" 8305
"/Engine/EngineMaterials/Substrate/Glints2/dict_0002_0254" 8306
"../../../Engine/Content/EngineMaterials/Substrate/Glints2/dict_0003_0002.uasset" 8307
"/Engine/EngineMaterials/Substrate/Glints2/dict_0002_0249" 8308
"/Engine/EngineMaterials/Substrate/Glints2/dict_0002_0248" 8309
"/Engine/EngineMaterials/Substrate/Glints2/dict_0002_0247" 8310
"../../../Engine/Content/EngineMaterials/Substrate/Glints2/dict_0003_0003.uasset" 8311
"/Engine/EngineMaterials/Substrate/Glints2/dict_0002_0246" 8312
"/Engine/EngineMaterials/Substrate/Glints2/dict_0002_0245" 8313
"/Engine/EngineMaterials/Substrate/Glints2/dict_0002_0253" 8314
"/Engine/EngineMaterials/Substrate/Glints2/dict_0003_0000" 8315
"/Engine/EngineMaterials/Substrate/Glints2/dict_0002_0252" 8316
"/Engine/EngineMaterials/Substrate/Glints2/dict_0002_0244" 8317
"../../../Engine/Content/EngineMaterials/Substrate/Glints2/dict_0003_0004.uasset" 8318
"../../../Engine/Content/EngineMaterials/Substrate/Glints2/dict_0003_0005.uasset" 8319
"../../../Engine/Content/EngineMaterials/Substrate/Glints2/dict_0003_0006.uasset" 8320
"/Engine/EngineMaterials/Substrate/Glints2/dict_0002_0251" 8321
"/Engine/EngineMaterials/Substrate/Glints2/dict_0002_0250" 8322
"/Engine/EngineMaterials/Substrate/Glints2/dict_0003_0004" 8323
"/Engine/EngineMaterials/Substrate/Glints2/dict_0003_0006" 8324
"/Engine/EngineMaterials/Substrate/Glints2/dict_0003_0003" 8325
"/Engine/EngineMaterials/Substrate/Glints2/dict_0003_0002" 8326
"/Engine/EngineMaterials/Substrate/Glints2/dict_0003_0005" 8327
"../../../Engine/Content/EngineMaterials/Substrate/Glints2/dict_0003_0009.uasset" 8328
"../../../Engine/Content/EngineMaterials/Substrate/Glints2/dict_0003_0013.uasset" 8329
"../../../Engine/Content/EngineMaterials/Substrate/Glints2/dict_0003_0010.uasset" 8330
"../../../Engine/Content/EngineMaterials/Substrate/Glints2/dict_0003_0014.uasset" 8331
"../../../Engine/Content/EngineMaterials/Substrate/Glints2/dict_0003_0012.uasset" 8332
"../../../Engine/Content/EngineMaterials/Substrate/Glints2/dict_0003_0015.uasset" 8333
"../../../Engine/Content/EngineMaterials/Substrate/Glints2/dict_0003_0007.uasset" 8334
"../../../Engine/Content/EngineMaterials/Substrate/Glints2/dict_0003_0011.uasset" 8335
"../../../Engine/Content/EngineMaterials/Substrate/Glints2/dict_0003_0008.uasset" 8336
"/Engine/EngineMaterials/Substrate/Glints2/dict_0003_0012" 8337
"/Engine/EngineMaterials/Substrate/Glints2/dict_0003_0011" 8338
"/Engine/EngineMaterials/Substrate/Glints2/dict_0003_0010" 8339
"/Engine/EngineMaterials/Substrate/Glints2/dict_0003_0009" 8340
"../../../Engine/Content/EngineMaterials/Substrate/Glints2/dict_0003_0017.uasset" 8341
"/Engine/EngineMaterials/Substrate/Glints2/dict_0003_0015" 8342
"../../../Engine/Content/EngineMaterials/Substrate/Glints2/dict_0003_0019.uasset" 8343
"../../../Engine/Content/EngineMaterials/Substrate/Glints2/dict_0003_0018.uasset" 8344
"/Engine/EngineMaterials/Substrate/Glints2/dict_0003_0014" 8345
"/Engine/EngineMaterials/Substrate/Glints2/dict_0003_0008" 8346
"../../../Engine/Content/EngineMaterials/Substrate/Glints2/dict_0003_0020.uasset" 8347
"/Engine/EngineMaterials/Substrate/Glints2/dict_0003_0013" 8348
"/Engine/EngineMaterials/Substrate/Glints2/dict_0003_0007" 8349
"/Engine/EngineMaterials/Substrate/Glints2/dict_0003_0019" 8350
"../../../Engine/Content/EngineMaterials/Substrate/Glints2/dict_0003_0021.uasset" 8351
"/Engine/EngineMaterials/Substrate/Glints2/dict_0003_0018" 8352
"../../../Engine/Content/EngineMaterials/Substrate/Glints2/dict_0003_0022.uasset" 8353
"../../../Engine/Content/EngineMaterials/Substrate/Glints2/dict_0003_0024.uasset" 8354
"../../../Engine/Content/EngineMaterials/Substrate/Glints2/dict_0003_0023.uasset" 8355
"/Engine/EngineMaterials/Substrate/Glints2/dict_0003_0017" 8356
"/Engine/EngineMaterials/Substrate/Glints2/dict_0003_0020" 8357
"/Engine/EngineMaterials/Substrate/Glints2/dict_0003_0024" 8358
"/Engine/EngineMaterials/Substrate/Glints2/dict_0003_0023" 8359
"/Engine/EngineMaterials/Substrate/Glints2/dict_0003_0022" 8360
"/Engine/EngineMaterials/Substrate/Glints2/dict_0003_0021" 8361
"../../../Engine/Content/EngineMaterials/Substrate/Glints2/dict_0003_0026.uasset" 8362
"../../../Engine/Content/EngineMaterials/Substrate/Glints2/dict_0003_0029.uasset" 8363
"../../../Engine/Content/EngineMaterials/Substrate/Glints2/dict_0003_0027.uasset" 8364
"../../../Engine/Content/EngineMaterials/Substrate/Glints2/dict_0003_0025.uasset" 8365
"../../../Engine/Content/EngineMaterials/Substrate/Glints2/dict_0003_0028.uasset" 8366
"../../../Engine/Content/EngineMaterials/Substrate/Glints2/dict_0003_0030.uasset" 8367
"../../../Engine/Content/EngineMaterials/Substrate/Glints2/dict_0003_0031.uasset" 8368
"../../../Engine/Content/EngineMaterials/Substrate/Glints2/dict_0003_0016.uasset" 8369
"../../../Engine/Content/EngineMaterials/Substrate/Glints2/dict_0003_0034.uasset" 8370
"../../../Engine/Content/EngineMaterials/Substrate/Glints2/dict_0003_0036.uasset" 8371
"../../../Engine/Content/EngineMaterials/Substrate/Glints2/dict_0003_0037.uasset" 8372
"/Engine/EngineMaterials/Substrate/Glints2/dict_0003_0031" 8373
"../../../Engine/Content/EngineMaterials/Substrate/Glints2/dict_0003_0032.uasset" 8374
"../../../Engine/Content/EngineMaterials/Substrate/Glints2/dict_0003_0038.uasset" 8375
"../../../Engine/Content/EngineMaterials/Substrate/Glints2/dict_0003_0035.uasset" 8376
"/Engine/EngineMaterials/Substrate/Glints2/dict_0003_0030" 8377
"../../../Engine/Content/EngineMaterials/Substrate/Glints2/dict_0003_0033.uasset" 8378
"/Engine/EngineMaterials/Substrate/Glints2/dict_0003_0029" 8379
"/Engine/EngineMaterials/Substrate/Glints2/dict_0003_0028" 8380
"/Engine/EngineMaterials/Substrate/Glints2/dict_0003_0027" 8381
"../../../Engine/Content/EngineMaterials/Substrate/Glints2/dict_0003_0039.uasset" 8382
"/Engine/EngineMaterials/Substrate/Glints2/dict_0003_0026" 8383
"../../../Engine/Content/EngineMaterials/Substrate/Glints2/dict_0003_0041.uasset" 8384
"../../../Engine/Content/EngineMaterials/Substrate/Glints2/dict_0003_0040.uasset" 8385
"/Engine/EngineMaterials/Substrate/Glints2/dict_0003_0025" 8386
"/Engine/EngineMaterials/Substrate/Glints2/dict_0003_0016" 8387
"/Engine/EngineMaterials/Substrate/Glints2/dict_0003_0034" 8388
"/Engine/EngineMaterials/Substrate/Glints2/dict_0003_0038" 8389
"/Engine/EngineMaterials/Substrate/Glints2/dict_0003_0037" 8390
"/Engine/EngineMaterials/Substrate/Glints2/dict_0003_0036" 8391
"/Engine/EngineMaterials/Substrate/Glints2/dict_0003_0035" 8392
"/Engine/EngineMaterials/Substrate/Glints2/dict_0003_0033" 8393
"/Engine/EngineMaterials/Substrate/Glints2/dict_0003_0032" 8394
"../../../Engine/Content/EngineMaterials/Substrate/Glints2/dict_0003_0046.uasset" 8395
"../../../Engine/Content/EngineMaterials/Substrate/Glints2/dict_0003_0047.uasset" 8396
"../../../Engine/Content/EngineMaterials/Substrate/Glints2/dict_0003_0045.uasset" 8397
"/Engine/EngineMaterials/Substrate/Glints2/dict_0003_0041" 8398
"/Engine/EngineMaterials/Substrate/Glints2/dict_0003_0040" 8399
"../../../Engine/Content/EngineMaterials/Substrate/Glints2/dict_0003_0044.uasset" 8400
"/Engine/EngineMaterials/Substrate/Glints2/dict_0003_0039" 8401
"../../../Engine/Content/EngineMaterials/Substrate/Glints2/dict_0003_0048.uasset" 8402
"../../../Engine/Content/EngineMaterials/Substrate/Glints2/dict_0003_0042.uasset" 8403
"../../../Engine/Content/EngineMaterials/Substrate/Glints2/dict_0003_0043.uasset" 8404
"../../../Engine/Content/EngineMaterials/Substrate/Glints2/dict_0003_0054.uasset" 8405
"../../../Engine/Content/EngineMaterials/Substrate/Glints2/dict_0003_0053.uasset" 8406
"../../../Engine/Content/EngineMaterials/Substrate/Glints2/dict_0003_0050.uasset" 8407
"/Engine/EngineMaterials/Substrate/Glints2/dict_0003_0047" 8408
"../../../Engine/Content/EngineMaterials/Substrate/Glints2/dict_0003_0049.uasset" 8409
"../../../Engine/Content/EngineMaterials/Substrate/Glints2/dict_0003_0051.uasset" 8410
"/Engine/EngineMaterials/Substrate/Glints2/dict_0003_0046" 8411
"/Engine/EngineMaterials/Substrate/Glints2/dict_0003_0045" 8412
"/Engine/EngineMaterials/Substrate/Glints2/dict_0003_0044" 8413
"/Engine/EngineMaterials/Substrate/Glints2/dict_0003_0050" 8414
"/Engine/EngineMaterials/Substrate/Glints2/dict_0003_0054" 8415
"/Engine/EngineMaterials/Substrate/Glints2/dict_0003_0053" 8416
"/Engine/EngineMaterials/Substrate/Glints2/dict_0003_0043" 8417
"/Engine/EngineMaterials/Substrate/Glints2/dict_0003_0048" 8418
"../../../Engine/Content/EngineMaterials/Substrate/Glints2/dict_0003_0052.uasset" 8419
"/Engine/EngineMaterials/Substrate/Glints2/dict_0003_0042" 8420
"/Engine/EngineMaterials/Substrate/Glints2/dict_0003_0051" 8421
"/Engine/EngineMaterials/Substrate/Glints2/dict_0003_0049" 8422
"/Engine/EngineMaterials/Substrate/Glints2/dict_0003_0052" 8423
"../../../Engine/Content/EngineMaterials/Substrate/Glints2/dict_0003_0059.uasset" 8424
"../../../Engine/Content/EngineMaterials/Substrate/Glints2/dict_0003_0057.uasset" 8425
"../../../Engine/Content/EngineMaterials/Substrate/Glints2/dict_0003_0060.uasset" 8426
"../../../Engine/Content/EngineMaterials/Substrate/Glints2/dict_0003_0064.uasset" 8427
"../../../Engine/Content/EngineMaterials/Substrate/Glints2/dict_0003_0055.uasset" 8428
"../../../Engine/Content/EngineMaterials/Substrate/Glints2/dict_0003_0061.uasset" 8429
"../../../Engine/Content/EngineMaterials/Substrate/Glints2/dict_0003_0062.uasset" 8430
"../../../Engine/Content/EngineMaterials/Substrate/Glints2/dict_0003_0056.uasset" 8431
"../../../Engine/Content/EngineMaterials/Substrate/Glints2/dict_0003_0058.uasset" 8432
"../../../Engine/Content/EngineMaterials/Substrate/Glints2/dict_0003_0065.uasset" 8433
"../../../Engine/Content/EngineMaterials/Substrate/Glints2/dict_0003_0063.uasset" 8434
"../../../Engine/Content/EngineMaterials/Substrate/Glints2/dict_0003_0066.uasset" 8435
"/Engine/EngineMaterials/Substrate/Glints2/dict_0003_0064" 8436
"/Engine/EngineMaterials/Substrate/Glints2/dict_0003_0062" 8437
"/Engine/EngineMaterials/Substrate/Glints2/dict_0003_0061" 8438
"/Engine/EngineMaterials/Substrate/Glints2/dict_0003_0060" 8439
"../../../Engine/Content/EngineMaterials/Substrate/Glints2/dict_0003_0067.uasset" 8440
"/Engine/EngineMaterials/Substrate/Glints2/dict_0003_0059" 8441
"../../../Engine/Content/EngineMaterials/Substrate/Glints2/dict_0003_0070.uasset" 8442
"/Engine/EngineMaterials/Substrate/Glints2/dict_0003_0058" 8443
"/Engine/EngineMaterials/Substrate/Glints2/dict_0003_0055" 8444
"/Engine/EngineMaterials/Substrate/Glints2/dict_0003_0057" 8445
"/Engine/EngineMaterials/Substrate/Glints2/dict_0003_0056" 8446
"/Engine/EngineMaterials/Substrate/Glints2/dict_0003_0070" 8447
"/Engine/EngineMaterials/Substrate/Glints2/dict_0003_0063" 8448
"/Engine/EngineMaterials/Substrate/Glints2/dict_0003_0067" 8449
"/Engine/EngineMaterials/Substrate/Glints2/dict_0003_0066" 8450
"/Engine/EngineMaterials/Substrate/Glints2/dict_0003_0065" 8451
"../../../Engine/Content/EngineMaterials/Substrate/Glints2/dict_0003_0075.uasset" 8452
"../../../Engine/Content/EngineMaterials/Substrate/Glints2/dict_0003_0071.uasset" 8453
"../../../Engine/Content/EngineMaterials/Substrate/Glints2/dict_0003_0074.uasset" 8454
"../../../Engine/Content/EngineMaterials/Substrate/Glints2/dict_0003_0069.uasset" 8455
"../../../Engine/Content/EngineMaterials/Substrate/Glints2/dict_0003_0078.uasset" 8456
"../../../Engine/Content/EngineMaterials/Substrate/Glints2/dict_0003_0073.uasset" 8457
"../../../Engine/Content/EngineMaterials/Substrate/Glints2/dict_0003_0076.uasset" 8458
"../../../Engine/Content/EngineMaterials/Substrate/Glints2/dict_0003_0068.uasset" 8459
"../../../Engine/Content/EngineMaterials/Substrate/Glints2/dict_0003_0077.uasset" 8460
"../../../Engine/Content/EngineMaterials/Substrate/Glints2/dict_0003_0081.uasset" 8461
"../../../Engine/Content/EngineMaterials/Substrate/Glints2/dict_0003_0079.uasset" 8462
"/Engine/EngineMaterials/Substrate/Glints2/dict_0003_0073" 8463
"../../../Engine/Content/EngineMaterials/Substrate/Glints2/dict_0003_0080.uasset" 8464
"/Engine/EngineMaterials/Substrate/Glints2/dict_0003_0071" 8465
"/Engine/EngineMaterials/Substrate/Glints2/dict_0003_0069" 8466
"/Engine/EngineMaterials/Substrate/Glints2/dict_0003_0068" 8467
"/Engine/EngineMaterials/Substrate/Glints2/dict_0003_0081" 8468
"/Engine/EngineMaterials/Substrate/Glints2/dict_0003_0079" 8469
"/Engine/EngineMaterials/Substrate/Glints2/dict_0003_0078" 8470
"/Engine/EngineMaterials/Substrate/Glints2/dict_0003_0077" 8471
"/Engine/EngineMaterials/Substrate/Glints2/dict_0003_0076" 8472
"/Engine/EngineMaterials/Substrate/Glints2/dict_0003_0075" 8473
"/Engine/EngineMaterials/Substrate/Glints2/dict_0003_0074" 8474
"/Engine/EngineMaterials/Substrate/Glints2/dict_0003_0080" 8475
"../../../Engine/Content/EngineMaterials/Substrate/Glints2/dict_0003_0082.uasset" 8476
"../../../Engine/Content/EngineMaterials/Substrate/Glints2/dict_0003_0087.uasset" 8477
"../../../Engine/Content/EngineMaterials/Substrate/Glints2/dict_0003_0072.uasset" 8478
"../../../Engine/Content/EngineMaterials/Substrate/Glints2/dict_0003_0084.uasset" 8479
"../../../Engine/Content/EngineMaterials/Substrate/Glints2/dict_0003_0083.uasset" 8480
"../../../Engine/Content/EngineMaterials/Substrate/Glints2/dict_0003_0088.uasset" 8481
"../../../Engine/Content/EngineMaterials/Substrate/Glints2/dict_0003_0089.uasset" 8482
"../../../Engine/Content/EngineMaterials/Substrate/Glints2/dict_0003_0085.uasset" 8483
"../../../Engine/Content/EngineMaterials/Substrate/Glints2/dict_0003_0086.uasset" 8484
"../../../Engine/Content/EngineMaterials/Substrate/Glints2/dict_0003_0092.uasset" 8485
"../../../Engine/Content/EngineMaterials/Substrate/Glints2/dict_0003_0096.uasset" 8486
"../../../Engine/Content/EngineMaterials/Substrate/Glints2/dict_0003_0095.uasset" 8487
"../../../Engine/Content/EngineMaterials/Substrate/Glints2/dict_0003_0094.uasset" 8488
"../../../Engine/Content/EngineMaterials/Substrate/Glints2/dict_0003_0097.uasset" 8489
"/Engine/EngineMaterials/Substrate/Glints2/dict_0003_0072" 8490
"../../../Engine/Content/EngineMaterials/Substrate/Glints2/dict_0003_0093.uasset" 8491
"../../../Engine/Content/EngineMaterials/Substrate/Glints2/dict_0003_0091.uasset" 8492
"/Engine/EngineMaterials/Substrate/Glints2/dict_0003_0083" 8493
"../../../Engine/Content/EngineMaterials/Substrate/Glints2/dict_0003_0090.uasset" 8494
"/Engine/EngineMaterials/Substrate/Glints2/dict_0003_0095" 8495
"/Engine/EngineMaterials/Substrate/Glints2/dict_0003_0094" 8496
"/Engine/EngineMaterials/Substrate/Glints2/dict_0003_0092" 8497
"/Engine/EngineMaterials/Substrate/Glints2/dict_0003_0082" 8498
"/Engine/EngineMaterials/Substrate/Glints2/dict_0003_0086" 8499
"/Engine/EngineMaterials/Substrate/Glints2/dict_0003_0085" 8500
"/Engine/EngineMaterials/Substrate/Glints2/dict_0003_0089" 8501
"../../../Engine/Content/EngineMaterials/Substrate/Glints2/dict_0003_0098.uasset" 8502
"../../../Engine/Content/EngineMaterials/Substrate/Glints2/dict_0003_0100.uasset" 8503
"../../../Engine/Content/EngineMaterials/Substrate/Glints2/dict_0003_0099.uasset" 8504
"/Engine/EngineMaterials/Substrate/Glints2/dict_0003_0084" 8505
"/Engine/EngineMaterials/Substrate/Glints2/dict_0003_0088" 8506
"/Engine/EngineMaterials/Substrate/Glints2/dict_0003_0097" 8507
"/Engine/EngineMaterials/Substrate/Glints2/dict_0003_0087" 8508
"../../../Engine/Content/EngineMaterials/Substrate/Glints2/dict_0003_0101.uasset" 8509
"/Engine/EngineMaterials/Substrate/Glints2/dict_0003_0096" 8510
"/Engine/EngineMaterials/Substrate/Glints2/dict_0003_0100" 8511
"/Engine/EngineMaterials/Substrate/Glints2/dict_0003_0099" 8512
"/Engine/EngineMaterials/Substrate/Glints2/dict_0003_0093" 8513
"/Engine/EngineMaterials/Substrate/Glints2/dict_0003_0091" 8514
"/Engine/EngineMaterials/Substrate/Glints2/dict_0003_0090" 8515
"/Engine/EngineMaterials/Substrate/Glints2/dict_0003_0101" 8516
"/Engine/EngineMaterials/Substrate/Glints2/dict_0003_0098" 8517
"../../../Engine/Content/EngineMaterials/Substrate/Glints2/dict_0003_0103.uasset" 8518
"../../../Engine/Content/EngineMaterials/Substrate/Glints2/dict_0003_0104.uasset" 8519
"../../../Engine/Content/EngineMaterials/Substrate/Glints2/dict_0003_0109.uasset" 8520
"../../../Engine/Content/EngineMaterials/Substrate/Glints2/dict_0003_0107.uasset" 8521
"../../../Engine/Content/EngineMaterials/Substrate/Glints2/dict_0003_0110.uasset" 8522
"../../../Engine/Content/EngineMaterials/Substrate/Glints2/dict_0003_0108.uasset" 8523
"../../../Engine/Content/EngineMaterials/Substrate/Glints2/dict_0003_0111.uasset" 8524
"../../../Engine/Content/EngineMaterials/Substrate/Glints2/dict_0003_0105.uasset" 8525
"../../../Engine/Content/EngineMaterials/Substrate/Glints2/dict_0003_0112.uasset" 8526
"../../../Engine/Content/EngineMaterials/Substrate/Glints2/dict_0003_0116.uasset" 8527
"../../../Engine/Content/EngineMaterials/Substrate/Glints2/dict_0003_0114.uasset" 8528
"/Engine/EngineMaterials/Substrate/Glints2/dict_0003_0111" 8529
"../../../Engine/Content/EngineMaterials/Substrate/Glints2/dict_0003_0106.uasset" 8530
"/Engine/EngineMaterials/Substrate/Glints2/dict_0003_0110" 8531
"../../../Engine/Content/EngineMaterials/Substrate/Glints2/dict_0003_0113.uasset" 8532
"../../../Engine/Content/EngineMaterials/Substrate/Glints2/dict_0003_0115.uasset" 8533
"/Engine/EngineMaterials/Substrate/Glints2/dict_0003_0109" 8534
"/Engine/EngineMaterials/Substrate/Glints2/dict_0003_0108" 8535
"/Engine/EngineMaterials/Substrate/Glints2/dict_0003_0107" 8536
"/Engine/EngineMaterials/Substrate/Glints2/dict_0003_0112" 8537
"/Engine/EngineMaterials/Substrate/Glints2/dict_0003_0105" 8538
"/Engine/EngineMaterials/Substrate/Glints2/dict_0003_0104" 8539
"/Engine/EngineMaterials/Substrate/Glints2/dict_0003_0103" 8540
"/Engine/EngineMaterials/Substrate/Glints2/dict_0003_0106" 8541
"/Engine/EngineMaterials/Substrate/Glints2/dict_0003_0116" 8542
"/Engine/EngineMaterials/Substrate/Glints2/dict_0003_0115" 8543
"/Engine/EngineMaterials/Substrate/Glints2/dict_0003_0114" 8544
"/Engine/EngineMaterials/Substrate/Glints2/dict_0003_0113" 8545
"../../../Engine/Content/EngineMaterials/Substrate/Glints2/dict_0003_0117.uasset" 8546
"../../../Engine/Content/EngineMaterials/Substrate/Glints2/dict_0003_0119.uasset" 8547
"../../../Engine/Content/EngineMaterials/Substrate/Glints2/dict_0003_0120.uasset" 8548
"../../../Engine/Content/EngineMaterials/Substrate/Glints2/dict_0003_0118.uasset" 8549
"../../../Engine/Content/EngineMaterials/Substrate/Glints2/dict_0003_0121.uasset" 8550
"../../../Engine/Content/EngineMaterials/Substrate/Glints2/dict_0003_0102.uasset" 8551
"../../../Engine/Content/EngineMaterials/Substrate/Glints2/dict_0003_0122.uasset" 8552
"../../../Engine/Content/EngineMaterials/Substrate/Glints2/dict_0003_0125.uasset" 8553
"../../../Engine/Content/EngineMaterials/Substrate/Glints2/dict_0003_0127.uasset" 8554
"../../../Engine/Content/EngineMaterials/Substrate/Glints2/dict_0003_0126.uasset" 8555
"../../../Engine/Content/EngineMaterials/Substrate/Glints2/dict_0003_0124.uasset" 8556
"../../../Engine/Content/EngineMaterials/Substrate/Glints2/dict_0003_0123.uasset" 8557
"../../../Engine/Content/EngineMaterials/Substrate/Glints2/dict_0003_0128.uasset" 8558
"/Engine/EngineMaterials/Substrate/Glints2/dict_0003_0126" 8559
"/Engine/EngineMaterials/Substrate/Glints2/dict_0003_0125" 8560
"/Engine/EngineMaterials/Substrate/Glints2/dict_0003_0124" 8561
"/Engine/EngineMaterials/Substrate/Glints2/dict_0003_0123" 8562
"/Engine/EngineMaterials/Substrate/Glints2/dict_0003_0122" 8563
"/Engine/EngineMaterials/Substrate/Glints2/dict_0003_0121" 8564
"../../../Engine/Content/EngineMaterials/Substrate/Glints2/dict_0003_0129.uasset" 8565
"/Engine/EngineMaterials/Substrate/Glints2/dict_0003_0120" 8566
"/Engine/EngineMaterials/Substrate/Glints2/dict_0003_0119" 8567
"/Engine/EngineMaterials/Substrate/Glints2/dict_0003_0118" 8568
"../../../Engine/Content/EngineMaterials/Substrate/Glints2/dict_0003_0130.uasset" 8569
"/Engine/EngineMaterials/Substrate/Glints2/dict_0003_0117" 8570
"../../../Engine/Content/EngineMaterials/Substrate/Glints2/dict_0003_0132.uasset" 8571
"../../../Engine/Content/EngineMaterials/Substrate/Glints2/dict_0003_0133.uasset" 8572
"/Engine/EngineMaterials/Substrate/Glints2/dict_0003_0102" 8573
"/Engine/EngineMaterials/Substrate/Glints2/dict_0003_0127" 8574
"/Engine/EngineMaterials/Substrate/Glints2/dict_0003_0133" 8575
"../../../Engine/Content/EngineMaterials/Substrate/Glints2/dict_0003_0135.uasset" 8576
"../../../Engine/Content/EngineMaterials/Substrate/Glints2/dict_0003_0136.uasset" 8577
"../../../Engine/Content/EngineMaterials/Substrate/Glints2/dict_0003_0131.uasset" 8578
"../../../Engine/Content/EngineMaterials/Substrate/Glints2/dict_0003_0134.uasset" 8579
"/Engine/EngineMaterials/Substrate/Glints2/dict_0003_0132" 8580
"/Engine/EngineMaterials/Substrate/Glints2/dict_0003_0130" 8581
"/Engine/EngineMaterials/Substrate/Glints2/dict_0003_0129" 8582
"/Engine/EngineMaterials/Substrate/Glints2/dict_0003_0128" 8583
"/Engine/EngineMaterials/Substrate/Glints2/dict_0003_0131" 8584
"/Engine/EngineMaterials/Substrate/Glints2/dict_0003_0136" 8585
"/Engine/EngineMaterials/Substrate/Glints2/dict_0003_0135" 8586
"/Engine/EngineMaterials/Substrate/Glints2/dict_0003_0134" 8587
"../../../Engine/Content/EngineMaterials/Substrate/Glints2/dict_0003_0138.uasset" 8588
"../../../Engine/Content/EngineMaterials/Substrate/Glints2/dict_0003_0137.uasset" 8589
"../../../Engine/Content/EngineMaterials/Substrate/Glints2/dict_0003_0146.uasset" 8590
"../../../Engine/Content/EngineMaterials/Substrate/Glints2/dict_0003_0139.uasset" 8591
"../../../Engine/Content/EngineMaterials/Substrate/Glints2/dict_0003_0145.uasset" 8592
"../../../Engine/Content/EngineMaterials/Substrate/Glints2/dict_0003_0144.uasset" 8593
"../../../Engine/Content/EngineMaterials/Substrate/Glints2/dict_0003_0142.uasset" 8594
"../../../Engine/Content/EngineMaterials/Substrate/Glints2/dict_0003_0140.uasset" 8595
"../../../Engine/Content/EngineMaterials/Substrate/Glints2/dict_0003_0141.uasset" 8596
"../../../Engine/Content/EngineMaterials/Substrate/Glints2/dict_0003_0147.uasset" 8597
"/Engine/EngineMaterials/Substrate/Glints2/dict_0003_0142" 8598
"../../../Engine/Content/EngineMaterials/Substrate/Glints2/dict_0003_0143.uasset" 8599
"../../../Engine/Content/EngineMaterials/Substrate/Glints2/dict_0003_0148.uasset" 8600
"/Engine/EngineMaterials/Substrate/Glints2/dict_0003_0141" 8601
"/Engine/EngineMaterials/Substrate/Glints2/dict_0003_0140" 8602
"/Engine/EngineMaterials/Substrate/Glints2/dict_0003_0139" 8603
"../../../Engine/Content/EngineMaterials/Substrate/Glints2/dict_0003_0150.uasset" 8604
"../../../Engine/Content/EngineMaterials/Substrate/Glints2/dict_0003_0149.uasset" 8605
"/Engine/EngineMaterials/Substrate/Glints2/dict_0003_0138" 8606
"/Engine/EngineMaterials/Substrate/Glints2/dict_0003_0137" 8607
"/Engine/EngineMaterials/Substrate/Glints2/dict_0003_0147" 8608
"/Engine/EngineMaterials/Substrate/Glints2/dict_0003_0146" 8609
"../../../Engine/Content/EngineMaterials/Substrate/Glints2/dict_0003_0152.uasset" 8610
"../../../Engine/Content/EngineMaterials/Substrate/Glints2/dict_0003_0151.uasset" 8611
"/Engine/EngineMaterials/Substrate/Glints2/dict_0003_0145" 8612
"/Engine/EngineMaterials/Substrate/Glints2/dict_0003_0144" 8613
"../../../Engine/Content/EngineMaterials/Substrate/Glints2/dict_0003_0155.uasset" 8614
"/Engine/EngineMaterials/Substrate/Glints2/dict_0003_0152" 8615
"/Engine/EngineMaterials/Substrate/Glints2/dict_0003_0151" 8616
"/Engine/EngineMaterials/Substrate/Glints2/dict_0003_0150" 8617
"/Engine/EngineMaterials/Substrate/Glints2/dict_0003_0149" 8618
"/Engine/EngineMaterials/Substrate/Glints2/dict_0003_0148" 8619
"/Engine/EngineMaterials/Substrate/Glints2/dict_0003_0143" 8620
"/Engine/EngineMaterials/Substrate/Glints2/dict_0003_0155" 8621
"../../../Engine/Content/EngineMaterials/Substrate/Glints2/dict_0003_0153.uasset" 8622
"../../../Engine/Content/EngineMaterials/Substrate/Glints2/dict_0003_0156.uasset" 8623
"../../../Engine/Content/EngineMaterials/Substrate/Glints2/dict_0003_0154.uasset" 8624
"../../../Engine/Content/EngineMaterials/Substrate/Glints2/dict_0003_0157.uasset" 8625
"../../../Engine/Content/EngineMaterials/Substrate/Glints2/dict_0003_0158.uasset" 8626
"../../../Engine/Content/EngineMaterials/Substrate/Glints2/dict_0003_0159.uasset" 8627
"../../../Engine/Content/EngineMaterials/Substrate/Glints2/dict_0003_0160.uasset" 8628
"../../../Engine/Content/EngineMaterials/Substrate/Glints2/dict_0003_0161.uasset" 8629
"../../../Engine/Content/EngineMaterials/Substrate/Glints2/dict_0003_0162.uasset" 8630
"../../../Engine/Content/EngineMaterials/Substrate/Glints2/dict_0003_0163.uasset" 8631
"../../../Engine/Content/EngineMaterials/Substrate/Glints2/dict_0003_0167.uasset" 8632
"../../../Engine/Content/EngineMaterials/Substrate/Glints2/dict_0003_0168.uasset" 8633
"/Engine/EngineMaterials/Substrate/Glints2/dict_0003_0159" 8634
"../../../Engine/Content/EngineMaterials/Substrate/Glints2/dict_0003_0169.uasset" 8635
"../../../Engine/Content/EngineMaterials/Substrate/Glints2/dict_0003_0166.uasset" 8636
"/Engine/EngineMaterials/Substrate/Glints2/dict_0003_0158" 8637
"/Engine/EngineMaterials/Substrate/Glints2/dict_0003_0157" 8638
"/Engine/EngineMaterials/Substrate/Glints2/dict_0003_0163" 8639
"../../../Engine/Content/EngineMaterials/Substrate/Glints2/dict_0003_0165.uasset" 8640
"/Engine/EngineMaterials/Substrate/Glints2/dict_0003_0156" 8641
"/Engine/EngineMaterials/Substrate/Glints2/dict_0003_0154" 8642
"/Engine/EngineMaterials/Substrate/Glints2/dict_0003_0162" 8643
"/Engine/EngineMaterials/Substrate/Glints2/dict_0003_0153" 8644
"/Engine/EngineMaterials/Substrate/Glints2/dict_0003_0161" 8645
"/Engine/EngineMaterials/Substrate/Glints2/dict_0003_0160" 8646
"/Engine/EngineMaterials/Substrate/Glints2/dict_0003_0168" 8647
"/Engine/EngineMaterials/Substrate/Glints2/dict_0003_0167" 8648
"/Engine/EngineMaterials/Substrate/Glints2/dict_0003_0166" 8649
"/Engine/EngineMaterials/Substrate/Glints2/dict_0003_0165" 8650
"/Engine/EngineMaterials/Substrate/Glints2/dict_0003_0169" 8651
"../../../Engine/Content/EngineMaterials/Substrate/Glints2/dict_0003_0164.uasset" 8652
"../../../Engine/Content/EngineMaterials/Substrate/Glints2/dict_0003_0171.uasset" 8653
"../../../Engine/Content/EngineMaterials/Substrate/Glints2/dict_0003_0170.uasset" 8654
"../../../Engine/Content/EngineMaterials/Substrate/Glints2/dict_0003_0174.uasset" 8655
"../../../Engine/Content/EngineMaterials/Substrate/Glints2/dict_0003_0177.uasset" 8656
"../../../Engine/Content/EngineMaterials/Substrate/Glints2/dict_0003_0175.uasset" 8657
"../../../Engine/Content/EngineMaterials/Substrate/Glints2/dict_0003_0173.uasset" 8658
"../../../Engine/Content/EngineMaterials/Substrate/Glints2/dict_0003_0176.uasset" 8659
"../../../Engine/Content/EngineMaterials/Substrate/Glints2/dict_0003_0178.uasset" 8660
"../../../Engine/Content/EngineMaterials/Substrate/Glints2/dict_0003_0172.uasset" 8661
"../../../Engine/Content/EngineMaterials/Substrate/Glints2/dict_0003_0179.uasset" 8662
"../../../Engine/Content/EngineMaterials/Substrate/Glints2/dict_0003_0184.uasset" 8663
"/Engine/EngineMaterials/Substrate/Glints2/dict_0003_0178" 8664
"../../../Engine/Content/EngineMaterials/Substrate/Glints2/dict_0003_0185.uasset" 8665
"/Engine/EngineMaterials/Substrate/Glints2/dict_0003_0177" 8666
"../../../Engine/Content/EngineMaterials/Substrate/Glints2/dict_0003_0186.uasset" 8667
"../../../Engine/Content/EngineMaterials/Substrate/Glints2/dict_0003_0182.uasset" 8668
"../../../Engine/Content/EngineMaterials/Substrate/Glints2/dict_0003_0183.uasset" 8669
"/Engine/EngineMaterials/Substrate/Glints2/dict_0003_0164" 8670
"/Engine/EngineMaterials/Substrate/Glints2/dict_0003_0176" 8671
"/Engine/EngineMaterials/Substrate/Glints2/dict_0003_0175" 8672
"/Engine/EngineMaterials/Substrate/Glints2/dict_0003_0174" 8673
"../../../Engine/Content/EngineMaterials/Substrate/Glints2/dict_0003_0181.uasset" 8674
"../../../Engine/Content/EngineMaterials/Substrate/Glints2/dict_0003_0180.uasset" 8675
"/Engine/EngineMaterials/Substrate/Glints2/dict_0003_0173" 8676
"/Engine/EngineMaterials/Substrate/Glints2/dict_0003_0172" 8677
"../../../Engine/Content/EngineMaterials/Substrate/Glints2/dict_0003_0187.uasset" 8678
"/Engine/EngineMaterials/Substrate/Glints2/dict_0003_0184" 8679
"/Engine/EngineMaterials/Substrate/Glints2/dict_0003_0171" 8680
"/Engine/EngineMaterials/Substrate/Glints2/dict_0003_0170" 8681
"/Engine/EngineMaterials/Substrate/Glints2/dict_0003_0179" 8682
"../../../Engine/Content/EngineMaterials/Substrate/Glints2/dict_0003_0188.uasset" 8683
"/Engine/EngineMaterials/Substrate/Glints2/dict_0003_0185" 8684
"/Engine/EngineMaterials/Substrate/Glints2/dict_0003_0188" 8685
"/Engine/EngineMaterials/Substrate/Glints2/dict_0003_0187" 8686
"../../../Engine/Content/EngineMaterials/Substrate/Glints2/dict_0003_0191.uasset" 8687
"../../../Engine/Content/EngineMaterials/Substrate/Glints2/dict_0003_0190.uasset" 8688
"../../../Engine/Content/EngineMaterials/Substrate/Glints2/dict_0003_0189.uasset" 8689
"/Engine/EngineMaterials/Substrate/Glints2/dict_0003_0183" 8690
"/Engine/EngineMaterials/Substrate/Glints2/dict_0003_0182" 8691
"/Engine/EngineMaterials/Substrate/Glints2/dict_0003_0181" 8692
"/Engine/EngineMaterials/Substrate/Glints2/dict_0003_0186" 8693
"../../../Engine/Content/EngineMaterials/Substrate/Glints2/dict_0003_0193.uasset" 8694
"../../../Engine/Content/EngineMaterials/Substrate/Glints2/dict_0003_0194.uasset" 8695
"/Engine/EngineMaterials/Substrate/Glints2/dict_0003_0180" 8696
"/Engine/EngineMaterials/Substrate/Glints2/dict_0003_0194" 8697
"/Engine/EngineMaterials/Substrate/Glints2/dict_0003_0193" 8698
"/Engine/EngineMaterials/Substrate/Glints2/dict_0003_0191" 8699
"../../../Engine/Content/EngineMaterials/Substrate/Glints2/dict_0003_0192.uasset" 8700
"/Engine/EngineMaterials/Substrate/Glints2/dict_0003_0190" 8701
"/Engine/EngineMaterials/Substrate/Glints2/dict_0003_0189" 8702
"/Engine/EngineMaterials/Substrate/Glints2/dict_0003_0192" 8703
"../../../Engine/Content/EngineMaterials/Substrate/Glints2/dict_0003_0196.uasset" 8704
"../../../Engine/Content/EngineMaterials/Substrate/Glints2/dict_0003_0197.uasset" 8705
"../../../Engine/Content/EngineMaterials/Substrate/Glints2/dict_0003_0195.uasset" 8706
"../../../Engine/Content/EngineMaterials/Substrate/Glints2/dict_0003_0201.uasset" 8707
"../../../Engine/Content/EngineMaterials/Substrate/Glints2/dict_0003_0200.uasset" 8708
"../../../Engine/Content/EngineMaterials/Substrate/Glints2/dict_0003_0199.uasset" 8709
"../../../Engine/Content/EngineMaterials/Substrate/Glints2/dict_0003_0198.uasset" 8710
"../../../Engine/Content/EngineMaterials/Substrate/Glints2/dict_0003_0202.uasset" 8711
"../../../Engine/Content/EngineMaterials/Substrate/Glints2/dict_0003_0205.uasset" 8712
"../../../Engine/Content/EngineMaterials/Substrate/Glints2/dict_0003_0206.uasset" 8713
"../../../Engine/Content/EngineMaterials/Substrate/Glints2/dict_0003_0203.uasset" 8714
"/Engine/EngineMaterials/Substrate/Glints2/dict_0003_0195" 8715
"../../../Engine/Content/EngineMaterials/Substrate/Glints2/dict_0003_0208.uasset" 8716
"../../../Engine/Content/EngineMaterials/Substrate/Glints2/dict_0003_0207.uasset" 8717
"../../../Engine/Content/EngineMaterials/Substrate/Glints2/dict_0003_0209.uasset" 8718
"../../../Engine/Content/EngineMaterials/Substrate/Glints2/dict_0003_0211.uasset" 8719
"/Engine/EngineMaterials/Substrate/Glints2/dict_0003_0200" 8720
"../../../Engine/Content/EngineMaterials/Substrate/Glints2/dict_0003_0204.uasset" 8721
"/Engine/EngineMaterials/Substrate/Glints2/dict_0003_0206" 8722
"/Engine/EngineMaterials/Substrate/Glints2/dict_0003_0205" 8723
"../../../Engine/Content/EngineMaterials/Substrate/Glints2/dict_0003_0210.uasset" 8724
"/Engine/EngineMaterials/Substrate/Glints2/dict_0003_0199" 8725
"../../../Engine/Content/EngineMaterials/Substrate/Glints2/dict_0003_0212.uasset" 8726
"/Engine/EngineMaterials/Substrate/Glints2/dict_0003_0198" 8727
"../../../Engine/Content/EngineMaterials/Substrate/Glints2/dict_0003_0218.uasset" 8728
"../../../Engine/Content/EngineMaterials/Substrate/Glints2/dict_0003_0216.uasset" 8729
"../../../Engine/Content/EngineMaterials/Substrate/Glints2/dict_0003_0217.uasset" 8730
"../../../Engine/Content/EngineMaterials/Substrate/Glints2/dict_0003_0214.uasset" 8731
"/Engine/EngineMaterials/Substrate/Glints2/dict_0003_0203" 8732
"/Engine/EngineMaterials/Substrate/Glints2/dict_0003_0197" 8733
"/Engine/EngineMaterials/Substrate/Glints2/dict_0003_0202" 8734
"/Engine/EngineMaterials/Substrate/Glints2/dict_0003_0196" 8735
"/Engine/EngineMaterials/Substrate/Glints2/dict_0003_0201" 8736
"../../../Engine/Content/EngineMaterials/Substrate/Glints2/dict_0003_0213.uasset" 8737
"../../../Engine/Content/EngineMaterials/Substrate/Glints2/dict_0003_0219.uasset" 8738
"../../../Engine/Content/EngineMaterials/Substrate/Glints2/dict_0003_0215.uasset" 8739
"/Engine/EngineMaterials/Substrate/Glints2/dict_0003_0212" 8740
"/Engine/EngineMaterials/Substrate/Glints2/dict_0003_0211" 8741
"/Engine/EngineMaterials/Substrate/Glints2/dict_0003_0210" 8742
"/Engine/EngineMaterials/Substrate/Glints2/dict_0003_0209" 8743
"/Engine/EngineMaterials/Substrate/Glints2/dict_0003_0208" 8744
"/Engine/EngineMaterials/Substrate/Glints2/dict_0003_0207" 8745
"/Engine/EngineMaterials/Substrate/Glints2/dict_0003_0219" 8746
"/Engine/EngineMaterials/Substrate/Glints2/dict_0003_0218" 8747
"/Engine/EngineMaterials/Substrate/Glints2/dict_0003_0204" 8748
"/Engine/EngineMaterials/Substrate/Glints2/dict_0003_0217" 8749
"/Engine/EngineMaterials/Substrate/Glints2/dict_0003_0216" 8750
"/Engine/EngineMaterials/Substrate/Glints2/dict_0003_0214" 8751
"/Engine/EngineMaterials/Substrate/Glints2/dict_0003_0213" 8752
"/Engine/EngineMaterials/Substrate/Glints2/dict_0003_0215" 8753
"../../../Engine/Content/EngineMaterials/Substrate/Glints2/dict_0003_0226.uasset" 8754
"../../../Engine/Content/EngineMaterials/Substrate/Glints2/dict_0003_0223.uasset" 8755
"../../../Engine/Content/EngineMaterials/Substrate/Glints2/dict_0003_0222.uasset" 8756
"../../../Engine/Content/EngineMaterials/Substrate/Glints2/dict_0003_0225.uasset" 8757
"../../../Engine/Content/EngineMaterials/Substrate/Glints2/dict_0003_0221.uasset" 8758
"../../../Engine/Content/EngineMaterials/Substrate/Glints2/dict_0003_0220.uasset" 8759
"../../../Engine/Content/EngineMaterials/Substrate/Glints2/dict_0003_0227.uasset" 8760
"../../../Engine/Content/EngineMaterials/Substrate/Glints2/dict_0003_0224.uasset" 8761
"../../../Engine/Content/EngineMaterials/Substrate/Glints2/dict_0003_0228.uasset" 8762
"../../../Engine/Content/EngineMaterials/Substrate/Glints2/dict_0003_0232.uasset" 8763
"../../../Engine/Content/EngineMaterials/Substrate/Glints2/dict_0003_0233.uasset" 8764
"../../../Engine/Content/EngineMaterials/Substrate/Glints2/dict_0003_0229.uasset" 8765
"../../../Engine/Content/EngineMaterials/Substrate/Glints2/dict_0003_0234.uasset" 8766
"/Engine/EngineMaterials/Substrate/Glints2/dict_0003_0225" 8767
"../../../Engine/Content/EngineMaterials/Substrate/Glints2/dict_0003_0231.uasset" 8768
"../../../Engine/Content/EngineMaterials/Substrate/Glints2/dict_0003_0230.uasset" 8769
"/Engine/EngineMaterials/Substrate/Glints2/dict_0003_0224" 8770
"/Engine/EngineMaterials/Substrate/Glints2/dict_0003_0226" 8771
"/Engine/EngineMaterials/Substrate/Glints2/dict_0003_0223" 8772
"../../../Engine/Content/EngineMaterials/Substrate/Glints2/dict_0003_0237.uasset" 8773
"../../../Engine/Content/EngineMaterials/Substrate/Glints2/dict_0003_0235.uasset" 8774
"/Engine/EngineMaterials/Substrate/Glints2/dict_0003_0220" 8775
"/Engine/EngineMaterials/Substrate/Glints2/dict_0003_0222" 8776
"/Engine/EngineMaterials/Substrate/Glints2/dict_0003_0221" 8777
"/Engine/EngineMaterials/Substrate/Glints2/dict_0003_0227" 8778
"/Engine/EngineMaterials/Substrate/Glints2/dict_0003_0237" 8779
"/Engine/EngineMaterials/Substrate/Glints2/dict_0003_0235" 8780
"/Engine/EngineMaterials/Substrate/Glints2/dict_0003_0234" 8781
"/Engine/EngineMaterials/Substrate/Glints2/dict_0003_0233" 8782
"/Engine/EngineMaterials/Substrate/Glints2/dict_0003_0232" 8783
"/Engine/EngineMaterials/Substrate/Glints2/dict_0003_0231" 8784
"/Engine/EngineMaterials/Substrate/Glints2/dict_0003_0230" 8785
"/Engine/EngineMaterials/Substrate/Glints2/dict_0003_0229" 8786
"/Engine/EngineMaterials/Substrate/Glints2/dict_0003_0228" 8787
"../../../Engine/Content/EngineMaterials/Substrate/Glints2/dict_0003_0238.uasset" 8788
"../../../Engine/Content/EngineMaterials/Substrate/Glints2/dict_0003_0242.uasset" 8789
"../../../Engine/Content/EngineMaterials/Substrate/Glints2/dict_0003_0241.uasset" 8790
"../../../Engine/Content/EngineMaterials/Substrate/Glints2/dict_0003_0236.uasset" 8791
"../../../Engine/Content/EngineMaterials/Substrate/Glints2/dict_0003_0240.uasset" 8792
"../../../Engine/Content/EngineMaterials/Substrate/Glints2/dict_0003_0244.uasset" 8793
"../../../Engine/Content/EngineMaterials/Substrate/Glints2/dict_0003_0246.uasset" 8794
"../../../Engine/Content/EngineMaterials/Substrate/Glints2/dict_0003_0239.uasset" 8795
"../../../Engine/Content/EngineMaterials/Substrate/Glints2/dict_0003_0245.uasset" 8796
"../../../Engine/Content/EngineMaterials/Substrate/Glints2/dict_0003_0243.uasset" 8797
"../../../Engine/Content/EngineMaterials/Substrate/Glints2/dict_0003_0251.uasset" 8798
"../../../Engine/Content/EngineMaterials/Substrate/Glints2/dict_0003_0250.uasset" 8799
"../../../Engine/Content/EngineMaterials/Substrate/Glints2/dict_0003_0248.uasset" 8800
"../../../Engine/Content/EngineMaterials/Substrate/Glints2/dict_0003_0249.uasset" 8801
"/Engine/EngineMaterials/Substrate/Glints2/dict_0003_0250" 8802
"../../../Engine/Content/EngineMaterials/Substrate/Glints2/dict_0003_0252.uasset" 8803
"../../../Engine/Content/EngineMaterials/Substrate/Glints2/dict_0003_0247.uasset" 8804
"/Engine/EngineMaterials/Substrate/Glints2/dict_0003_0249" 8805
"/Engine/EngineMaterials/Substrate/Glints2/dict_0003_0248" 8806
"/Engine/EngineMaterials/Substrate/Glints2/dict_0003_0246" 8807
"/Engine/EngineMaterials/Substrate/Glints2/dict_0003_0236" 8808
"/Engine/EngineMaterials/Substrate/Glints2/dict_0003_0245" 8809
"/Engine/EngineMaterials/Substrate/Glints2/dict_0003_0244" 8810
"/Engine/EngineMaterials/Substrate/Glints2/dict_0003_0243" 8811
"/Engine/EngineMaterials/Substrate/Glints2/dict_0003_0242" 8812
"/Engine/EngineMaterials/Substrate/Glints2/dict_0003_0241" 8813
"/Engine/EngineMaterials/Substrate/Glints2/dict_0003_0240" 8814
"/Engine/EngineMaterials/Substrate/Glints2/dict_0003_0251" 8815
"/Engine/EngineMaterials/Substrate/Glints2/dict_0003_0239" 8816
"/Engine/EngineMaterials/Substrate/Glints2/dict_0003_0238" 8817
"/Engine/EngineMaterials/Substrate/Glints2/dict_0003_0247" 8818
"/Engine/EngineMaterials/Substrate/Glints2/dict_0003_0252" 8819
"../../../Engine/Content/EngineMaterials/Substrate/Glints2/dict_0003_0255.uasset" 8820
"../../../Engine/Content/EngineMaterials/Substrate/Glints2/dict_0004_0002.uasset" 8821
"../../../Engine/Content/EngineMaterials/Substrate/Glints2/dict_0003_0254.uasset" 8822
"../../../Engine/Content/EngineMaterials/Substrate/Glints2/dict_0004_0001.uasset" 8823
"../../../Engine/Content/EngineMaterials/Substrate/Glints2/dict_0003_0253.uasset" 8824
"../../../Engine/Content/EngineMaterials/Substrate/Glints2/dict_0004_0000.uasset" 8825
"../../../Engine/Content/EngineMaterials/Substrate/Glints2/dict_0004_0005.uasset" 8826
"../../../Engine/Content/EngineMaterials/Substrate/Glints2/dict_0004_0004.uasset" 8827
"../../../Engine/Content/EngineMaterials/Substrate/Glints2/dict_0004_0003.uasset" 8828
"../../../Engine/Content/EngineMaterials/Substrate/Glints2/dict_0004_0008.uasset" 8829
"../../../Engine/Content/EngineMaterials/Substrate/Glints2/dict_0004_0009.uasset" 8830
"../../../Engine/Content/EngineMaterials/Substrate/Glints2/dict_0004_0006.uasset" 8831
"../../../Engine/Content/EngineMaterials/Substrate/Glints2/dict_0004_0013.uasset" 8832
"../../../Engine/Content/EngineMaterials/Substrate/Glints2/dict_0004_0011.uasset" 8833
"/Engine/EngineMaterials/Substrate/Glints2/dict_0004_0003" 8834
"../../../Engine/Content/EngineMaterials/Substrate/Glints2/dict_0004_0014.uasset" 8835
"../../../Engine/Content/EngineMaterials/Substrate/Glints2/dict_0004_0012.uasset" 8836
"../../../Engine/Content/EngineMaterials/Substrate/Glints2/dict_0004_0010.uasset" 8837
"../../../Engine/Content/EngineMaterials/Substrate/Glints2/dict_0004_0007.uasset" 8838
"/Engine/EngineMaterials/Substrate/Glints2/dict_0004_0002" 8839
"/Engine/EngineMaterials/Substrate/Glints2/dict_0004_0001" 8840
"/Engine/EngineMaterials/Substrate/Glints2/dict_0004_0000" 8841
"/Engine/EngineMaterials/Substrate/Glints2/dict_0003_0255" 8842
"/Engine/EngineMaterials/Substrate/Glints2/dict_0003_0254" 8843
"/Engine/EngineMaterials/Substrate/Glints2/dict_0003_0253" 8844
"/Engine/EngineMaterials/Substrate/Glints2/dict_0004_0009" 8845
"/Engine/EngineMaterials/Substrate/Glints2/dict_0004_0008" 8846
"/Engine/EngineMaterials/Substrate/Glints2/dict_0004_0005" 8847
"/Engine/EngineMaterials/Substrate/Glints2/dict_0004_0004" 8848
"/Engine/EngineMaterials/Substrate/Glints2/dict_0004_0012" 8849
"/Engine/EngineMaterials/Substrate/Glints2/dict_0004_0011" 8850
"/Engine/EngineMaterials/Substrate/Glints2/dict_0004_0010" 8851
"/Engine/EngineMaterials/Substrate/Glints2/dict_0004_0007" 8852
"/Engine/EngineMaterials/Substrate/Glints2/dict_0004_0006" 8853
"../../../Engine/Content/EngineMaterials/Substrate/Glints2/dict_0004_0015.uasset" 8854
"/Engine/EngineMaterials/Substrate/Glints2/dict_0004_0014" 8855
"/Engine/EngineMaterials/Substrate/Glints2/dict_0004_0013" 8856
"/Engine/EngineMaterials/Substrate/Glints2/dict_0004_0015" 8857
"../../../Engine/Content/EngineMaterials/Substrate/Glints2/dict_0004_0016.uasset" 8858
"../../../Engine/Content/EngineMaterials/Substrate/Glints2/dict_0004_0021.uasset" 8859
"../../../Engine/Content/EngineMaterials/Substrate/Glints2/dict_0004_0017.uasset" 8860
"../../../Engine/Content/EngineMaterials/Substrate/Glints2/dict_0004_0020.uasset" 8861
"../../../Engine/Content/EngineMaterials/Substrate/Glints2/dict_0004_0023.uasset" 8862
"../../../Engine/Content/EngineMaterials/Substrate/Glints2/dict_0004_0019.uasset" 8863
"../../../Engine/Content/EngineMaterials/Substrate/Glints2/dict_0004_0022.uasset" 8864
"../../../Engine/Content/EngineMaterials/Substrate/Glints2/dict_0004_0018.uasset" 8865
"../../../Engine/Content/EngineMaterials/Substrate/Glints2/dict_0004_0030.uasset" 8866
"../../../Engine/Content/EngineMaterials/Substrate/Glints2/dict_0004_0026.uasset" 8867
"../../../Engine/Content/EngineMaterials/Substrate/Glints2/dict_0004_0027.uasset" 8868
"../../../Engine/Content/EngineMaterials/Substrate/Glints2/dict_0004_0025.uasset" 8869
"../../../Engine/Content/EngineMaterials/Substrate/Glints2/dict_0004_0024.uasset" 8870
"/Engine/EngineMaterials/Substrate/Glints2/dict_0004_0026" 8871
"../../../Engine/Content/EngineMaterials/Substrate/Glints2/dict_0004_0029.uasset" 8872
"/Engine/EngineMaterials/Substrate/Glints2/dict_0004_0025" 8873
"../../../Engine/Content/EngineMaterials/Substrate/Glints2/dict_0004_0031.uasset" 8874
"/Engine/EngineMaterials/Substrate/Glints2/dict_0004_0023" 8875
"/Engine/EngineMaterials/Substrate/Glints2/dict_0004_0022" 8876
"/Engine/EngineMaterials/Substrate/Glints2/dict_0004_0021" 8877
"/Engine/EngineMaterials/Substrate/Glints2/dict_0004_0020" 8878
"/Engine/EngineMaterials/Substrate/Glints2/dict_0004_0019" 8879
"../../../Engine/Content/EngineMaterials/Substrate/Glints2/dict_0004_0032.uasset" 8880
"/Engine/EngineMaterials/Substrate/Glints2/dict_0004_0018" 8881
"../../../Engine/Content/EngineMaterials/Substrate/Glints2/dict_0004_0028.uasset" 8882
"/Engine/EngineMaterials/Substrate/Glints2/dict_0004_0017" 8883
"/Engine/EngineMaterials/Substrate/Glints2/dict_0004_0016" 8884
"/Engine/EngineMaterials/Substrate/Glints2/dict_0004_0030" 8885
"/Engine/EngineMaterials/Substrate/Glints2/dict_0004_0027" 8886
"/Engine/EngineMaterials/Substrate/Glints2/dict_0004_0024" 8887
"/Engine/EngineMaterials/Substrate/Glints2/dict_0004_0028" 8888
"../../../Engine/Content/EngineMaterials/Substrate/Glints2/dict_0004_0036.uasset" 8889
"../../../Engine/Content/EngineMaterials/Substrate/Glints2/dict_0004_0035.uasset" 8890
"../../../Engine/Content/EngineMaterials/Substrate/Glints2/dict_0004_0034.uasset" 8891
"/Engine/EngineMaterials/Substrate/Glints2/dict_0004_0032" 8892
"/Engine/EngineMaterials/Substrate/Glints2/dict_0004_0031" 8893
"/Engine/EngineMaterials/Substrate/Glints2/dict_0004_0029" 8894
"/Engine/EngineMaterials/Substrate/Glints2/dict_0004_0036" 8895
"/Engine/EngineMaterials/Substrate/Glints2/dict_0004_0035" 8896
"/Engine/EngineMaterials/Substrate/Glints2/dict_0004_0034" 8897
"../../../Engine/Content/EngineMaterials/Substrate/Glints2/dict_0004_0039.uasset" 8898
"../../../Engine/Content/EngineMaterials/Substrate/Glints2/dict_0004_0037.uasset" 8899
"../../../Engine/Content/EngineMaterials/Substrate/Glints2/dict_0004_0040.uasset" 8900
"../../../Engine/Content/EngineMaterials/Substrate/Glints2/dict_0004_0044.uasset" 8901
"../../../Engine/Content/EngineMaterials/Substrate/Glints2/dict_0004_0045.uasset" 8902
"../../../Engine/Content/EngineMaterials/Substrate/Glints2/dict_0004_0033.uasset" 8903
"../../../Engine/Content/EngineMaterials/Substrate/Glints2/dict_0004_0043.uasset" 8904
"../../../Engine/Content/EngineMaterials/Substrate/Glints2/dict_0004_0042.uasset" 8905
"../../../Engine/Content/EngineMaterials/Substrate/Glints2/dict_0004_0038.uasset" 8906
"../../../Engine/Content/EngineMaterials/Substrate/Glints2/dict_0004_0041.uasset" 8907
"../../../Engine/Content/EngineMaterials/Substrate/Glints2/dict_0004_0046.uasset" 8908
"../../../Engine/Content/EngineMaterials/Substrate/Glints2/dict_0004_0048.uasset" 8909
"../../../Engine/Content/EngineMaterials/Substrate/Glints2/dict_0004_0052.uasset" 8910
"../../../Engine/Content/EngineMaterials/Substrate/Glints2/dict_0004_0049.uasset" 8911
"/Engine/EngineMaterials/Substrate/Glints2/dict_0004_0046" 8912
"../../../Engine/Content/EngineMaterials/Substrate/Glints2/dict_0004_0055.uasset" 8913
"/Engine/EngineMaterials/Substrate/Glints2/dict_0004_0039" 8914
"/Engine/EngineMaterials/Substrate/Glints2/dict_0004_0038" 8915
"/Engine/EngineMaterials/Substrate/Glints2/dict_0004_0037" 8916
"../../../Engine/Content/EngineMaterials/Substrate/Glints2/dict_0004_0051.uasset" 8917
"/Engine/EngineMaterials/Substrate/Glints2/dict_0004_0033" 8918
"../../../Engine/Content/EngineMaterials/Substrate/Glints2/dict_0004_0047.uasset" 8919
"/Engine/EngineMaterials/Substrate/Glints2/dict_0004_0045" 8920
"/Engine/EngineMaterials/Substrate/Glints2/dict_0004_0044" 8921
"../../../Engine/Content/EngineMaterials/Substrate/Glints2/dict_0004_0053.uasset" 8922
"/Engine/EngineMaterials/Substrate/Glints2/dict_0004_0052" 8923
"../../../Engine/Content/EngineMaterials/Substrate/Glints2/dict_0004_0054.uasset" 8924
"/Engine/EngineMaterials/Substrate/Glints2/dict_0004_0043" 8925
"/Engine/EngineMaterials/Substrate/Glints2/dict_0004_0042" 8926
"/Engine/EngineMaterials/Substrate/Glints2/dict_0004_0041" 8927
"/Engine/EngineMaterials/Substrate/Glints2/dict_0004_0040" 8928
"/Engine/EngineMaterials/Substrate/Glints2/dict_0004_0049" 8929
"/Engine/EngineMaterials/Substrate/Glints2/dict_0004_0048" 8930
"/Engine/EngineMaterials/Substrate/Glints2/dict_0004_0055" 8931
"/Engine/EngineMaterials/Substrate/Glints2/dict_0004_0054" 8932
"/Engine/EngineMaterials/Substrate/Glints2/dict_0004_0053" 8933
"/Engine/EngineMaterials/Substrate/Glints2/dict_0004_0051" 8934
"/Engine/EngineMaterials/Substrate/Glints2/dict_0004_0047" 8935
"../../../Engine/Content/EngineMaterials/Substrate/Glints2/dict_0004_0057.uasset" 8936
"../../../Engine/Content/EngineMaterials/Substrate/Glints2/dict_0004_0056.uasset" 8937
"/Engine/EngineMaterials/Substrate/Glints2/dict_0004_0057" 8938
"/Engine/EngineMaterials/Substrate/Glints2/dict_0004_0056" 8939
"../../../Engine/Content/EngineMaterials/Substrate/Glints2/dict_0004_0050.uasset" 8940
"../../../Engine/Content/EngineMaterials/Substrate/Glints2/dict_0004_0058.uasset" 8941
"../../../Engine/Content/EngineMaterials/Substrate/Glints2/dict_0004_0059.uasset" 8942
"../../../Engine/Content/EngineMaterials/Substrate/Glints2/dict_0004_0063.uasset" 8943
"../../../Engine/Content/EngineMaterials/Substrate/Glints2/dict_0004_0066.uasset" 8944
"../../../Engine/Content/EngineMaterials/Substrate/Glints2/dict_0004_0065.uasset" 8945
"../../../Engine/Content/EngineMaterials/Substrate/Glints2/dict_0004_0060.uasset" 8946
"../../../Engine/Content/EngineMaterials/Substrate/Glints2/dict_0004_0062.uasset" 8947
"../../../Engine/Content/EngineMaterials/Substrate/Glints2/dict_0004_0061.uasset" 8948
"../../../Engine/Content/EngineMaterials/Substrate/Glints2/dict_0004_0064.uasset" 8949
"../../../Engine/Content/EngineMaterials/Substrate/Glints2/dict_0004_0068.uasset" 8950
"../../../Engine/Content/EngineMaterials/Substrate/Glints2/dict_0004_0069.uasset" 8951
"/Engine/EngineMaterials/Substrate/Glints2/dict_0004_0059" 8952
"../../../Engine/Content/EngineMaterials/Substrate/Glints2/dict_0004_0074.uasset" 8953
"../../../Engine/Content/EngineMaterials/Substrate/Glints2/dict_0004_0071.uasset" 8954
"../../../Engine/Content/EngineMaterials/Substrate/Glints2/dict_0004_0076.uasset" 8955
"../../../Engine/Content/EngineMaterials/Substrate/Glints2/dict_0004_0072.uasset" 8956
"../../../Engine/Content/EngineMaterials/Substrate/Glints2/dict_0004_0067.uasset" 8957
"/Engine/EngineMaterials/Substrate/Glints2/dict_0004_0058" 8958
"../../../Engine/Content/EngineMaterials/Substrate/Glints2/dict_0004_0070.uasset" 8959
"/Engine/EngineMaterials/Substrate/Glints2/dict_0004_0064" 8960
"/Engine/EngineMaterials/Substrate/Glints2/dict_0004_0063" 8961
"../../../Engine/Content/EngineMaterials/Substrate/Glints2/dict_0004_0077.uasset" 8962
"/Engine/EngineMaterials/Substrate/Glints2/dict_0004_0066" 8963
"/Engine/EngineMaterials/Substrate/Glints2/dict_0004_0065" 8964
"../../../Engine/Content/EngineMaterials/Substrate/Glints2/dict_0004_0073.uasset" 8965
"/Engine/EngineMaterials/Substrate/Glints2/dict_0004_0062" 8966
"/Engine/EngineMaterials/Substrate/Glints2/dict_0004_0061" 8967
"/Engine/EngineMaterials/Substrate/Glints2/dict_0004_0050" 8968
"/Engine/EngineMaterials/Substrate/Glints2/dict_0004_0060" 8969
"/Engine/EngineMaterials/Substrate/Glints2/dict_0004_0068" 8970
"/Engine/EngineMaterials/Substrate/Glints2/dict_0004_0067" 8971
"/Engine/EngineMaterials/Substrate/Glints2/dict_0004_0077" 8972
"/Engine/EngineMaterials/Substrate/Glints2/dict_0004_0076" 8973
"/Engine/EngineMaterials/Substrate/Glints2/dict_0004_0074" 8974
"../../../Engine/Content/EngineMaterials/Substrate/Glints2/dict_0004_0078.uasset" 8975
"/Engine/EngineMaterials/Substrate/Glints2/dict_0004_0073" 8976
"/Engine/EngineMaterials/Substrate/Glints2/dict_0004_0072" 8977
"/Engine/EngineMaterials/Substrate/Glints2/dict_0004_0071" 8978
"../../../Engine/Content/EngineMaterials/Substrate/Glints2/dict_0004_0083.uasset" 8979
"/Engine/EngineMaterials/Substrate/Glints2/dict_0004_0070" 8980
"../../../Engine/Content/EngineMaterials/Substrate/Glints2/dict_0004_0080.uasset" 8981
"/Engine/EngineMaterials/Substrate/Glints2/dict_0004_0069" 8982
"/Engine/EngineMaterials/Substrate/Glints2/dict_0004_0080" 8983
"/Engine/EngineMaterials/Substrate/Glints2/dict_0004_0078" 8984
"/Engine/EngineMaterials/Substrate/Glints2/dict_0004_0083" 8985
"../../../Engine/Content/EngineMaterials/Substrate/Glints2/dict_0004_0084.uasset" 8986
"../../../Engine/Content/EngineMaterials/Substrate/Glints2/dict_0004_0075.uasset" 8987
"../../../Engine/Content/EngineMaterials/Substrate/Glints2/dict_0004_0079.uasset" 8988
"../../../Engine/Content/EngineMaterials/Substrate/Glints2/dict_0004_0085.uasset" 8989
"../../../Engine/Content/EngineMaterials/Substrate/Glints2/dict_0004_0081.uasset" 8990
"../../../Engine/Content/EngineMaterials/Substrate/Glints2/dict_0004_0088.uasset" 8991
"../../../Engine/Content/EngineMaterials/Substrate/Glints2/dict_0004_0086.uasset" 8992
"../../../Engine/Content/EngineMaterials/Substrate/Glints2/dict_0004_0089.uasset" 8993
"../../../Engine/Content/EngineMaterials/Substrate/Glints2/dict_0004_0092.uasset" 8994
"../../../Engine/Content/EngineMaterials/Substrate/Glints2/dict_0004_0090.uasset" 8995
"../../../Engine/Content/EngineMaterials/Substrate/Glints2/dict_0004_0082.uasset" 8996
"/Engine/EngineMaterials/Substrate/Glints2/dict_0004_0081" 8997
"../../../Engine/Content/EngineMaterials/Substrate/Glints2/dict_0004_0087.uasset" 8998
"../../../Engine/Content/EngineMaterials/Substrate/Glints2/dict_0004_0094.uasset" 8999
"/Engine/EngineMaterials/Substrate/Glints2/dict_0004_0088" 9000
"../../../Engine/Content/EngineMaterials/Substrate/Glints2/dict_0004_0093.uasset" 9001
"/Engine/EngineMaterials/Substrate/Glints2/dict_0004_0079" 9002
"/Engine/EngineMaterials/Substrate/Glints2/dict_0004_0086" 9003
"../../../Engine/Content/EngineMaterials/Substrate/Glints2/dict_0004_0091.uasset" 9004
"/Engine/EngineMaterials/Substrate/Glints2/dict_0004_0085" 9005
"/Engine/EngineMaterials/Substrate/Glints2/dict_0004_0084" 9006
"/Engine/EngineMaterials/Substrate/Glints2/dict_0004_0075" 9007
"/Engine/EngineMaterials/Substrate/Glints2/dict_0004_0092" 9008
"/Engine/EngineMaterials/Substrate/Glints2/dict_0004_0089" 9009
"/Engine/EngineMaterials/Substrate/Glints2/dict_0004_0087" 9010
"/Engine/EngineMaterials/Substrate/Glints2/dict_0004_0094" 9011
"/Engine/EngineMaterials/Substrate/Glints2/dict_0004_0093" 9012
"../../../Engine/Content/EngineMaterials/Substrate/Glints2/dict_0004_0095.uasset" 9013
"/Engine/EngineMaterials/Substrate/Glints2/dict_0004_0091" 9014
"/Engine/EngineMaterials/Substrate/Glints2/dict_0004_0082" 9015
"../../../Engine/Content/EngineMaterials/Substrate/Glints2/dict_0004_0097.uasset" 9016
"/Engine/EngineMaterials/Substrate/Glints2/dict_0004_0090" 9017
"/Engine/EngineMaterials/Substrate/Glints2/dict_0004_0097" 9018
"/Engine/EngineMaterials/Substrate/Glints2/dict_0004_0095" 9019
"../../../Engine/Content/EngineMaterials/Substrate/Glints2/dict_0004_0098.uasset" 9020
"../../../Engine/Content/EngineMaterials/Substrate/Glints2/dict_0004_0099.uasset" 9021
"../../../Engine/Content/EngineMaterials/Substrate/Glints2/dict_0004_0101.uasset" 9022
"../../../Engine/Content/EngineMaterials/Substrate/Glints2/dict_0004_0102.uasset" 9023
"../../../Engine/Content/EngineMaterials/Substrate/Glints2/dict_0004_0096.uasset" 9024
"../../../Engine/Content/EngineMaterials/Substrate/Glints2/dict_0004_0100.uasset" 9025
"../../../Engine/Content/EngineMaterials/Substrate/Glints2/dict_0004_0105.uasset" 9026
"../../../Engine/Content/EngineMaterials/Substrate/Glints2/dict_0004_0103.uasset" 9027
"../../../Engine/Content/EngineMaterials/Substrate/Glints2/dict_0004_0106.uasset" 9028
"../../../Engine/Content/EngineMaterials/Substrate/Glints2/dict_0004_0104.uasset" 9029
"../../../Engine/Content/EngineMaterials/Substrate/Glints2/dict_0004_0107.uasset" 9030
"../../../Engine/Content/EngineMaterials/Substrate/Glints2/dict_0004_0109.uasset" 9031
"../../../Engine/Content/EngineMaterials/Substrate/Glints2/dict_0004_0108.uasset" 9032
"/Engine/EngineMaterials/Substrate/Glints2/dict_0004_0099" 9033
"../../../Engine/Content/EngineMaterials/Substrate/Glints2/dict_0004_0110.uasset" 9034
"/Engine/EngineMaterials/Substrate/Glints2/dict_0004_0098" 9035
"/Engine/EngineMaterials/Substrate/Glints2/dict_0004_0096" 9036
"/Engine/EngineMaterials/Substrate/Glints2/dict_0004_0107" 9037
"../../../Engine/Content/EngineMaterials/Substrate/Glints2/dict_0004_0113.uasset" 9038
"/Engine/EngineMaterials/Substrate/Glints2/dict_0004_0106" 9039
"../../../Engine/Content/EngineMaterials/Substrate/Glints2/dict_0004_0111.uasset" 9040
"../../../Engine/Content/EngineMaterials/Substrate/Glints2/dict_0004_0112.uasset" 9041
"/Engine/EngineMaterials/Substrate/Glints2/dict_0004_0105" 9042
"../../../Engine/Content/EngineMaterials/Substrate/Glints2/dict_0004_0114.uasset" 9043
"/Engine/EngineMaterials/Substrate/Glints2/dict_0004_0109" 9044
"/Engine/EngineMaterials/Substrate/Glints2/dict_0004_0104" 9045
"/Engine/EngineMaterials/Substrate/Glints2/dict_0004_0103" 9046
"/Engine/EngineMaterials/Substrate/Glints2/dict_0004_0102" 9047
"../../../Engine/Content/EngineMaterials/Substrate/Glints2/dict_0004_0115.uasset" 9048
"/Engine/EngineMaterials/Substrate/Glints2/dict_0004_0101" 9049
"/Engine/EngineMaterials/Substrate/Glints2/dict_0004_0100" 9050
"/Engine/EngineMaterials/Substrate/Glints2/dict_0004_0111" 9051
"/Engine/EngineMaterials/Substrate/Glints2/dict_0004_0110" 9052
"/Engine/EngineMaterials/Substrate/Glints2/dict_0004_0108" 9053
"/Engine/EngineMaterials/Substrate/Glints2/dict_0004_0115" 9054
"/Engine/EngineMaterials/Substrate/Glints2/dict_0004_0114" 9055
"/Engine/EngineMaterials/Substrate/Glints2/dict_0004_0113" 9056
"/Engine/EngineMaterials/Substrate/Glints2/dict_0004_0112" 9057
"../../../Engine/Content/EngineMaterials/Substrate/Glints2/dict_0004_0117.uasset" 9058
"../../../Engine/Content/EngineMaterials/Substrate/Glints2/dict_0004_0118.uasset" 9059
"../../../Engine/Content/EngineMaterials/Substrate/Glints2/dict_0004_0116.uasset" 9060
"../../../Engine/Content/EngineMaterials/Substrate/Glints2/dict_0004_0120.uasset" 9061
"../../../Engine/Content/EngineMaterials/Substrate/Glints2/dict_0004_0121.uasset" 9062
"../../../Engine/Content/EngineMaterials/Substrate/Glints2/dict_0004_0119.uasset" 9063
"../../../Engine/Content/EngineMaterials/Substrate/Glints2/dict_0004_0122.uasset" 9064
"../../../Engine/Content/EngineMaterials/Substrate/Glints2/dict_0004_0125.uasset" 9065
"../../../Engine/Content/EngineMaterials/Substrate/Glints2/dict_0004_0124.uasset" 9066
"../../../Engine/Content/EngineMaterials/Substrate/Glints2/dict_0004_0123.uasset" 9067
"../../../Engine/Content/EngineMaterials/Substrate/Glints2/dict_0004_0126.uasset" 9068
"../../../Engine/Content/EngineMaterials/Substrate/Glints2/dict_0004_0129.uasset" 9069
"../../../Engine/Content/EngineMaterials/Substrate/Glints2/dict_0004_0128.uasset" 9070
"../../../Engine/Content/EngineMaterials/Substrate/Glints2/dict_0004_0131.uasset" 9071
"/Engine/EngineMaterials/Substrate/Glints2/dict_0004_0120" 9072
"../../../Engine/Content/EngineMaterials/Substrate/Glints2/dict_0004_0130.uasset" 9073
"/Engine/EngineMaterials/Substrate/Glints2/dict_0004_0119" 9074
"/Engine/EngineMaterials/Substrate/Glints2/dict_0004_0118" 9075
"/Engine/EngineMaterials/Substrate/Glints2/dict_0004_0126" 9076
"/Engine/EngineMaterials/Substrate/Glints2/dict_0004_0125" 9077
"/Engine/EngineMaterials/Substrate/Glints2/dict_0004_0117" 9078
"/Engine/EngineMaterials/Substrate/Glints2/dict_0004_0116" 9079
"../../../Engine/Content/EngineMaterials/Substrate/Glints2/dict_0004_0134.uasset" 9080
"/Engine/EngineMaterials/Substrate/Glints2/dict_0004_0124" 9081
"../../../Engine/Content/EngineMaterials/Substrate/Glints2/dict_0004_0135.uasset" 9082
"/Engine/EngineMaterials/Substrate/Glints2/dict_0004_0123" 9083
"/Engine/EngineMaterials/Substrate/Glints2/dict_0004_0122" 9084
"../../../Engine/Content/EngineMaterials/Substrate/Glints2/dict_0004_0132.uasset" 9085
"/Engine/EngineMaterials/Substrate/Glints2/dict_0004_0121" 9086
"/Engine/EngineMaterials/Substrate/Glints2/dict_0004_0128" 9087
"/Engine/EngineMaterials/Substrate/Glints2/dict_0004_0135" 9088
"/Engine/EngineMaterials/Substrate/Glints2/dict_0004_0134" 9089
"../../../Engine/Content/EngineMaterials/Substrate/Glints2/dict_0004_0133.uasset" 9090
"../../../Engine/Content/EngineMaterials/Substrate/Glints2/dict_0004_0136.uasset" 9091
"/Engine/EngineMaterials/Substrate/Glints2/dict_0004_0131" 9092
"/Engine/EngineMaterials/Substrate/Glints2/dict_0004_0130" 9093
"/Engine/EngineMaterials/Substrate/Glints2/dict_0004_0129" 9094
"/Engine/EngineMaterials/Substrate/Glints2/dict_0004_0136" 9095
"/Engine/EngineMaterials/Substrate/Glints2/dict_0004_0133" 9096
"/Engine/EngineMaterials/Substrate/Glints2/dict_0004_0132" 9097
"../../../Engine/Content/EngineMaterials/Substrate/Glints2/dict_0004_0138.uasset" 9098
"../../../Engine/Content/EngineMaterials/Substrate/Glints2/dict_0004_0137.uasset" 9099
"../../../Engine/Content/EngineMaterials/Substrate/Glints2/dict_0004_0127.uasset" 9100
"../../../Engine/Content/EngineMaterials/Substrate/Glints2/dict_0004_0140.uasset" 9101
"../../../Engine/Content/EngineMaterials/Substrate/Glints2/dict_0004_0141.uasset" 9102
"../../../Engine/Content/EngineMaterials/Substrate/Glints2/dict_0004_0144.uasset" 9103
"../../../Engine/Content/EngineMaterials/Substrate/Glints2/dict_0004_0145.uasset" 9104
"../../../Engine/Content/EngineMaterials/Substrate/Glints2/dict_0004_0142.uasset" 9105
"../../../Engine/Content/EngineMaterials/Substrate/Glints2/dict_0004_0143.uasset" 9106
"../../../Engine/Content/EngineMaterials/Substrate/Glints2/dict_0004_0139.uasset" 9107
"../../../Engine/Content/EngineMaterials/Substrate/Glints2/dict_0004_0146.uasset" 9108
"../../../Engine/Content/EngineMaterials/Substrate/Glints2/dict_0004_0149.uasset" 9109
"../../../Engine/Content/EngineMaterials/Substrate/Glints2/dict_0004_0147.uasset" 9110
"/Engine/EngineMaterials/Substrate/Glints2/dict_0004_0140" 9111
"../../../Engine/Content/EngineMaterials/Substrate/Glints2/dict_0004_0152.uasset" 9112
"/Engine/EngineMaterials/Substrate/Glints2/dict_0004_0147" 9113
"../../../Engine/Content/EngineMaterials/Substrate/Glints2/dict_0004_0150.uasset" 9114
"../../../Engine/Content/EngineMaterials/Substrate/Glints2/dict_0004_0151.uasset" 9115
"../../../Engine/Content/EngineMaterials/Substrate/Glints2/dict_0004_0148.uasset" 9116
"/Engine/EngineMaterials/Substrate/Glints2/dict_0004_0139" 9117
"/Engine/EngineMaterials/Substrate/Glints2/dict_0004_0138" 9118
"/Engine/EngineMaterials/Substrate/Glints2/dict_0004_0146" 9119
"/Engine/EngineMaterials/Substrate/Glints2/dict_0004_0145" 9120
"/Engine/EngineMaterials/Substrate/Glints2/dict_0004_0127" 9121
"/Engine/EngineMaterials/Substrate/Glints2/dict_0004_0137" 9122
"/Engine/EngineMaterials/Substrate/Glints2/dict_0004_0144" 9123
"/Engine/EngineMaterials/Substrate/Glints2/dict_0004_0143" 9124
"/Engine/EngineMaterials/Substrate/Glints2/dict_0004_0142" 9125
"../../../Engine/Content/EngineMaterials/Substrate/Glints2/dict_0004_0157.uasset" 9126
"/Engine/EngineMaterials/Substrate/Glints2/dict_0004_0149" 9127
"/Engine/EngineMaterials/Substrate/Glints2/dict_0004_0141" 9128
"/Engine/EngineMaterials/Substrate/Glints2/dict_0004_0157" 9129
"../../../Engine/Content/EngineMaterials/Substrate/Glints2/dict_0004_0158.uasset" 9130
"/Engine/EngineMaterials/Substrate/Glints2/dict_0004_0152" 9131
"/Engine/EngineMaterials/Substrate/Glints2/dict_0004_0151" 9132
"/Engine/EngineMaterials/Substrate/Glints2/dict_0004_0150" 9133
"/Engine/EngineMaterials/Substrate/Glints2/dict_0004_0148" 9134
"../../../Engine/Content/EngineMaterials/Substrate/Glints2/dict_0004_0161.uasset" 9135
"/Engine/EngineMaterials/Substrate/Glints2/dict_0004_0158" 9136
"../../../Engine/Content/EngineMaterials/Substrate/Glints2/dict_0004_0160.uasset" 9137
"../../../Engine/Content/EngineMaterials/Substrate/Glints2/dict_0004_0162.uasset" 9138
"/Engine/EngineMaterials/Substrate/Glints2/dict_0004_0161" 9139
"/Engine/EngineMaterials/Substrate/Glints2/dict_0004_0162" 9140
"../../../Engine/Content/EngineMaterials/Substrate/Glints2/dict_0004_0159.uasset" 9141
"../../../Engine/Content/EngineMaterials/Substrate/Glints2/dict_0004_0156.uasset" 9142
"/Engine/EngineMaterials/Substrate/Glints2/dict_0004_0160" 9143
"/Engine/EngineMaterials/Substrate/Glints2/dict_0004_0156" 9144
"../../../Engine/Content/EngineMaterials/Substrate/Glints2/dict_0004_0153.uasset" 9145
"/Engine/EngineMaterials/Substrate/Glints2/dict_0004_0159" 9146
"../../../Engine/Content/EngineMaterials/Substrate/Glints2/dict_0004_0155.uasset" 9147
"/Engine/EngineMaterials/Substrate/Glints2/dict_0004_0155" 9148
"/Engine/EngineMaterials/Substrate/Glints2/dict_0004_0153" 9149
"../../../Engine/Content/EngineMaterials/Substrate/Glints2/dict_0004_0163.uasset" 9150
"../../../Engine/Content/EngineMaterials/Substrate/Glints2/dict_0004_0166.uasset" 9151
"../../../Engine/Content/EngineMaterials/Substrate/Glints2/dict_0004_0165.uasset" 9152
"../../../Engine/Content/EngineMaterials/Substrate/Glints2/dict_0004_0154.uasset" 9153
"/Engine/EngineMaterials/Substrate/Glints2/dict_0004_0154" 9154
"/Engine/EngineMaterials/Substrate/Glints2/dict_0004_0163" 9155
"/Engine/EngineMaterials/Substrate/Glints2/dict_0004_0166" 9156
"../../../Engine/Content/EngineMaterials/Substrate/Glints2/dict_0004_0167.uasset" 9157
"/Engine/EngineMaterials/Substrate/Glints2/dict_0004_0165" 9158
"../../../Engine/Content/EngineMaterials/Substrate/Glints2/dict_0004_0164.uasset" 9159
"../../../Engine/Content/EngineMaterials/Substrate/Glints2/dict_0004_0169.uasset" 9160
"/Engine/EngineMaterials/Substrate/Glints2/dict_0004_0167" 9161
"../../../Engine/Content/EngineMaterials/Substrate/Glints2/dict_0004_0168.uasset" 9162
"/Engine/EngineMaterials/Substrate/Glints2/dict_0004_0164" 9163
"/Engine/EngineMaterials/Substrate/Glints2/dict_0004_0169" 9164
"/Engine/EngineMaterials/Substrate/Glints2/dict_0004_0168" 9165
"../../../Engine/Content/EngineMaterials/Substrate/Glints2/dict_0004_0173.uasset" 9166
"../../../Engine/Content/EngineMaterials/Substrate/Glints2/dict_0004_0174.uasset" 9167
"../../../Engine/Content/EngineMaterials/Substrate/Glints2/dict_0004_0170.uasset" 9168
"../../../Engine/Content/EngineMaterials/Substrate/Glints2/dict_0004_0172.uasset" 9169
"../../../Engine/Content/EngineMaterials/Substrate/Glints2/dict_0004_0171.uasset" 9170
"../../../Engine/Content/EngineMaterials/Substrate/Glints2/dict_0004_0175.uasset" 9171
"../../../Engine/Content/EngineMaterials/Substrate/Glints2/dict_0004_0177.uasset" 9172
"../../../Engine/Content/EngineMaterials/Substrate/Glints2/dict_0004_0176.uasset" 9173
"../../../Engine/Content/EngineMaterials/Substrate/Glints2/dict_0004_0178.uasset" 9174
"../../../Engine/Content/EngineMaterials/Substrate/Glints2/dict_0004_0179.uasset" 9175
"../../../Engine/Content/EngineMaterials/Substrate/Glints2/dict_0004_0183.uasset" 9176
"../../../Engine/Content/EngineMaterials/Substrate/Glints2/dict_0004_0181.uasset" 9177
"../../../Engine/Content/EngineMaterials/Substrate/Glints2/dict_0004_0182.uasset" 9178
"../../../Engine/Content/EngineMaterials/Substrate/Glints2/dict_0004_0180.uasset" 9179
"../../../Engine/Content/EngineMaterials/Substrate/Glints2/dict_0004_0184.uasset" 9180
"/Engine/EngineMaterials/Substrate/Glints2/dict_0004_0180" 9181
"/Engine/EngineMaterials/Substrate/Glints2/dict_0004_0179" 9182
"/Engine/EngineMaterials/Substrate/Glints2/dict_0004_0178" 9183
"/Engine/EngineMaterials/Substrate/Glints2/dict_0004_0177" 9184
"/Engine/EngineMaterials/Substrate/Glints2/dict_0004_0176" 9185
"/Engine/EngineMaterials/Substrate/Glints2/dict_0004_0175" 9186
"/Engine/EngineMaterials/Substrate/Glints2/dict_0004_0174" 9187
"/Engine/EngineMaterials/Substrate/Glints2/dict_0004_0173" 9188
"/Engine/EngineMaterials/Substrate/Glints2/dict_0004_0184" 9189
"/Engine/EngineMaterials/Substrate/Glints2/dict_0004_0172" 9190
"/Engine/EngineMaterials/Substrate/Glints2/dict_0004_0171" 9191
"/Engine/EngineMaterials/Substrate/Glints2/dict_0004_0183" 9192
"/Engine/EngineMaterials/Substrate/Glints2/dict_0004_0170" 9193
"/Engine/EngineMaterials/Substrate/Glints2/dict_0004_0182" 9194
"/Engine/EngineMaterials/Substrate/Glints2/dict_0004_0181" 9195
"../../../Engine/Content/EngineMaterials/Substrate/Glints2/dict_0004_0189.uasset" 9196
"../../../Engine/Content/EngineMaterials/Substrate/Glints2/dict_0004_0188.uasset" 9197
"../../../Engine/Content/EngineMaterials/Substrate/Glints2/dict_0004_0190.uasset" 9198
"../../../Engine/Content/EngineMaterials/Substrate/Glints2/dict_0004_0187.uasset" 9199
"../../../Engine/Content/EngineMaterials/Substrate/Glints2/dict_0004_0191.uasset" 9200
"../../../Engine/Content/EngineMaterials/Substrate/Glints2/dict_0004_0186.uasset" 9201
"/Engine/EngineMaterials/Substrate/Glints2/dict_0004_0187" 9202
"../../../Engine/Content/EngineMaterials/Substrate/Glints2/dict_0004_0185.uasset" 9203
"/Engine/EngineMaterials/Substrate/Glints2/dict_0004_0191" 9204
"../../../Engine/Content/EngineMaterials/Substrate/Glints2/dict_0004_0193.uasset" 9205
"/Engine/EngineMaterials/Substrate/Glints2/dict_0004_0189" 9206
"/Engine/EngineMaterials/Substrate/Glints2/dict_0004_0186" 9207
"/Engine/EngineMaterials/Substrate/Glints2/dict_0004_0188" 9208
"/Engine/EngineMaterials/Substrate/Glints2/dict_0004_0190" 9209
"/Engine/EngineMaterials/Substrate/Glints2/dict_0004_0185" 9210
"/Engine/EngineMaterials/Substrate/Glints2/dict_0004_0193" 9211
"../../../Engine/Content/EngineMaterials/Substrate/Glints2/dict_0004_0194.uasset" 9212
"../../../Engine/Content/EngineMaterials/Substrate/Glints2/dict_0004_0192.uasset" 9213
"../../../Engine/Content/EngineMaterials/Substrate/Glints2/dict_0004_0198.uasset" 9214
"../../../Engine/Content/EngineMaterials/Substrate/Glints2/dict_0004_0200.uasset" 9215
"../../../Engine/Content/EngineMaterials/Substrate/Glints2/dict_0004_0196.uasset" 9216
"../../../Engine/Content/EngineMaterials/Substrate/Glints2/dict_0004_0197.uasset" 9217
"../../../Engine/Content/EngineMaterials/Substrate/Glints2/dict_0004_0199.uasset" 9218
"../../../Engine/Content/EngineMaterials/Substrate/Glints2/dict_0004_0202.uasset" 9219
"../../../Engine/Content/EngineMaterials/Substrate/Glints2/dict_0004_0195.uasset" 9220
"/Engine/EngineMaterials/Substrate/Glints2/dict_0004_0197" 9221
"/Engine/EngineMaterials/Substrate/Glints2/dict_0004_0192" 9222
"/Engine/EngineMaterials/Substrate/Glints2/dict_0004_0198" 9223
"/Engine/EngineMaterials/Substrate/Glints2/dict_0004_0196" 9224
"/Engine/EngineMaterials/Substrate/Glints2/dict_0004_0195" 9225
"/Engine/EngineMaterials/Substrate/Glints2/dict_0004_0194" 9226
"../../../Engine/Content/EngineMaterials/Substrate/Glints2/dict_0004_0211.uasset" 9227
"../../../Engine/Content/EngineMaterials/Substrate/Glints2/dict_0004_0210.uasset" 9228
"../../../Engine/Content/EngineMaterials/Substrate/Glints2/dict_0004_0207.uasset" 9229
"../../../Engine/Content/EngineMaterials/Substrate/Glints2/dict_0004_0208.uasset" 9230
"../../../Engine/Content/EngineMaterials/Substrate/Glints2/dict_0004_0209.uasset" 9231
"/Engine/EngineMaterials/Substrate/Glints2/dict_0004_0200" 9232
"/Engine/EngineMaterials/Substrate/Glints2/dict_0004_0202" 9233
"/Engine/EngineMaterials/Substrate/Glints2/dict_0004_0199" 9234
"../../../Engine/Content/EngineMaterials/Substrate/Glints2/dict_0004_0201.uasset" 9235
"../../../Engine/Content/EngineMaterials/Substrate/Glints2/dict_0004_0204.uasset" 9236
"../../../Engine/Content/EngineMaterials/Substrate/Glints2/dict_0004_0203.uasset" 9237
"../../../Engine/Content/EngineMaterials/Substrate/Glints2/dict_0004_0206.uasset" 9238
"/Engine/EngineMaterials/Substrate/Glints2/dict_0004_0201" 9239
"/Engine/EngineMaterials/Substrate/Glints2/dict_0004_0211" 9240
"/Engine/EngineMaterials/Substrate/Glints2/dict_0004_0210" 9241
"../../../Engine/Content/EngineMaterials/Substrate/Glints2/dict_0004_0216.uasset" 9242
"../../../Engine/Content/EngineMaterials/Substrate/Glints2/dict_0004_0213.uasset" 9243
"../../../Engine/Content/EngineMaterials/Substrate/Glints2/dict_0004_0214.uasset" 9244
"../../../Engine/Content/EngineMaterials/Substrate/Glints2/dict_0004_0215.uasset" 9245
"../../../Engine/Content/EngineMaterials/Substrate/Glints2/dict_0004_0205.uasset" 9246
"../../../Engine/Content/EngineMaterials/Substrate/Glints2/dict_0004_0212.uasset" 9247
"../../../Engine/Content/EngineMaterials/Substrate/Glints2/dict_0004_0217.uasset" 9248
"/Engine/EngineMaterials/Substrate/Glints2/dict_0004_0209" 9249
"/Engine/EngineMaterials/Substrate/Glints2/dict_0004_0208" 9250
"/Engine/EngineMaterials/Substrate/Glints2/dict_0004_0207" 9251
"/Engine/EngineMaterials/Substrate/Glints2/dict_0004_0206" 9252
"/Engine/EngineMaterials/Substrate/Glints2/dict_0004_0204" 9253
"/Engine/EngineMaterials/Substrate/Glints2/dict_0004_0203" 9254
"/Engine/EngineMaterials/Substrate/Glints2/dict_0004_0216" 9255
"/Engine/EngineMaterials/Substrate/Glints2/dict_0004_0215" 9256
"/Engine/EngineMaterials/Substrate/Glints2/dict_0004_0214" 9257
"/Engine/EngineMaterials/Substrate/Glints2/dict_0004_0213" 9258
"/Engine/EngineMaterials/Substrate/Glints2/dict_0004_0212" 9259
"/Engine/EngineMaterials/Substrate/Glints2/dict_0004_0205" 9260
"/Engine/EngineMaterials/Substrate/Glints2/dict_0004_0217" 9261
"../../../Engine/Content/EngineMaterials/Substrate/Glints2/dict_0004_0220.uasset" 9262
"../../../Engine/Content/EngineMaterials/Substrate/Glints2/dict_0004_0218.uasset" 9263
"/Engine/EngineMaterials/Substrate/Glints2/dict_0004_0220" 9264
"/Engine/EngineMaterials/Substrate/Glints2/dict_0004_0218" 9265
"../../../Engine/Content/EngineMaterials/Substrate/Glints2/dict_0004_0224.uasset" 9266
"../../../Engine/Content/EngineMaterials/Substrate/Glints2/dict_0004_0225.uasset" 9267
"../../../Engine/Content/EngineMaterials/Substrate/Glints2/dict_0004_0222.uasset" 9268
"/Engine/EngineMaterials/Substrate/Glints2/dict_0004_0224" 9269
"../../../Engine/Content/EngineMaterials/Substrate/Glints2/dict_0004_0223.uasset" 9270
"/Engine/EngineMaterials/Substrate/Glints2/dict_0004_0222" 9271
"/Engine/EngineMaterials/Substrate/Glints2/dict_0004_0223" 9272
"/Engine/EngineMaterials/Substrate/Glints2/dict_0004_0225" 9273
"../../../Engine/Content/EngineMaterials/Substrate/Glints2/dict_0004_0221.uasset" 9274
"../../../Engine/Content/EngineMaterials/Substrate/Glints2/dict_0004_0226.uasset" 9275
"../../../Engine/Content/EngineMaterials/Substrate/Glints2/dict_0004_0227.uasset" 9276
"../../../Engine/Content/EngineMaterials/Substrate/Glints2/dict_0004_0219.uasset" 9277
"../../../Engine/Content/EngineMaterials/Substrate/Glints2/dict_0004_0233.uasset" 9278
"../../../Engine/Content/EngineMaterials/Substrate/Glints2/dict_0004_0231.uasset" 9279
"../../../Engine/Content/EngineMaterials/Substrate/Glints2/dict_0004_0232.uasset" 9280
"../../../Engine/Content/EngineMaterials/Substrate/Glints2/dict_0004_0230.uasset" 9281
"../../../Engine/Content/EngineMaterials/Substrate/Glints2/dict_0004_0229.uasset" 9282
"../../../Engine/Content/EngineMaterials/Substrate/Glints2/dict_0004_0228.uasset" 9283
"../../../Engine/Content/EngineMaterials/Substrate/Glints2/dict_0004_0236.uasset" 9284
"../../../Engine/Content/EngineMaterials/Substrate/Glints2/dict_0004_0235.uasset" 9285
"/Engine/EngineMaterials/Substrate/Glints2/dict_0004_0221" 9286
"../../../Engine/Content/EngineMaterials/Substrate/Glints2/dict_0004_0234.uasset" 9287
"/Engine/EngineMaterials/Substrate/Glints2/dict_0004_0233" 9288
"/Engine/EngineMaterials/Substrate/Glints2/dict_0004_0232" 9289
"/Engine/EngineMaterials/Substrate/Glints2/dict_0004_0231" 9290
"/Engine/EngineMaterials/Substrate/Glints2/dict_0004_0236" 9291
"/Engine/EngineMaterials/Substrate/Glints2/dict_0004_0230" 9292
"../../../Engine/Content/EngineMaterials/Substrate/Glints2/dict_0004_0241.uasset" 9293
"../../../Engine/Content/EngineMaterials/Substrate/Glints2/dict_0004_0238.uasset" 9294
"../../../Engine/Content/EngineMaterials/Substrate/Glints2/dict_0004_0240.uasset" 9295
"../../../Engine/Content/EngineMaterials/Substrate/Glints2/dict_0004_0237.uasset" 9296
"../../../Engine/Content/EngineMaterials/Substrate/Glints2/dict_0004_0242.uasset" 9297
"../../../Engine/Content/EngineMaterials/Substrate/Glints2/dict_0004_0239.uasset" 9298
"../../../Engine/Content/EngineMaterials/Substrate/Glints2/dict_0004_0243.uasset" 9299
"/Engine/EngineMaterials/Substrate/Glints2/dict_0004_0235" 9300
"/Engine/EngineMaterials/Substrate/Glints2/dict_0004_0229" 9301
"/Engine/EngineMaterials/Substrate/Glints2/dict_0004_0228" 9302
"/Engine/EngineMaterials/Substrate/Glints2/dict_0004_0227" 9303
"/Engine/EngineMaterials/Substrate/Glints2/dict_0004_0219" 9304
"/Engine/EngineMaterials/Substrate/Glints2/dict_0004_0226" 9305
"/Engine/EngineMaterials/Substrate/Glints2/dict_0004_0242" 9306
"/Engine/EngineMaterials/Substrate/Glints2/dict_0004_0241" 9307
"/Engine/EngineMaterials/Substrate/Glints2/dict_0004_0240" 9308
"/Engine/EngineMaterials/Substrate/Glints2/dict_0004_0239" 9309
"/Engine/EngineMaterials/Substrate/Glints2/dict_0004_0238" 9310
"/Engine/EngineMaterials/Substrate/Glints2/dict_0004_0237" 9311
"/Engine/EngineMaterials/Substrate/Glints2/dict_0004_0234" 9312
"/Engine/EngineMaterials/Substrate/Glints2/dict_0004_0243" 9313
"../../../Engine/Content/EngineMaterials/Substrate/Glints2/dict_0004_0244.uasset" 9314
"../../../Engine/Content/EngineMaterials/Substrate/Glints2/dict_0004_0246.uasset" 9315
"../../../Engine/Content/EngineMaterials/Substrate/Glints2/dict_0004_0252.uasset" 9316
"../../../Engine/Content/EngineMaterials/Substrate/Glints2/dict_0004_0249.uasset" 9317
"../../../Engine/Content/EngineMaterials/Substrate/Glints2/dict_0004_0250.uasset" 9318
"../../../Engine/Content/EngineMaterials/Substrate/Glints2/dict_0004_0253.uasset" 9319
"../../../Engine/Content/EngineMaterials/Substrate/Glints2/dict_0004_0247.uasset" 9320
"../../../Engine/Content/EngineMaterials/Substrate/Glints2/dict_0004_0251.uasset" 9321
"../../../Engine/Content/EngineMaterials/Substrate/Glints2/dict_0004_0248.uasset" 9322
"../../../Engine/Content/EngineMaterials/Substrate/Glints2/dict_0004_0255.uasset" 9323
"../../../Engine/Content/EngineMaterials/Substrate/Glints2/dict_0004_0254.uasset" 9324
"/Engine/EngineMaterials/Substrate/Glints2/dict_0004_0249" 9325
"../../../Engine/Content/EngineMaterials/Substrate/Glints2/dict_0005_0005.uasset" 9326
"../../../Engine/Content/EngineMaterials/Substrate/Glints2/dict_0005_0000.uasset" 9327
"../../../Engine/Content/EngineMaterials/Substrate/Glints2/dict_0005_0003.uasset" 9328
"/Engine/EngineMaterials/Substrate/Glints2/dict_0004_0248" 9329
"../../../Engine/Content/EngineMaterials/Substrate/Glints2/dict_0004_0245.uasset" 9330
"../../../Engine/Content/EngineMaterials/Substrate/Glints2/dict_0005_0002.uasset" 9331
"/Engine/EngineMaterials/Substrate/Glints2/dict_0004_0247" 9332
"/Engine/EngineMaterials/Substrate/Glints2/dict_0004_0246" 9333
"../../../Engine/Content/EngineMaterials/Substrate/Glints2/dict_0005_0001.uasset" 9334
"/Engine/EngineMaterials/Substrate/Glints2/dict_0004_0252" 9335
"../../../Engine/Content/EngineMaterials/Substrate/Glints2/dict_0005_0004.uasset" 9336
"/Engine/EngineMaterials/Substrate/Glints2/dict_0004_0251" 9337
"/Engine/EngineMaterials/Substrate/Glints2/dict_0004_0244" 9338
"/Engine/EngineMaterials/Substrate/Glints2/dict_0004_0250" 9339
"/Engine/EngineMaterials/Substrate/Glints2/dict_0004_0253" 9340
"/Engine/EngineMaterials/Substrate/Glints2/dict_0004_0255" 9341
"/Engine/EngineMaterials/Substrate/Glints2/dict_0004_0245" 9342
"/Engine/EngineMaterials/Substrate/Glints2/dict_0004_0254" 9343
"/Engine/EngineMaterials/Substrate/Glints2/dict_0005_0005" 9344
"../../../Engine/Content/EngineMaterials/Substrate/Glints2/dict_0005_0006.uasset" 9345
"/Engine/EngineMaterials/Substrate/Glints2/dict_0005_0004" 9346
"/Engine/EngineMaterials/Substrate/Glints2/dict_0005_0003" 9347
"/Engine/EngineMaterials/Substrate/Glints2/dict_0005_0002" 9348
"/Engine/EngineMaterials/Substrate/Glints2/dict_0005_0001" 9349
"/Engine/EngineMaterials/Substrate/Glints2/dict_0005_0000" 9350
"/Engine/EngineMaterials/Substrate/Glints2/dict_0005_0006" 9351
"../../../Engine/Content/EngineMaterials/Substrate/Glints2/dict_0005_0010.uasset" 9352
"../../../Engine/Content/EngineMaterials/Substrate/Glints2/dict_0005_0007.uasset" 9353
"../../../Engine/Content/EngineMaterials/Substrate/Glints2/dict_0005_0011.uasset" 9354
"../../../Engine/Content/EngineMaterials/Substrate/Glints2/dict_0005_0008.uasset" 9355
"../../../Engine/Content/EngineMaterials/Substrate/Glints2/dict_0005_0009.uasset" 9356
"../../../Engine/Content/EngineMaterials/Substrate/Glints2/dict_0005_0014.uasset" 9357
"../../../Engine/Content/EngineMaterials/Substrate/Glints2/dict_0005_0013.uasset" 9358
"../../../Engine/Content/EngineMaterials/Substrate/Glints2/dict_0005_0015.uasset" 9359
"../../../Engine/Content/EngineMaterials/Substrate/Glints2/dict_0005_0012.uasset" 9360
"../../../Engine/Content/EngineMaterials/Substrate/Glints2/dict_0005_0017.uasset" 9361
"../../../Engine/Content/EngineMaterials/Substrate/Glints2/dict_0005_0020.uasset" 9362
"../../../Engine/Content/EngineMaterials/Substrate/Glints2/dict_0005_0016.uasset" 9363
"../../../Engine/Content/EngineMaterials/Substrate/Glints2/dict_0005_0018.uasset" 9364
"../../../Engine/Content/EngineMaterials/Substrate/Glints2/dict_0005_0019.uasset" 9365
"/Engine/EngineMaterials/Substrate/Glints2/dict_0005_0011" 9366
"../../../Engine/Content/EngineMaterials/Substrate/Glints2/dict_0005_0022.uasset" 9367
"/Engine/EngineMaterials/Substrate/Glints2/dict_0005_0018" 9368
"../../../Engine/Content/EngineMaterials/Substrate/Glints2/dict_0005_0021.uasset" 9369
"/Engine/EngineMaterials/Substrate/Glints2/dict_0005_0017" 9370
"/Engine/EngineMaterials/Substrate/Glints2/dict_0005_0010" 9371
"/Engine/EngineMaterials/Substrate/Glints2/dict_0005_0009" 9372
"../../../Engine/Content/EngineMaterials/Substrate/Glints2/dict_0005_0023.uasset" 9373
"../../../Engine/Content/EngineMaterials/Substrate/Glints2/dict_0005_0027.uasset" 9374
"../../../Engine/Content/EngineMaterials/Substrate/Glints2/dict_0005_0026.uasset" 9375
"../../../Engine/Content/EngineMaterials/Substrate/Glints2/dict_0005_0028.uasset" 9376
"../../../Engine/Content/EngineMaterials/Substrate/Glints2/dict_0005_0024.uasset" 9377
"../../../Engine/Content/EngineMaterials/Substrate/Glints2/dict_0005_0031.uasset" 9378
"/Engine/EngineMaterials/Substrate/Glints2/dict_0005_0016" 9379
"../../../Engine/Content/EngineMaterials/Substrate/Glints2/dict_0005_0029.uasset" 9380
"/Engine/EngineMaterials/Substrate/Glints2/dict_0005_0008" 9381
"/Engine/EngineMaterials/Substrate/Glints2/dict_0005_0015" 9382
"/Engine/EngineMaterials/Substrate/Glints2/dict_0005_0014" 9383
"/Engine/EngineMaterials/Substrate/Glints2/dict_0005_0007" 9384
"../../../Engine/Content/EngineMaterials/Substrate/Glints2/dict_0005_0035.uasset" 9385
"/Engine/EngineMaterials/Substrate/Glints2/dict_0005_0013" 9386
"../../../Engine/Content/EngineMaterials/Substrate/Glints2/dict_0005_0030.uasset" 9387
"../../../Engine/Content/EngineMaterials/Substrate/Glints2/dict_0005_0033.uasset" 9388
"../../../Engine/Content/EngineMaterials/Substrate/Glints2/dict_0005_0025.uasset" 9389
"/Engine/EngineMaterials/Substrate/Glints2/dict_0005_0012" 9390
"/Engine/EngineMaterials/Substrate/Glints2/dict_0005_0020" 9391
"/Engine/EngineMaterials/Substrate/Glints2/dict_0005_0028" 9392
"/Engine/EngineMaterials/Substrate/Glints2/dict_0005_0027" 9393
"/Engine/EngineMaterials/Substrate/Glints2/dict_0005_0026" 9394
"../../../Engine/Content/EngineMaterials/Substrate/Glints2/dict_0005_0034.uasset" 9395
"/Engine/EngineMaterials/Substrate/Glints2/dict_0005_0019" 9396
"/Engine/EngineMaterials/Substrate/Glints2/dict_0005_0025" 9397
"../../../Engine/Content/EngineMaterials/Substrate/Glints2/dict_0005_0032.uasset" 9398
"../../../Engine/Content/EngineMaterials/Substrate/Glints2/dict_0005_0038.uasset" 9399
"../../../Engine/Content/EngineMaterials/Substrate/Glints2/dict_0005_0036.uasset" 9400
"/Engine/EngineMaterials/Substrate/Glints2/dict_0005_0024" 9401
"/Engine/EngineMaterials/Substrate/Glints2/dict_0005_0035" 9402
"/Engine/EngineMaterials/Substrate/Glints2/dict_0005_0023" 9403
"/Engine/EngineMaterials/Substrate/Glints2/dict_0005_0022" 9404
"/Engine/EngineMaterials/Substrate/Glints2/dict_0005_0033" 9405
"/Engine/EngineMaterials/Substrate/Glints2/dict_0005_0031" 9406
"/Engine/EngineMaterials/Substrate/Glints2/dict_0005_0030" 9407
"/Engine/EngineMaterials/Substrate/Glints2/dict_0005_0021" 9408
"/Engine/EngineMaterials/Substrate/Glints2/dict_0005_0029" 9409
"/Engine/EngineMaterials/Substrate/Glints2/dict_0005_0036" 9410
"/Engine/EngineMaterials/Substrate/Glints2/dict_0005_0038" 9411
"/Engine/EngineMaterials/Substrate/Glints2/dict_0005_0034" 9412
"/Engine/EngineMaterials/Substrate/Glints2/dict_0005_0032" 9413
"../../../Engine/Content/EngineMaterials/Substrate/Glints2/dict_0005_0039.uasset" 9414
"/Engine/EngineMaterials/Substrate/Glints2/dict_0005_0039" 9415
"../../../Engine/Content/EngineMaterials/Substrate/Glints2/dict_0005_0037.uasset" 9416
"/Engine/EngineMaterials/Substrate/Glints2/dict_0005_0037" 9417
"../../../Engine/Content/EngineMaterials/Substrate/Glints2/dict_0005_0041.uasset" 9418
"../../../Engine/Content/EngineMaterials/Substrate/Glints2/dict_0005_0040.uasset" 9419
"../../../Engine/Content/EngineMaterials/Substrate/Glints2/dict_0005_0044.uasset" 9420
"/Engine/EngineMaterials/Substrate/Glints2/dict_0005_0044" 9421
"../../../Engine/Content/EngineMaterials/Substrate/Glints2/dict_0005_0042.uasset" 9422
"/Engine/EngineMaterials/Substrate/Glints2/dict_0005_0041" 9423
"../../../Engine/Content/EngineMaterials/Substrate/Glints2/dict_0005_0043.uasset" 9424
"../../../Engine/Content/EngineMaterials/Substrate/Glints2/dict_0005_0045.uasset" 9425
"/Engine/EngineMaterials/Substrate/Glints2/dict_0005_0040" 9426
"/Engine/EngineMaterials/Substrate/Glints2/dict_0005_0045" 9427
"/Engine/EngineMaterials/Substrate/Glints2/dict_0005_0043" 9428
"/Engine/EngineMaterials/Substrate/Glints2/dict_0005_0042" 9429
"../../../Engine/Content/EngineMaterials/Substrate/Glints2/dict_0005_0046.uasset" 9430
"../../../Engine/Content/EngineMaterials/Substrate/Glints2/dict_0005_0047.uasset" 9431
"../../../Engine/Content/EngineMaterials/Substrate/Glints2/dict_0005_0049.uasset" 9432
"../../../Engine/Content/EngineMaterials/Substrate/Glints2/dict_0005_0050.uasset" 9433
"../../../Engine/Content/EngineMaterials/Substrate/Glints2/dict_0005_0048.uasset" 9434
"../../../Engine/Content/EngineMaterials/Substrate/Glints2/dict_0005_0052.uasset" 9435
"../../../Engine/Content/EngineMaterials/Substrate/Glints2/dict_0005_0054.uasset" 9436
"../../../Engine/Content/EngineMaterials/Substrate/Glints2/dict_0005_0053.uasset" 9437
"../../../Engine/Content/EngineMaterials/Substrate/Glints2/dict_0005_0051.uasset" 9438
"../../../Engine/Content/EngineMaterials/Substrate/Glints2/dict_0005_0055.uasset" 9439
"/Engine/EngineMaterials/Substrate/Glints2/dict_0005_0051" 9440
"/Engine/EngineMaterials/Substrate/Glints2/dict_0005_0050" 9441
"../../../Engine/Content/EngineMaterials/Substrate/Glints2/dict_0005_0056.uasset" 9442
"../../../Engine/Content/EngineMaterials/Substrate/Glints2/dict_0005_0059.uasset" 9443
"../../../Engine/Content/EngineMaterials/Substrate/Glints2/dict_0005_0057.uasset" 9444
"../../../Engine/Content/EngineMaterials/Substrate/Glints2/dict_0005_0058.uasset" 9445
"/Engine/EngineMaterials/Substrate/Glints2/dict_0005_0049" 9446
"/Engine/EngineMaterials/Substrate/Glints2/dict_0005_0048" 9447
"/Engine/EngineMaterials/Substrate/Glints2/dict_0005_0047" 9448
"/Engine/EngineMaterials/Substrate/Glints2/dict_0005_0046" 9449
"/Engine/EngineMaterials/Substrate/Glints2/dict_0005_0055" 9450
"../../../Engine/Content/EngineMaterials/Substrate/Glints2/dict_0005_0063.uasset" 9451
"../../../Engine/Content/EngineMaterials/Substrate/Glints2/dict_0005_0061.uasset" 9452
"../../../Engine/Content/EngineMaterials/Substrate/Glints2/dict_0005_0060.uasset" 9453
"/Engine/EngineMaterials/Substrate/Glints2/dict_0005_0054" 9454
"../../../Engine/Content/EngineMaterials/Substrate/Glints2/dict_0005_0064.uasset" 9455
"/Engine/EngineMaterials/Substrate/Glints2/dict_0005_0053" 9456
"../../../Engine/Content/EngineMaterials/Substrate/Glints2/dict_0005_0062.uasset" 9457
"/Engine/EngineMaterials/Substrate/Glints2/dict_0005_0052" 9458
"/Engine/EngineMaterials/Substrate/Glints2/dict_0005_0064" 9459
"/Engine/EngineMaterials/Substrate/Glints2/dict_0005_0063" 9460
"/Engine/EngineMaterials/Substrate/Glints2/dict_0005_0061" 9461
"/Engine/EngineMaterials/Substrate/Glints2/dict_0005_0060" 9462
"/Engine/EngineMaterials/Substrate/Glints2/dict_0005_0059" 9463
"/Engine/EngineMaterials/Substrate/Glints2/dict_0005_0058" 9464
"/Engine/EngineMaterials/Substrate/Glints2/dict_0005_0057" 9465
"/Engine/EngineMaterials/Substrate/Glints2/dict_0005_0056" 9466
"/Engine/EngineMaterials/Substrate/Glints2/dict_0005_0062" 9467
"../../../Engine/Content/EngineMaterials/Substrate/Glints2/dict_0005_0065.uasset" 9468
"../../../Engine/Content/EngineMaterials/Substrate/Glints2/dict_0005_0067.uasset" 9469
"../../../Engine/Content/EngineMaterials/Substrate/Glints2/dict_0005_0066.uasset" 9470
"../../../Engine/Content/EngineMaterials/Substrate/Glints2/dict_0005_0068.uasset" 9471
"../../../Engine/Content/EngineMaterials/Substrate/Glints2/dict_0005_0069.uasset" 9472
"../../../Engine/Content/EngineMaterials/Substrate/Glints2/dict_0005_0070.uasset" 9473
"../../../Engine/Content/EngineMaterials/Substrate/Glints2/dict_0005_0074.uasset" 9474
"../../../Engine/Content/EngineMaterials/Substrate/Glints2/dict_0005_0071.uasset" 9475
"../../../Engine/Content/EngineMaterials/Substrate/Glints2/dict_0005_0072.uasset" 9476
"../../../Engine/Content/EngineMaterials/Substrate/Glints2/dict_0005_0075.uasset" 9477
"../../../Engine/Content/EngineMaterials/Substrate/Glints2/dict_0005_0077.uasset" 9478
"../../../Engine/Content/EngineMaterials/Substrate/Glints2/dict_0005_0076.uasset" 9479
"../../../Engine/Content/EngineMaterials/Substrate/Glints2/dict_0005_0073.uasset" 9480
"../../../Engine/Content/EngineMaterials/Substrate/Glints2/dict_0005_0078.uasset" 9481
"../../../Engine/Content/EngineMaterials/Substrate/Glints2/dict_0005_0080.uasset" 9482
"/Engine/EngineMaterials/Substrate/Glints2/dict_0005_0065" 9483
"/Engine/EngineMaterials/Substrate/Glints2/dict_0005_0071" 9484
"/Engine/EngineMaterials/Substrate/Glints2/dict_0005_0069" 9485
"/Engine/EngineMaterials/Substrate/Glints2/dict_0005_0077" 9486
"/Engine/EngineMaterials/Substrate/Glints2/dict_0005_0074" 9487
"/Engine/EngineMaterials/Substrate/Glints2/dict_0005_0076" 9488
"/Engine/EngineMaterials/Substrate/Glints2/dict_0005_0075" 9489
"../../../Engine/Content/EngineMaterials/Substrate/Glints2/dict_0005_0081.uasset" 9490
"../../../Engine/Content/EngineMaterials/Substrate/Glints2/dict_0005_0082.uasset" 9491
"../../../Engine/Content/EngineMaterials/Substrate/Glints2/dict_0005_0084.uasset" 9492
"/Engine/EngineMaterials/Substrate/Glints2/dict_0005_0068" 9493
"../../../Engine/Content/EngineMaterials/Substrate/Glints2/dict_0005_0083.uasset" 9494
"../../../Engine/Content/EngineMaterials/Substrate/Glints2/dict_0005_0086.uasset" 9495
"/Engine/EngineMaterials/Substrate/Glints2/dict_0005_0067" 9496
"/Engine/EngineMaterials/Substrate/Glints2/dict_0005_0073" 9497
"../../../Engine/Content/EngineMaterials/Substrate/Glints2/dict_0005_0079.uasset" 9498
"/Engine/EngineMaterials/Substrate/Glints2/dict_0005_0066" 9499
"/Engine/EngineMaterials/Substrate/Glints2/dict_0005_0080" 9500
"../../../Engine/Content/EngineMaterials/Substrate/Glints2/dict_0005_0088.uasset" 9501
"/Engine/EngineMaterials/Substrate/Glints2/dict_0005_0072" 9502
"../../../Engine/Content/EngineMaterials/Substrate/Glints2/dict_0005_0085.uasset" 9503
"/Engine/EngineMaterials/Substrate/Glints2/dict_0005_0078" 9504
"/Engine/EngineMaterials/Substrate/Glints2/dict_0005_0070" 9505
"/Engine/EngineMaterials/Substrate/Glints2/dict_0005_0086" 9506
"/Engine/EngineMaterials/Substrate/Glints2/dict_0005_0085" 9507
"/Engine/EngineMaterials/Substrate/Glints2/dict_0005_0084" 9508
"/Engine/EngineMaterials/Substrate/Glints2/dict_0005_0083" 9509
"/Engine/EngineMaterials/Substrate/Glints2/dict_0005_0082" 9510
"/Engine/EngineMaterials/Substrate/Glints2/dict_0005_0088" 9511
"/Engine/EngineMaterials/Substrate/Glints2/dict_0005_0081" 9512
"/Engine/EngineMaterials/Substrate/Glints2/dict_0005_0079" 9513
"../../../Engine/Content/EngineMaterials/Substrate/Glints2/dict_0005_0092.uasset" 9514
"../../../Engine/Content/EngineMaterials/Substrate/Glints2/dict_0005_0093.uasset" 9515
"../../../Engine/Content/EngineMaterials/Substrate/Glints2/dict_0005_0094.uasset" 9516
"../../../Engine/Content/EngineMaterials/Substrate/Glints2/dict_0005_0091.uasset" 9517
"../../../Engine/Content/EngineMaterials/Substrate/Glints2/dict_0005_0090.uasset" 9518
"../../../Engine/Content/EngineMaterials/Substrate/Glints2/dict_0005_0089.uasset" 9519
"../../../Engine/Content/EngineMaterials/Substrate/Glints2/dict_0005_0095.uasset" 9520
"../../../Engine/Content/EngineMaterials/Substrate/Glints2/dict_0005_0087.uasset" 9521
"/Engine/EngineMaterials/Substrate/Glints2/dict_0005_0095" 9522
"../../../Engine/Content/EngineMaterials/Substrate/Glints2/dict_0005_0097.uasset" 9523
"../../../Engine/Content/EngineMaterials/Substrate/Glints2/dict_0005_0098.uasset" 9524
"../../../Engine/Content/EngineMaterials/Substrate/Glints2/dict_0005_0101.uasset" 9525
"../../../Engine/Content/EngineMaterials/Substrate/Glints2/dict_0005_0100.uasset" 9526
"../../../Engine/Content/EngineMaterials/Substrate/Glints2/dict_0005_0099.uasset" 9527
"/Engine/EngineMaterials/Substrate/Glints2/dict_0005_0094" 9528
"/Engine/EngineMaterials/Substrate/Glints2/dict_0005_0093" 9529
"/Engine/EngineMaterials/Substrate/Glints2/dict_0005_0092" 9530
"/Engine/EngineMaterials/Substrate/Glints2/dict_0005_0091" 9531
"/Engine/EngineMaterials/Substrate/Glints2/dict_0005_0090" 9532
"/Engine/EngineMaterials/Substrate/Glints2/dict_0005_0089" 9533
"/Engine/EngineMaterials/Substrate/Glints2/dict_0005_0087" 9534
"/Engine/EngineMaterials/Substrate/Glints2/dict_0005_0101" 9535
"../../../Engine/Content/EngineMaterials/Substrate/Glints2/dict_0005_0102.uasset" 9536
"/Engine/EngineMaterials/Substrate/Glints2/dict_0005_0100" 9537
"../../../Engine/Content/EngineMaterials/Substrate/Glints2/dict_0005_0108.uasset" 9538
"../../../Engine/Content/EngineMaterials/Substrate/Glints2/dict_0005_0106.uasset" 9539
"../../../Engine/Content/EngineMaterials/Substrate/Glints2/dict_0005_0109.uasset" 9540
"../../../Engine/Content/EngineMaterials/Substrate/Glints2/dict_0005_0107.uasset" 9541
"../../../Engine/Content/EngineMaterials/Substrate/Glints2/dict_0005_0105.uasset" 9542
"/Engine/EngineMaterials/Substrate/Glints2/dict_0005_0099" 9543
"/Engine/EngineMaterials/Substrate/Glints2/dict_0005_0098" 9544
"/Engine/EngineMaterials/Substrate/Glints2/dict_0005_0097" 9545
"/Engine/EngineMaterials/Substrate/Glints2/dict_0005_0109" 9546
"/Engine/EngineMaterials/Substrate/Glints2/dict_0005_0108" 9547
"../../../Engine/Content/EngineMaterials/Substrate/Glints2/dict_0005_0096.uasset" 9548
"/Engine/EngineMaterials/Substrate/Glints2/dict_0005_0107" 9549
"/Engine/EngineMaterials/Substrate/Glints2/dict_0005_0106" 9550
"/Engine/EngineMaterials/Substrate/Glints2/dict_0005_0105" 9551
"/Engine/EngineMaterials/Substrate/Glints2/dict_0005_0102" 9552
"/Engine/EngineMaterials/Substrate/Glints2/dict_0005_0096" 9553
"../../../Engine/Content/EngineMaterials/Substrate/Glints2/dict_0005_0111.uasset" 9554
"../../../Engine/Content/EngineMaterials/Substrate/Glints2/dict_0005_0110.uasset" 9555
"../../../Engine/Content/EngineMaterials/Substrate/Glints2/dict_0005_0104.uasset" 9556
"../../../Engine/Content/EngineMaterials/Substrate/Glints2/dict_0005_0112.uasset" 9557
"../../../Engine/Content/EngineMaterials/Substrate/Glints2/dict_0005_0113.uasset" 9558
"../../../Engine/Content/EngineMaterials/Substrate/Glints2/dict_0005_0116.uasset" 9559
"../../../Engine/Content/EngineMaterials/Substrate/Glints2/dict_0005_0114.uasset" 9560
"../../../Engine/Content/EngineMaterials/Substrate/Glints2/dict_0005_0117.uasset" 9561
"/Engine/EngineMaterials/Substrate/Glints2/dict_0005_0111" 9562
"../../../Engine/Content/EngineMaterials/Substrate/Glints2/dict_0005_0115.uasset" 9563
"../../../Engine/Content/EngineMaterials/Substrate/Glints2/dict_0005_0122.uasset" 9564
"../../../Engine/Content/EngineMaterials/Substrate/Glints2/dict_0005_0118.uasset" 9565
"../../../Engine/Content/EngineMaterials/Substrate/Glints2/dict_0005_0121.uasset" 9566
"../../../Engine/Content/EngineMaterials/Substrate/Glints2/dict_0005_0119.uasset" 9567
"../../../Engine/Content/EngineMaterials/Substrate/Glints2/dict_0005_0103.uasset" 9568
"/Engine/EngineMaterials/Substrate/Glints2/dict_0005_0110" 9569
"/Engine/EngineMaterials/Substrate/Glints2/dict_0005_0117" 9570
"../../../Engine/Content/EngineMaterials/Substrate/Glints2/dict_0005_0120.uasset" 9571
"/Engine/EngineMaterials/Substrate/Glints2/dict_0005_0116" 9572
"/Engine/EngineMaterials/Substrate/Glints2/dict_0005_0104" 9573
"/Engine/EngineMaterials/Substrate/Glints2/dict_0005_0114" 9574
"/Engine/EngineMaterials/Substrate/Glints2/dict_0005_0113" 9575
"/Engine/EngineMaterials/Substrate/Glints2/dict_0005_0112" 9576
"/Engine/EngineMaterials/Substrate/Glints2/dict_0005_0119" 9577
"../../../Engine/Content/EngineMaterials/Substrate/Glints2/dict_0005_0124.uasset" 9578
"../../../Engine/Content/EngineMaterials/Substrate/Glints2/dict_0005_0123.uasset" 9579
"/Engine/EngineMaterials/Substrate/Glints2/dict_0005_0122" 9580
"../../../Engine/Content/EngineMaterials/Substrate/Glints2/dict_0005_0125.uasset" 9581
"../../../Engine/Content/EngineMaterials/Substrate/Glints2/dict_0005_0130.uasset" 9582
"../../../Engine/Content/EngineMaterials/Substrate/Glints2/dict_0005_0131.uasset" 9583
"../../../Engine/Content/EngineMaterials/Substrate/Glints2/dict_0005_0126.uasset" 9584
"/Engine/EngineMaterials/Substrate/Glints2/dict_0005_0118" 9585
"/Engine/EngineMaterials/Substrate/Glints2/dict_0005_0115" 9586
"../../../Engine/Content/EngineMaterials/Substrate/Glints2/dict_0005_0127.uasset" 9587
"/Engine/EngineMaterials/Substrate/Glints2/dict_0005_0121" 9588
"/Engine/EngineMaterials/Substrate/Glints2/dict_0005_0120" 9589
"../../../Engine/Content/EngineMaterials/Substrate/Glints2/dict_0005_0128.uasset" 9590
"/Engine/EngineMaterials/Substrate/Glints2/dict_0005_0103" 9591
"/Engine/EngineMaterials/Substrate/Glints2/dict_0005_0126" 9592
"/Engine/EngineMaterials/Substrate/Glints2/dict_0005_0125" 9593
"../../../Engine/Content/EngineMaterials/Substrate/Glints2/dict_0005_0132.uasset" 9594
"../../../Engine/Content/EngineMaterials/Substrate/Glints2/dict_0005_0129.uasset" 9595
"/Engine/EngineMaterials/Substrate/Glints2/dict_0005_0124" 9596
"../../../Engine/Content/EngineMaterials/Substrate/Glints2/dict_0005_0133.uasset" 9597
"/Engine/EngineMaterials/Substrate/Glints2/dict_0005_0123" 9598
"/Engine/EngineMaterials/Substrate/Glints2/dict_0005_0131" 9599
"/Engine/EngineMaterials/Substrate/Glints2/dict_0005_0130" 9600
"/Engine/EngineMaterials/Substrate/Glints2/dict_0005_0128" 9601
"/Engine/EngineMaterials/Substrate/Glints2/dict_0005_0127" 9602
"/Engine/EngineMaterials/Substrate/Glints2/dict_0005_0132" 9603
"../../../Engine/Content/EngineMaterials/Substrate/Glints2/dict_0005_0135.uasset" 9604
"../../../Engine/Content/EngineMaterials/Substrate/Glints2/dict_0005_0134.uasset" 9605
"/Engine/EngineMaterials/Substrate/Glints2/dict_0005_0133" 9606
"../../../Engine/Content/EngineMaterials/Substrate/Glints2/dict_0005_0138.uasset" 9607
"/Engine/EngineMaterials/Substrate/Glints2/dict_0005_0129" 9608
"/Engine/EngineMaterials/Substrate/Glints2/dict_0005_0138" 9609
"/Engine/EngineMaterials/Substrate/Glints2/dict_0005_0135" 9610
"../../../Engine/Content/EngineMaterials/Substrate/Glints2/dict_0005_0137.uasset" 9611
"/Engine/EngineMaterials/Substrate/Glints2/dict_0005_0134" 9612
"/Engine/EngineMaterials/Substrate/Glints2/dict_0005_0137" 9613
"../../../Engine/Content/EngineMaterials/Substrate/Glints2/dict_0005_0143.uasset" 9614
"../../../Engine/Content/EngineMaterials/Substrate/Glints2/dict_0005_0142.uasset" 9615
"../../../Engine/Content/EngineMaterials/Substrate/Glints2/dict_0005_0141.uasset" 9616
"../../../Engine/Content/EngineMaterials/Substrate/Glints2/dict_0005_0136.uasset" 9617
"../../../Engine/Content/EngineMaterials/Substrate/Glints2/dict_0005_0145.uasset" 9618
"../../../Engine/Content/EngineMaterials/Substrate/Glints2/dict_0005_0139.uasset" 9619
"../../../Engine/Content/EngineMaterials/Substrate/Glints2/dict_0005_0140.uasset" 9620
"../../../Engine/Content/EngineMaterials/Substrate/Glints2/dict_0005_0144.uasset" 9621
"/Engine/EngineMaterials/Substrate/Glints2/dict_0005_0139" 9622
"/Engine/EngineMaterials/Substrate/Glints2/dict_0005_0145" 9623
"/Engine/EngineMaterials/Substrate/Glints2/dict_0005_0144" 9624
"/Engine/EngineMaterials/Substrate/Glints2/dict_0005_0136" 9625
"../../../Engine/Content/EngineMaterials/Substrate/Glints2/dict_0005_0148.uasset" 9626
"../../../Engine/Content/EngineMaterials/Substrate/Glints2/dict_0005_0151.uasset" 9627
"../../../Engine/Content/EngineMaterials/Substrate/Glints2/dict_0005_0149.uasset" 9628
"../../../Engine/Content/EngineMaterials/Substrate/Glints2/dict_0005_0150.uasset" 9629
"/Engine/EngineMaterials/Substrate/Glints2/dict_0005_0143" 9630
"../../../Engine/Content/EngineMaterials/Substrate/Glints2/dict_0005_0152.uasset" 9631
"../../../Engine/Content/EngineMaterials/Substrate/Glints2/dict_0005_0154.uasset" 9632
"/Engine/EngineMaterials/Substrate/Glints2/dict_0005_0142" 9633
"/Engine/EngineMaterials/Substrate/Glints2/dict_0005_0141" 9634
"/Engine/EngineMaterials/Substrate/Glints2/dict_0005_0140" 9635
"../../../Engine/Content/EngineMaterials/Substrate/Glints2/dict_0005_0146.uasset" 9636
"/Engine/EngineMaterials/Substrate/Glints2/dict_0005_0154" 9637
"/Engine/EngineMaterials/Substrate/Glints2/dict_0005_0152" 9638
"/Engine/EngineMaterials/Substrate/Glints2/dict_0005_0151" 9639
"/Engine/EngineMaterials/Substrate/Glints2/dict_0005_0150" 9640
"/Engine/EngineMaterials/Substrate/Glints2/dict_0005_0149" 9641
"/Engine/EngineMaterials/Substrate/Glints2/dict_0005_0148" 9642
"/Engine/EngineMaterials/Substrate/Glints2/dict_0005_0146" 9643
"../../../Engine/Content/EngineMaterials/Substrate/Glints2/dict_0005_0155.uasset" 9644
"../../../Engine/Content/EngineMaterials/Substrate/Glints2/dict_0005_0147.uasset" 9645
"../../../Engine/Content/EngineMaterials/Substrate/Glints2/dict_0005_0153.uasset" 9646
"../../../Engine/Content/EngineMaterials/Substrate/Glints2/dict_0005_0158.uasset" 9647
"../../../Engine/Content/EngineMaterials/Substrate/Glints2/dict_0005_0159.uasset" 9648
"../../../Engine/Content/EngineMaterials/Substrate/Glints2/dict_0005_0157.uasset" 9649
"../../../Engine/Content/EngineMaterials/Substrate/Glints2/dict_0005_0156.uasset" 9650
"../../../Engine/Content/EngineMaterials/Substrate/Glints2/dict_0005_0162.uasset" 9651
"../../../Engine/Content/EngineMaterials/Substrate/Glints2/dict_0005_0160.uasset" 9652
"../../../Engine/Content/EngineMaterials/Substrate/Glints2/dict_0005_0161.uasset" 9653
"../../../Engine/Content/EngineMaterials/Substrate/Glints2/dict_0005_0164.uasset" 9654
"../../../Engine/Content/EngineMaterials/Substrate/Glints2/dict_0005_0165.uasset" 9655
"../../../Engine/Content/EngineMaterials/Substrate/Glints2/dict_0005_0163.uasset" 9656
"/Engine/EngineMaterials/Substrate/Glints2/dict_0005_0147" 9657
"/Engine/EngineMaterials/Substrate/Glints2/dict_0005_0162" 9658
"/Engine/EngineMaterials/Substrate/Glints2/dict_0005_0161" 9659
"/Engine/EngineMaterials/Substrate/Glints2/dict_0005_0160" 9660
"/Engine/EngineMaterials/Substrate/Glints2/dict_0005_0159" 9661
"/Engine/EngineMaterials/Substrate/Glints2/dict_0005_0165" 9662
"/Engine/EngineMaterials/Substrate/Glints2/dict_0005_0153" 9663
"/Engine/EngineMaterials/Substrate/Glints2/dict_0005_0164" 9664
"../../../Engine/Content/EngineMaterials/Substrate/Glints2/dict_0005_0168.uasset" 9665
"/Engine/EngineMaterials/Substrate/Glints2/dict_0005_0158" 9666
"/Engine/EngineMaterials/Substrate/Glints2/dict_0005_0157" 9667
"../../../Engine/Content/EngineMaterials/Substrate/Glints2/dict_0005_0166.uasset" 9668
"/Engine/EngineMaterials/Substrate/Glints2/dict_0005_0163" 9669
"/Engine/EngineMaterials/Substrate/Glints2/dict_0005_0156" 9670
"../../../Engine/Content/EngineMaterials/Substrate/Glints2/dict_0005_0169.uasset" 9671
"/Engine/EngineMaterials/Substrate/Glints2/dict_0005_0155" 9672
"../../../Engine/Content/EngineMaterials/Substrate/Glints2/dict_0005_0171.uasset" 9673
"../../../Engine/Content/EngineMaterials/Substrate/Glints2/dict_0005_0167.uasset" 9674
"/Engine/EngineMaterials/Substrate/Glints2/dict_0005_0168" 9675
"../../../Engine/Content/EngineMaterials/Substrate/Glints2/dict_0005_0170.uasset" 9676
"/Engine/EngineMaterials/Substrate/Glints2/dict_0005_0169" 9677
"/Engine/EngineMaterials/Substrate/Glints2/dict_0005_0166" 9678
"/Engine/EngineMaterials/Substrate/Glints2/dict_0005_0171" 9679
"/Engine/EngineMaterials/Substrate/Glints2/dict_0005_0167" 9680
"/Engine/EngineMaterials/Substrate/Glints2/dict_0005_0170" 9681
"../../../Engine/Content/EngineMaterials/Substrate/Glints2/dict_0005_0172.uasset" 9682
"../../../Engine/Content/EngineMaterials/Substrate/Glints2/dict_0005_0175.uasset" 9683
"../../../Engine/Content/EngineMaterials/Substrate/Glints2/dict_0005_0173.uasset" 9684
"../../../Engine/Content/EngineMaterials/Substrate/Glints2/dict_0005_0176.uasset" 9685
"../../../Engine/Content/EngineMaterials/Substrate/Glints2/dict_0005_0174.uasset" 9686
"../../../Engine/Content/EngineMaterials/Substrate/Glints2/dict_0005_0179.uasset" 9687
"../../../Engine/Content/EngineMaterials/Substrate/Glints2/dict_0005_0178.uasset" 9688
"../../../Engine/Content/EngineMaterials/Substrate/Glints2/dict_0005_0177.uasset" 9689
"../../../Engine/Content/EngineMaterials/Substrate/Glints2/dict_0005_0181.uasset" 9690
"../../../Engine/Content/EngineMaterials/Substrate/Glints2/dict_0005_0182.uasset" 9691
"../../../Engine/Content/EngineMaterials/Substrate/Glints2/dict_0005_0183.uasset" 9692
"/Engine/EngineMaterials/Substrate/Glints2/dict_0005_0177" 9693
"../../../Engine/Content/EngineMaterials/Substrate/Glints2/dict_0005_0184.uasset" 9694
"/Engine/EngineMaterials/Substrate/Glints2/dict_0005_0183" 9695
"/Engine/EngineMaterials/Substrate/Glints2/dict_0005_0182" 9696
"/Engine/EngineMaterials/Substrate/Glints2/dict_0005_0176" 9697
"/Engine/EngineMaterials/Substrate/Glints2/dict_0005_0175" 9698
"/Engine/EngineMaterials/Substrate/Glints2/dict_0005_0181" 9699
"../../../Engine/Content/EngineMaterials/Substrate/Glints2/dict_0005_0185.uasset" 9700
"/Engine/EngineMaterials/Substrate/Glints2/dict_0005_0174" 9701
"../../../Engine/Content/EngineMaterials/Substrate/Glints2/dict_0005_0180.uasset" 9702
"/Engine/EngineMaterials/Substrate/Glints2/dict_0005_0173" 9703
"../../../Engine/Content/EngineMaterials/Substrate/Glints2/dict_0005_0188.uasset" 9704
"/Engine/EngineMaterials/Substrate/Glints2/dict_0005_0179" 9705
"../../../Engine/Content/EngineMaterials/Substrate/Glints2/dict_0005_0189.uasset" 9706
"/Engine/EngineMaterials/Substrate/Glints2/dict_0005_0178" 9707
"../../../Engine/Content/EngineMaterials/Substrate/Glints2/dict_0005_0186.uasset" 9708
"/Engine/EngineMaterials/Substrate/Glints2/dict_0005_0172" 9709
"/Engine/EngineMaterials/Substrate/Glints2/dict_0005_0184" 9710
"/Engine/EngineMaterials/Substrate/Glints2/dict_0005_0180" 9711
"/Engine/EngineMaterials/Substrate/Glints2/dict_0005_0189" 9712
"/Engine/EngineMaterials/Substrate/Glints2/dict_0005_0188" 9713
"/Engine/EngineMaterials/Substrate/Glints2/dict_0005_0186" 9714
"/Engine/EngineMaterials/Substrate/Glints2/dict_0005_0185" 9715
"../../../Engine/Content/EngineMaterials/Substrate/Glints2/dict_0005_0187.uasset" 9716
"../../../Engine/Content/EngineMaterials/Substrate/Glints2/dict_0005_0190.uasset" 9717
"../../../Engine/Content/EngineMaterials/Substrate/Glints2/dict_0005_0193.uasset" 9718
"../../../Engine/Content/EngineMaterials/Substrate/Glints2/dict_0005_0196.uasset" 9719
"../../../Engine/Content/EngineMaterials/Substrate/Glints2/dict_0005_0192.uasset" 9720
"../../../Engine/Content/EngineMaterials/Substrate/Glints2/dict_0005_0191.uasset" 9721
"../../../Engine/Content/EngineMaterials/Substrate/Glints2/dict_0005_0197.uasset" 9722
"../../../Engine/Content/EngineMaterials/Substrate/Glints2/dict_0005_0194.uasset" 9723
"../../../Engine/Content/EngineMaterials/Substrate/Glints2/dict_0005_0198.uasset" 9724
"/Engine/EngineMaterials/Substrate/Glints2/dict_0005_0197" 9725
"../../../Engine/Content/EngineMaterials/Substrate/Glints2/dict_0005_0203.uasset" 9726
"/Engine/EngineMaterials/Substrate/Glints2/dict_0005_0196" 9727
"../../../Engine/Content/EngineMaterials/Substrate/Glints2/dict_0005_0199.uasset" 9728
"/Engine/EngineMaterials/Substrate/Glints2/dict_0005_0194" 9729
"/Engine/EngineMaterials/Substrate/Glints2/dict_0005_0193" 9730
"../../../Engine/Content/EngineMaterials/Substrate/Glints2/dict_0005_0201.uasset" 9731
"/Engine/EngineMaterials/Substrate/Glints2/dict_0005_0192" 9732
"../../../Engine/Content/EngineMaterials/Substrate/Glints2/dict_0005_0204.uasset" 9733
"../../../Engine/Content/EngineMaterials/Substrate/Glints2/dict_0005_0195.uasset" 9734
"../../../Engine/Content/EngineMaterials/Substrate/Glints2/dict_0005_0200.uasset" 9735
"/Engine/EngineMaterials/Substrate/Glints2/dict_0005_0191" 9736
"/Engine/EngineMaterials/Substrate/Glints2/dict_0005_0190" 9737
"/Engine/EngineMaterials/Substrate/Glints2/dict_0005_0187" 9738
"/Engine/EngineMaterials/Substrate/Glints2/dict_0005_0195" 9739
"../../../Engine/Content/EngineMaterials/Substrate/Glints2/dict_0005_0202.uasset" 9740
"/Engine/EngineMaterials/Substrate/Glints2/dict_0005_0201" 9741
"/Engine/EngineMaterials/Substrate/Glints2/dict_0005_0200" 9742
"/Engine/EngineMaterials/Substrate/Glints2/dict_0005_0203" 9743
"/Engine/EngineMaterials/Substrate/Glints2/dict_0005_0199" 9744
"../../../Engine/Content/EngineMaterials/Substrate/Glints2/dict_0005_0205.uasset" 9745
"/Engine/EngineMaterials/Substrate/Glints2/dict_0005_0204" 9746
"../../../Engine/Content/EngineMaterials/Substrate/Glints2/dict_0005_0206.uasset" 9747
"/Engine/EngineMaterials/Substrate/Glints2/dict_0005_0198" 9748
"/Engine/EngineMaterials/Substrate/Glints2/dict_0005_0206" 9749
"/Engine/EngineMaterials/Substrate/Glints2/dict_0005_0205" 9750
"../../../Engine/Content/EngineMaterials/Substrate/Glints2/dict_0005_0208.uasset" 9751
"/Engine/EngineMaterials/Substrate/Glints2/dict_0005_0202" 9752
"../../../Engine/Content/EngineMaterials/Substrate/Glints2/dict_0005_0209.uasset" 9753
"/Engine/EngineMaterials/Substrate/Glints2/dict_0005_0208" 9754
"/Engine/EngineMaterials/Substrate/Glints2/dict_0005_0209" 9755
"../../../Engine/Content/EngineMaterials/Substrate/Glints2/dict_0005_0207.uasset" 9756
"../../../Engine/Content/EngineMaterials/Substrate/Glints2/dict_0005_0210.uasset" 9757
"../../../Engine/Content/EngineMaterials/Substrate/Glints2/dict_0005_0211.uasset" 9758
"../../../Engine/Content/EngineMaterials/Substrate/Glints2/dict_0005_0212.uasset" 9759
"../../../Engine/Content/EngineMaterials/Substrate/Glints2/dict_0005_0213.uasset" 9760
"../../../Engine/Content/EngineMaterials/Substrate/Glints2/dict_0005_0214.uasset" 9761
"../../../Engine/Content/EngineMaterials/Substrate/Glints2/dict_0005_0217.uasset" 9762
"../../../Engine/Content/EngineMaterials/Substrate/Glints2/dict_0005_0215.uasset" 9763
"../../../Engine/Content/EngineMaterials/Substrate/Glints2/dict_0005_0218.uasset" 9764
"../../../Engine/Content/EngineMaterials/Substrate/Glints2/dict_0005_0216.uasset" 9765
"../../../Engine/Content/EngineMaterials/Substrate/Glints2/dict_0005_0219.uasset" 9766
"../../../Engine/Content/EngineMaterials/Substrate/Glints2/dict_0005_0221.uasset" 9767
"../../../Engine/Content/EngineMaterials/Substrate/Glints2/dict_0005_0220.uasset" 9768
"/Engine/EngineMaterials/Substrate/Glints2/dict_0005_0214" 9769
"/Engine/EngineMaterials/Substrate/Glints2/dict_0005_0213" 9770
"/Engine/EngineMaterials/Substrate/Glints2/dict_0005_0212" 9771
"/Engine/EngineMaterials/Substrate/Glints2/dict_0005_0211" 9772
"/Engine/EngineMaterials/Substrate/Glints2/dict_0005_0210" 9773
"/Engine/EngineMaterials/Substrate/Glints2/dict_0005_0207" 9774
"/Engine/EngineMaterials/Substrate/Glints2/dict_0005_0219" 9775
"../../../Engine/Content/EngineMaterials/Substrate/Glints2/dict_0005_0222.uasset" 9776
"../../../Engine/Content/EngineMaterials/Substrate/Glints2/dict_0005_0223.uasset" 9777
"/Engine/EngineMaterials/Substrate/Glints2/dict_0005_0218" 9778
"../../../Engine/Content/EngineMaterials/Substrate/Glints2/dict_0005_0224.uasset" 9779
"/Engine/EngineMaterials/Substrate/Glints2/dict_0005_0217" 9780
"/Engine/EngineMaterials/Substrate/Glints2/dict_0005_0221" 9781
"/Engine/EngineMaterials/Substrate/Glints2/dict_0005_0216" 9782
"/Engine/EngineMaterials/Substrate/Glints2/dict_0005_0215" 9783
"/Engine/EngineMaterials/Substrate/Glints2/dict_0005_0220" 9784
"/Engine/EngineMaterials/Substrate/Glints2/dict_0005_0224" 9785
"/Engine/EngineMaterials/Substrate/Glints2/dict_0005_0223" 9786
"/Engine/EngineMaterials/Substrate/Glints2/dict_0005_0222" 9787
"../../../Engine/Content/EngineMaterials/Substrate/Glints2/dict_0005_0226.uasset" 9788
"../../../Engine/Content/EngineMaterials/Substrate/Glints2/dict_0005_0230.uasset" 9789
"../../../Engine/Content/EngineMaterials/Substrate/Glints2/dict_0005_0227.uasset" 9790
"../../../Engine/Content/EngineMaterials/Substrate/Glints2/dict_0005_0229.uasset" 9791
"../../../Engine/Content/EngineMaterials/Substrate/Glints2/dict_0005_0225.uasset" 9792
"../../../Engine/Content/EngineMaterials/Substrate/Glints2/dict_0005_0228.uasset" 9793
"../../../Engine/Content/EngineMaterials/Substrate/Glints2/dict_0005_0234.uasset" 9794
"../../../Engine/Content/EngineMaterials/Substrate/Glints2/dict_0005_0233.uasset" 9795
"../../../Engine/Content/EngineMaterials/Substrate/Glints2/dict_0005_0231.uasset" 9796
"../../../Engine/Content/EngineMaterials/Substrate/Glints2/dict_0005_0236.uasset" 9797
"../../../Engine/Content/EngineMaterials/Substrate/Glints2/dict_0005_0237.uasset" 9798
"../../../Engine/Content/EngineMaterials/Substrate/Glints2/dict_0005_0238.uasset" 9799
"../../../Engine/Content/EngineMaterials/Substrate/Glints2/dict_0005_0232.uasset" 9800
"../../../Engine/Content/EngineMaterials/Substrate/Glints2/dict_0005_0240.uasset" 9801
"../../../Engine/Content/EngineMaterials/Substrate/Glints2/dict_0005_0235.uasset" 9802
"../../../Engine/Content/EngineMaterials/Substrate/Glints2/dict_0005_0239.uasset" 9803
"/Engine/EngineMaterials/Substrate/Glints2/dict_0005_0228" 9804
"/Engine/EngineMaterials/Substrate/Glints2/dict_0005_0227" 9805
"/Engine/EngineMaterials/Substrate/Glints2/dict_0005_0235" 9806
"/Engine/EngineMaterials/Substrate/Glints2/dict_0005_0226" 9807
"/Engine/EngineMaterials/Substrate/Glints2/dict_0005_0225" 9808
"/Engine/EngineMaterials/Substrate/Glints2/dict_0005_0234" 9809
"/Engine/EngineMaterials/Substrate/Glints2/dict_0005_0240" 9810
"../../../Engine/Content/EngineMaterials/Substrate/Glints2/dict_0005_0241.uasset" 9811
"/Engine/EngineMaterials/Substrate/Glints2/dict_0005_0233" 9812
"/Engine/EngineMaterials/Substrate/Glints2/dict_0005_0239" 9813
"/Engine/EngineMaterials/Substrate/Glints2/dict_0005_0232" 9814
"/Engine/EngineMaterials/Substrate/Glints2/dict_0005_0231" 9815
"/Engine/EngineMaterials/Substrate/Glints2/dict_0005_0238" 9816
"/Engine/EngineMaterials/Substrate/Glints2/dict_0005_0237" 9817
"/Engine/EngineMaterials/Substrate/Glints2/dict_0005_0230" 9818
"/Engine/EngineMaterials/Substrate/Glints2/dict_0005_0229" 9819
"/Engine/EngineMaterials/Substrate/Glints2/dict_0005_0236" 9820
"/Engine/EngineMaterials/Substrate/Glints2/dict_0005_0241" 9821
"../../../Engine/Content/EngineMaterials/Substrate/Glints2/dict_0005_0243.uasset" 9822
"../../../Engine/Content/EngineMaterials/Substrate/Glints2/dict_0005_0242.uasset" 9823
"../../../Engine/Content/EngineMaterials/Substrate/Glints2/dict_0005_0244.uasset" 9824
"../../../Engine/Content/EngineMaterials/Substrate/Glints2/dict_0005_0250.uasset" 9825
"../../../Engine/Content/EngineMaterials/Substrate/Glints2/dict_0005_0248.uasset" 9826
"../../../Engine/Content/EngineMaterials/Substrate/Glints2/dict_0005_0249.uasset" 9827
"../../../Engine/Content/EngineMaterials/Substrate/Glints2/dict_0005_0245.uasset" 9828
"../../../Engine/Content/EngineMaterials/Substrate/Glints2/dict_0005_0246.uasset" 9829
"../../../Engine/Content/EngineMaterials/Substrate/Glints2/dict_0005_0251.uasset" 9830
"../../../Engine/Content/EngineMaterials/Substrate/Glints2/dict_0005_0255.uasset" 9831
"../../../Engine/Content/EngineMaterials/Substrate/Glints2/dict_0005_0254.uasset" 9832
"../../../Engine/Content/EngineMaterials/Substrate/Glints2/dict_0006_0000.uasset" 9833
"../../../Engine/Content/EngineMaterials/Substrate/Glints2/dict_0005_0247.uasset" 9834
"../../../Engine/Content/EngineMaterials/Substrate/Glints2/dict_0005_0252.uasset" 9835
"../../../Engine/Content/EngineMaterials/Substrate/Glints2/dict_0005_0253.uasset" 9836
"/Engine/EngineMaterials/Substrate/Glints2/dict_0006_0000" 9837
"/Engine/EngineMaterials/Substrate/Glints2/dict_0005_0252" 9838
"/Engine/EngineMaterials/Substrate/Glints2/dict_0005_0255" 9839
"/Engine/EngineMaterials/Substrate/Glints2/dict_0005_0251" 9840
"/Engine/EngineMaterials/Substrate/Glints2/dict_0005_0254" 9841
"/Engine/EngineMaterials/Substrate/Glints2/dict_0005_0250" 9842
"/Engine/EngineMaterials/Substrate/Glints2/dict_0005_0249" 9843
"/Engine/EngineMaterials/Substrate/Glints2/dict_0005_0248" 9844
"/Engine/EngineMaterials/Substrate/Glints2/dict_0005_0247" 9845
"/Engine/EngineMaterials/Substrate/Glints2/dict_0005_0246" 9846
"/Engine/EngineMaterials/Substrate/Glints2/dict_0005_0245" 9847
"/Engine/EngineMaterials/Substrate/Glints2/dict_0005_0244" 9848
"/Engine/EngineMaterials/Substrate/Glints2/dict_0005_0243" 9849
"/Engine/EngineMaterials/Substrate/Glints2/dict_0005_0242" 9850
"/Engine/EngineMaterials/Substrate/Glints2/dict_0005_0253" 9851
"../../../Engine/Content/EngineMaterials/Substrate/Glints2/dict_0006_0003.uasset" 9852
"../../../Engine/Content/EngineMaterials/Substrate/Glints2/dict_0006_0002.uasset" 9853
"../../../Engine/Content/EngineMaterials/Substrate/Glints2/dict_0006_0001.uasset" 9854
"../../../Engine/Content/EngineMaterials/Substrate/Glints2/dict_0006_0007.uasset" 9855
"../../../Engine/Content/EngineMaterials/Substrate/Glints2/dict_0006_0005.uasset" 9856
"../../../Engine/Content/EngineMaterials/Substrate/Glints2/dict_0006_0006.uasset" 9857
"../../../Engine/Content/EngineMaterials/Substrate/Glints2/dict_0006_0009.uasset" 9858
"../../../Engine/Content/EngineMaterials/Substrate/Glints2/dict_0006_0008.uasset" 9859
"../../../Engine/Content/EngineMaterials/Substrate/Glints2/dict_0006_0004.uasset" 9860
"../../../Engine/Content/EngineMaterials/Substrate/Glints2/dict_0006_0010.uasset" 9861
"../../../Engine/Content/EngineMaterials/Substrate/Glints2/dict_0006_0014.uasset" 9862
"../../../Engine/Content/EngineMaterials/Substrate/Glints2/dict_0006_0013.uasset" 9863
"../../../Engine/Content/EngineMaterials/Substrate/Glints2/dict_0006_0015.uasset" 9864
"../../../Engine/Content/EngineMaterials/Substrate/Glints2/dict_0006_0011.uasset" 9865
"../../../Engine/Content/EngineMaterials/Substrate/Glints2/dict_0006_0012.uasset" 9866
"../../../Engine/Content/EngineMaterials/Substrate/Glints2/dict_0006_0016.uasset" 9867
"/Engine/EngineMaterials/Substrate/Glints2/dict_0006_0016" 9868
"/Engine/EngineMaterials/Substrate/Glints2/dict_0006_0015" 9869
"../../../Engine/Content/EngineMaterials/Substrate/Glints2/dict_0006_0018.uasset" 9870
"../../../Engine/Content/EngineMaterials/Substrate/Glints2/dict_0006_0017.uasset" 9871
"/Engine/EngineMaterials/Substrate/Glints2/dict_0006_0014" 9872
"/Engine/EngineMaterials/Substrate/Glints2/dict_0006_0013" 9873
"/Engine/EngineMaterials/Substrate/Glints2/dict_0006_0012" 9874
"../../../Engine/Content/EngineMaterials/Substrate/Glints2/dict_0006_0019.uasset" 9875
"../../../Engine/Content/EngineMaterials/Substrate/Glints2/dict_0006_0023.uasset" 9876
"../../../Engine/Content/EngineMaterials/Substrate/Glints2/dict_0006_0021.uasset" 9877
"/Engine/EngineMaterials/Substrate/Glints2/dict_0006_0011" 9878
"../../../Engine/Content/EngineMaterials/Substrate/Glints2/dict_0006_0024.uasset" 9879
"/Engine/EngineMaterials/Substrate/Glints2/dict_0006_0010" 9880
"/Engine/EngineMaterials/Substrate/Glints2/dict_0006_0009" 9881
"/Engine/EngineMaterials/Substrate/Glints2/dict_0006_0008" 9882
"/Engine/EngineMaterials/Substrate/Glints2/dict_0006_0007" 9883
"/Engine/EngineMaterials/Substrate/Glints2/dict_0006_0006" 9884
"/Engine/EngineMaterials/Substrate/Glints2/dict_0006_0005" 9885
"/Engine/EngineMaterials/Substrate/Glints2/dict_0006_0004" 9886
"/Engine/EngineMaterials/Substrate/Glints2/dict_0006_0003" 9887
"/Engine/EngineMaterials/Substrate/Glints2/dict_0006_0002" 9888
"../../../Engine/Content/EngineMaterials/Substrate/Glints2/dict_0006_0020.uasset" 9889
"/Engine/EngineMaterials/Substrate/Glints2/dict_0006_0001" 9890
"/Engine/EngineMaterials/Substrate/Glints2/dict_0006_0024" 9891
"/Engine/EngineMaterials/Substrate/Glints2/dict_0006_0023" 9892
"/Engine/EngineMaterials/Substrate/Glints2/dict_0006_0021" 9893
"../../../Engine/Content/EngineMaterials/Substrate/Glints2/dict_0006_0025.uasset" 9894
"/Engine/EngineMaterials/Substrate/Glints2/dict_0006_0020" 9895
"../../../Engine/Content/EngineMaterials/Substrate/Glints2/dict_0006_0026.uasset" 9896
"/Engine/EngineMaterials/Substrate/Glints2/dict_0006_0019" 9897
"/Engine/EngineMaterials/Substrate/Glints2/dict_0006_0018" 9898
"/Engine/EngineMaterials/Substrate/Glints2/dict_0006_0017" 9899
"/Engine/EngineMaterials/Substrate/Glints2/dict_0006_0026" 9900
"/Engine/EngineMaterials/Substrate/Glints2/dict_0006_0025" 9901
"../../../Engine/Content/EngineMaterials/Substrate/Glints2/dict_0006_0027.uasset" 9902
"../../../Engine/Content/EngineMaterials/Substrate/Glints2/dict_0006_0030.uasset" 9903
"../../../Engine/Content/EngineMaterials/Substrate/Glints2/dict_0006_0022.uasset" 9904
"../../../Engine/Content/EngineMaterials/Substrate/Glints2/dict_0006_0029.uasset" 9905
"../../../Engine/Content/EngineMaterials/Substrate/Glints2/dict_0006_0028.uasset" 9906
"../../../Engine/Content/EngineMaterials/Substrate/Glints2/dict_0006_0033.uasset" 9907
"../../../Engine/Content/EngineMaterials/Substrate/Glints2/dict_0006_0034.uasset" 9908
"../../../Engine/Content/EngineMaterials/Substrate/Glints2/dict_0006_0035.uasset" 9909
"../../../Engine/Content/EngineMaterials/Substrate/Glints2/dict_0006_0037.uasset" 9910
"../../../Engine/Content/EngineMaterials/Substrate/Glints2/dict_0006_0031.uasset" 9911
"/Engine/EngineMaterials/Substrate/Glints2/dict_0006_0031" 9912
"../../../Engine/Content/EngineMaterials/Substrate/Glints2/dict_0006_0038.uasset" 9913
"../../../Engine/Content/EngineMaterials/Substrate/Glints2/dict_0006_0040.uasset" 9914
"../../../Engine/Content/EngineMaterials/Substrate/Glints2/dict_0006_0036.uasset" 9915
"../../../Engine/Content/EngineMaterials/Substrate/Glints2/dict_0006_0039.uasset" 9916
"../../../Engine/Content/EngineMaterials/Substrate/Glints2/dict_0006_0032.uasset" 9917
"/Engine/EngineMaterials/Substrate/Glints2/dict_0006_0030" 9918
"/Engine/EngineMaterials/Substrate/Glints2/dict_0006_0029" 9919
"/Engine/EngineMaterials/Substrate/Glints2/dict_0006_0028" 9920
"/Engine/EngineMaterials/Substrate/Glints2/dict_0006_0027" 9921
"/Engine/EngineMaterials/Substrate/Glints2/dict_0006_0022" 9922
"/Engine/EngineMaterials/Substrate/Glints2/dict_0006_0037" 9923
"/Engine/EngineMaterials/Substrate/Glints2/dict_0006_0035" 9924
"../../../Engine/Content/EngineMaterials/Substrate/Glints2/dict_0006_0041.uasset" 9925
"../../../Engine/Content/EngineMaterials/Substrate/Glints2/dict_0006_0044.uasset" 9926
"../../../Engine/Content/EngineMaterials/Substrate/Glints2/dict_0006_0043.uasset" 9927
"../../../Engine/Content/EngineMaterials/Substrate/Glints2/dict_0006_0042.uasset" 9928
"/Engine/EngineMaterials/Substrate/Glints2/dict_0006_0034" 9929
"/Engine/EngineMaterials/Substrate/Glints2/dict_0006_0033" 9930
"/Engine/EngineMaterials/Substrate/Glints2/dict_0006_0044" 9931
"../../../Engine/Content/EngineMaterials/Substrate/Glints2/dict_0006_0049.uasset" 9932
"/Engine/EngineMaterials/Substrate/Glints2/dict_0006_0043" 9933
"../../../Engine/Content/EngineMaterials/Substrate/Glints2/dict_0006_0046.uasset" 9934
"../../../Engine/Content/EngineMaterials/Substrate/Glints2/dict_0006_0048.uasset" 9935
"../../../Engine/Content/EngineMaterials/Substrate/Glints2/dict_0006_0050.uasset" 9936
"/Engine/EngineMaterials/Substrate/Glints2/dict_0006_0042" 9937
"/Engine/EngineMaterials/Substrate/Glints2/dict_0006_0041" 9938
"/Engine/EngineMaterials/Substrate/Glints2/dict_0006_0040" 9939
"/Engine/EngineMaterials/Substrate/Glints2/dict_0006_0039" 9940
"/Engine/EngineMaterials/Substrate/Glints2/dict_0006_0038" 9941
"/Engine/EngineMaterials/Substrate/Glints2/dict_0006_0036" 9942
"/Engine/EngineMaterials/Substrate/Glints2/dict_0006_0032" 9943
"../../../Engine/Content/EngineMaterials/Substrate/Glints2/dict_0006_0047.uasset" 9944
"/Engine/EngineMaterials/Substrate/Glints2/dict_0006_0048" 9945
"/Engine/EngineMaterials/Substrate/Glints2/dict_0006_0047" 9946
"/Engine/EngineMaterials/Substrate/Glints2/dict_0006_0046" 9947
"/Engine/EngineMaterials/Substrate/Glints2/dict_0006_0050" 9948
"../../../Engine/Content/EngineMaterials/Substrate/Glints2/dict_0006_0052.uasset" 9949
"../../../Engine/Content/EngineMaterials/Substrate/Glints2/dict_0006_0051.uasset" 9950
"../../../Engine/Content/EngineMaterials/Substrate/Glints2/dict_0006_0053.uasset" 9951
"/Engine/EngineMaterials/Substrate/Glints2/dict_0006_0049" 9952
"../../../Engine/Content/EngineMaterials/Substrate/Glints2/dict_0006_0054.uasset" 9953
"/Engine/EngineMaterials/Substrate/Glints2/dict_0006_0054" 9954
"/Engine/EngineMaterials/Substrate/Glints2/dict_0006_0053" 9955
"/Engine/EngineMaterials/Substrate/Glints2/dict_0006_0052" 9956
"/Engine/EngineMaterials/Substrate/Glints2/dict_0006_0051" 9957
"../../../Engine/Content/EngineMaterials/Substrate/Glints2/dict_0006_0055.uasset" 9958
"../../../Engine/Content/EngineMaterials/Substrate/Glints2/dict_0006_0045.uasset" 9959
"../../../Engine/Content/EngineMaterials/Substrate/Glints2/dict_0006_0056.uasset" 9960
"../../../Engine/Content/EngineMaterials/Substrate/Glints2/dict_0006_0057.uasset" 9961
"../../../Engine/Content/EngineMaterials/Substrate/Glints2/dict_0006_0060.uasset" 9962
"../../../Engine/Content/EngineMaterials/Substrate/Glints2/dict_0006_0058.uasset" 9963
"../../../Engine/Content/EngineMaterials/Substrate/Glints2/dict_0006_0063.uasset" 9964
"../../../Engine/Content/EngineMaterials/Substrate/Glints2/dict_0006_0061.uasset" 9965
"../../../Engine/Content/EngineMaterials/Substrate/Glints2/dict_0006_0062.uasset" 9966
"../../../Engine/Content/EngineMaterials/Substrate/Glints2/dict_0006_0059.uasset" 9967
"../../../Engine/Content/EngineMaterials/Substrate/Glints2/dict_0006_0065.uasset" 9968
"../../../Engine/Content/EngineMaterials/Substrate/Glints2/dict_0006_0064.uasset" 9969
"../../../Engine/Content/EngineMaterials/Substrate/Glints2/dict_0006_0066.uasset" 9970
"/Engine/EngineMaterials/Substrate/Glints2/dict_0006_0066" 9971
"../../../Engine/Content/EngineMaterials/Substrate/Glints2/dict_0006_0067.uasset" 9972
"/Engine/EngineMaterials/Substrate/Glints2/dict_0006_0045" 9973
"/Engine/EngineMaterials/Substrate/Glints2/dict_0006_0065" 9974
"/Engine/EngineMaterials/Substrate/Glints2/dict_0006_0064" 9975
"/Engine/EngineMaterials/Substrate/Glints2/dict_0006_0063" 9976
"/Engine/EngineMaterials/Substrate/Glints2/dict_0006_0057" 9977
"../../../Engine/Content/EngineMaterials/Substrate/Glints2/dict_0006_0068.uasset" 9978
"../../../Engine/Content/EngineMaterials/Substrate/Glints2/dict_0006_0069.uasset" 9979
"/Engine/EngineMaterials/Substrate/Glints2/dict_0006_0056" 9980
"../../../Engine/Content/EngineMaterials/Substrate/Glints2/dict_0006_0072.uasset" 9981
"/Engine/EngineMaterials/Substrate/Glints2/dict_0006_0055" 9982
"/Engine/EngineMaterials/Substrate/Glints2/dict_0006_0062" 9983
"/Engine/EngineMaterials/Substrate/Glints2/dict_0006_0061" 9984
"/Engine/EngineMaterials/Substrate/Glints2/dict_0006_0060" 9985
"/Engine/EngineMaterials/Substrate/Glints2/dict_0006_0059" 9986
"../../../Engine/Content/EngineMaterials/Substrate/Glints2/dict_0006_0073.uasset" 9987
"../../../Engine/Content/EngineMaterials/Substrate/Glints2/dict_0006_0071.uasset" 9988
"/Engine/EngineMaterials/Substrate/Glints2/dict_0006_0058" 9989
"../../../Engine/Content/EngineMaterials/Substrate/Glints2/dict_0006_0070.uasset" 9990
"../../../Engine/Content/EngineMaterials/Substrate/Glints2/dict_0006_0075.uasset" 9991
"/Engine/EngineMaterials/Substrate/Glints2/dict_0006_0067" 9992
"../../../Engine/Content/EngineMaterials/Substrate/Glints2/dict_0006_0076.uasset" 9993
"/Engine/EngineMaterials/Substrate/Glints2/dict_0006_0075" 9994
"/Engine/EngineMaterials/Substrate/Glints2/dict_0006_0073" 9995
"/Engine/EngineMaterials/Substrate/Glints2/dict_0006_0072" 9996
"/Engine/EngineMaterials/Substrate/Glints2/dict_0006_0071" 9997
"/Engine/EngineMaterials/Substrate/Glints2/dict_0006_0070" 9998
"/Engine/EngineMaterials/Substrate/Glints2/dict_0006_0069" 9999
"/Engine/EngineMaterials/Substrate/Glints2/dict_0006_0068" 10000
"../../../Engine/Content/EngineMaterials/Substrate/Glints2/dict_0006_0074.uasset" 10001
"/Engine/EngineMaterials/Substrate/Glints2/dict_0006_0076" 10002
"../../../Engine/Content/EngineMaterials/Substrate/Glints2/dict_0006_0078.uasset" 10003
"/Engine/EngineMaterials/Substrate/Glints2/dict_0006_0074" 10004
"../../../Engine/Content/EngineMaterials/Substrate/Glints2/dict_0006_0082.uasset" 10005
"/Engine/EngineMaterials/Substrate/Glints2/dict_0006_0078" 10006
"/Engine/EngineMaterials/Substrate/Glints2/dict_0006_0082" 10007
"../../../Engine/Content/EngineMaterials/Substrate/Glints2/dict_0006_0079.uasset" 10008
"../../../Engine/Content/EngineMaterials/Substrate/Glints2/dict_0006_0081.uasset" 10009
"../../../Engine/Content/EngineMaterials/Substrate/Glints2/dict_0006_0083.uasset" 10010
"../../../Engine/Content/EngineMaterials/Substrate/Glints2/dict_0006_0080.uasset" 10011
"../../../Engine/Content/EngineMaterials/Substrate/Glints2/dict_0006_0084.uasset" 10012
"../../../Engine/Content/EngineMaterials/Substrate/Glints2/dict_0006_0077.uasset" 10013
"../../../Engine/Content/EngineMaterials/Substrate/Glints2/dict_0006_0088.uasset" 10014
"../../../Engine/Content/EngineMaterials/Substrate/Glints2/dict_0006_0087.uasset" 10015
"../../../Engine/Content/EngineMaterials/Substrate/Glints2/dict_0006_0086.uasset" 10016
"/Engine/EngineMaterials/Substrate/Glints2/dict_0006_0081" 10017
"/Engine/EngineMaterials/Substrate/Glints2/dict_0006_0080" 10018
"/Engine/EngineMaterials/Substrate/Glints2/dict_0006_0079" 10019
"/Engine/EngineMaterials/Substrate/Glints2/dict_0006_0088" 10020
"/Engine/EngineMaterials/Substrate/Glints2/dict_0006_0084" 10021
"/Engine/EngineMaterials/Substrate/Glints2/dict_0006_0087" 10022
"../../../Engine/Content/EngineMaterials/Substrate/Glints2/dict_0006_0092.uasset" 10023
"../../../Engine/Content/EngineMaterials/Substrate/Glints2/dict_0006_0093.uasset" 10024
"../../../Engine/Content/EngineMaterials/Substrate/Glints2/dict_0006_0089.uasset" 10025
"/Engine/EngineMaterials/Substrate/Glints2/dict_0006_0083" 10026
"/Engine/EngineMaterials/Substrate/Glints2/dict_0006_0086" 10027
"/Engine/EngineMaterials/Substrate/Glints2/dict_0006_0077" 10028
"../../../Engine/Content/EngineMaterials/Substrate/Glints2/dict_0006_0096.uasset" 10029
"../../../Engine/Content/EngineMaterials/Substrate/Glints2/dict_0006_0091.uasset" 10030
"../../../Engine/Content/EngineMaterials/Substrate/Glints2/dict_0006_0090.uasset" 10031
"../../../Engine/Content/EngineMaterials/Substrate/Glints2/dict_0006_0085.uasset" 10032
"/Engine/EngineMaterials/Substrate/Glints2/dict_0006_0096" 10033
"../../../Engine/Content/EngineMaterials/Substrate/Glints2/dict_0006_0094.uasset" 10034
"../../../Engine/Content/EngineMaterials/Substrate/Glints2/dict_0006_0097.uasset" 10035
"../../../Engine/Content/EngineMaterials/Substrate/Glints2/dict_0006_0095.uasset" 10036
"/Engine/EngineMaterials/Substrate/Glints2/dict_0006_0093" 10037
"/Engine/EngineMaterials/Substrate/Glints2/dict_0006_0092" 10038
"/Engine/EngineMaterials/Substrate/Glints2/dict_0006_0091" 10039
"/Engine/EngineMaterials/Substrate/Glints2/dict_0006_0085" 10040
"../../../Engine/Content/EngineMaterials/Substrate/Glints2/dict_0006_0099.uasset" 10041
"../../../Engine/Content/EngineMaterials/Substrate/Glints2/dict_0006_0102.uasset" 10042
"/Engine/EngineMaterials/Substrate/Glints2/dict_0006_0090" 10043
"../../../Engine/Content/EngineMaterials/Substrate/Glints2/dict_0006_0098.uasset" 10044
"../../../Engine/Content/EngineMaterials/Substrate/Glints2/dict_0006_0104.uasset" 10045
"/Engine/EngineMaterials/Substrate/Glints2/dict_0006_0089" 10046
"../../../Engine/Content/EngineMaterials/Substrate/Glints2/dict_0006_0100.uasset" 10047
"../../../Engine/Content/EngineMaterials/Substrate/Glints2/dict_0006_0105.uasset" 10048
"/Engine/EngineMaterials/Substrate/Glints2/dict_0006_0098" 10049
"/Engine/EngineMaterials/Substrate/Glints2/dict_0006_0097" 10050
"/Engine/EngineMaterials/Substrate/Glints2/dict_0006_0105" 10051
"../../../Engine/Content/EngineMaterials/Substrate/Glints2/dict_0006_0101.uasset" 10052
"/Engine/EngineMaterials/Substrate/Glints2/dict_0006_0095" 10053
"../../../Engine/Content/EngineMaterials/Substrate/Glints2/dict_0006_0103.uasset" 10054
"/Engine/EngineMaterials/Substrate/Glints2/dict_0006_0094" 10055
"/Engine/EngineMaterials/Substrate/Glints2/dict_0006_0104" 10056
"/Engine/EngineMaterials/Substrate/Glints2/dict_0006_0102" 10057
"/Engine/EngineMaterials/Substrate/Glints2/dict_0006_0100" 10058
"/Engine/EngineMaterials/Substrate/Glints2/dict_0006_0099" 10059
"/Engine/EngineMaterials/Substrate/Glints2/dict_0006_0103" 10060
"/Engine/EngineMaterials/Substrate/Glints2/dict_0006_0101" 10061
"../../../Engine/Content/EngineMaterials/Substrate/Glints2/dict_0006_0106.uasset" 10062
"../../../Engine/Content/EngineMaterials/Substrate/Glints2/dict_0006_0107.uasset" 10063
"../../../Engine/Content/EngineMaterials/Substrate/Glints2/dict_0006_0108.uasset" 10064
"../../../Engine/Content/EngineMaterials/Substrate/Glints2/dict_0006_0110.uasset" 10065
"../../../Engine/Content/EngineMaterials/Substrate/Glints2/dict_0006_0114.uasset" 10066
"../../../Engine/Content/EngineMaterials/Substrate/Glints2/dict_0006_0112.uasset" 10067
"../../../Engine/Content/EngineMaterials/Substrate/Glints2/dict_0006_0109.uasset" 10068
"../../../Engine/Content/EngineMaterials/Substrate/Glints2/dict_0006_0117.uasset" 10069
"../../../Engine/Content/EngineMaterials/Substrate/Glints2/dict_0006_0118.uasset" 10070
"../../../Engine/Content/EngineMaterials/Substrate/Glints2/dict_0006_0119.uasset" 10071
"../../../Engine/Content/EngineMaterials/Substrate/Glints2/dict_0006_0116.uasset" 10072
"/Engine/EngineMaterials/Substrate/Glints2/dict_0006_0119" 10073
"../../../Engine/Content/EngineMaterials/Substrate/Glints2/dict_0006_0115.uasset" 10074
"/Engine/EngineMaterials/Substrate/Glints2/dict_0006_0106" 10075
"../../../Engine/Content/EngineMaterials/Substrate/Glints2/dict_0006_0113.uasset" 10076
"/Engine/EngineMaterials/Substrate/Glints2/dict_0006_0118" 10077
"/Engine/EngineMaterials/Substrate/Glints2/dict_0006_0117" 10078
"/Engine/EngineMaterials/Substrate/Glints2/dict_0006_0107" 10079
"/Engine/EngineMaterials/Substrate/Glints2/dict_0006_0108" 10080
"/Engine/EngineMaterials/Substrate/Glints2/dict_0006_0116" 10081
"/Engine/EngineMaterials/Substrate/Glints2/dict_0006_0114" 10082
"/Engine/EngineMaterials/Substrate/Glints2/dict_0006_0112" 10083
"/Engine/EngineMaterials/Substrate/Glints2/dict_0006_0110" 10084
"/Engine/EngineMaterials/Substrate/Glints2/dict_0006_0109" 10085
"/Engine/EngineMaterials/Substrate/Glints2/dict_0006_0115" 10086
"/Engine/EngineMaterials/Substrate/Glints2/dict_0006_0113" 10087
"../../../Engine/Content/EngineMaterials/Substrate/Glints2/dict_0006_0122.uasset" 10088
"../../../Engine/Content/EngineMaterials/Substrate/Glints2/dict_0006_0120.uasset" 10089
"../../../Engine/Content/EngineMaterials/Substrate/Glints2/dict_0006_0121.uasset" 10090
"/Engine/EngineMaterials/Substrate/Glints2/dict_0006_0122" 10091
"/Engine/EngineMaterials/Substrate/Glints2/dict_0006_0120" 10092
"../../../Engine/Content/EngineMaterials/Substrate/Glints2/dict_0006_0111.uasset" 10093
"/Engine/EngineMaterials/Substrate/Glints2/dict_0006_0121" 10094
"/Engine/EngineMaterials/Substrate/Glints2/dict_0006_0111" 10095
"../../../Engine/Content/EngineMaterials/Substrate/Glints2/dict_0006_0123.uasset" 10096
"../../../Engine/Content/EngineMaterials/Substrate/Glints2/dict_0006_0126.uasset" 10097
"../../../Engine/Content/EngineMaterials/Substrate/Glints2/dict_0006_0124.uasset" 10098
"../../../Engine/Content/EngineMaterials/Substrate/Glints2/dict_0006_0130.uasset" 10099
"../../../Engine/Content/EngineMaterials/Substrate/Glints2/dict_0006_0128.uasset" 10100
"../../../Engine/Content/EngineMaterials/Substrate/Glints2/dict_0006_0127.uasset" 10101
"../../../Engine/Content/EngineMaterials/Substrate/Glints2/dict_0006_0132.uasset" 10102
"../../../Engine/Content/EngineMaterials/Substrate/Glints2/dict_0006_0125.uasset" 10103
"../../../Engine/Content/EngineMaterials/Substrate/Glints2/dict_0006_0131.uasset" 10104
"../../../Engine/Content/EngineMaterials/Substrate/Glints2/dict_0006_0133.uasset" 10105
"/Engine/EngineMaterials/Substrate/Glints2/dict_0006_0126" 10106
"/Engine/EngineMaterials/Substrate/Glints2/dict_0006_0133" 10107
"/Engine/EngineMaterials/Substrate/Glints2/dict_0006_0132" 10108
"/Engine/EngineMaterials/Substrate/Glints2/dict_0006_0131" 10109
"/Engine/EngineMaterials/Substrate/Glints2/dict_0006_0125" 10110
"/Engine/EngineMaterials/Substrate/Glints2/dict_0006_0124" 10111
"/Engine/EngineMaterials/Substrate/Glints2/dict_0006_0123" 10112
"/Engine/EngineMaterials/Substrate/Glints2/dict_0006_0130" 10113
"../../../Engine/Content/EngineMaterials/Substrate/Glints2/dict_0006_0135.uasset" 10114
"../../../Engine/Content/EngineMaterials/Substrate/Glints2/dict_0006_0134.uasset" 10115
"/Engine/EngineMaterials/Substrate/Glints2/dict_0006_0128" 10116
"/Engine/EngineMaterials/Substrate/Glints2/dict_0006_0127" 10117
"/Engine/EngineMaterials/Substrate/Glints2/dict_0006_0135" 10118
"/Engine/EngineMaterials/Substrate/Glints2/dict_0006_0134" 10119
"../../../Engine/Content/EngineMaterials/Substrate/Glints2/dict_0006_0142.uasset" 10120
"../../../Engine/Content/EngineMaterials/Substrate/Glints2/dict_0006_0140.uasset" 10121
"../../../Engine/Content/EngineMaterials/Substrate/Glints2/dict_0006_0136.uasset" 10122
"/Engine/EngineMaterials/Substrate/Glints2/dict_0006_0136" 10123
"../../../Engine/Content/EngineMaterials/Substrate/Glints2/dict_0006_0137.uasset" 10124
"../../../Engine/Content/EngineMaterials/Substrate/Glints2/dict_0006_0139.uasset" 10125
"../../../Engine/Content/EngineMaterials/Substrate/Glints2/dict_0006_0138.uasset" 10126
"/Engine/EngineMaterials/Substrate/Glints2/dict_0006_0142" 10127
"/Engine/EngineMaterials/Substrate/Glints2/dict_0006_0140" 10128
"/Engine/EngineMaterials/Substrate/Glints2/dict_0006_0137" 10129
"/Engine/EngineMaterials/Substrate/Glints2/dict_0006_0139" 10130
"/Engine/EngineMaterials/Substrate/Glints2/dict_0006_0138" 10131
"../../../Engine/Content/EngineMaterials/Substrate/Glints2/dict_0006_0141.uasset" 10132
"../../../Engine/Content/EngineMaterials/Substrate/Glints2/dict_0006_0129.uasset" 10133
"../../../Engine/Content/EngineMaterials/Substrate/Glints2/dict_0006_0143.uasset" 10134
"../../../Engine/Content/EngineMaterials/Substrate/Glints2/dict_0006_0145.uasset" 10135
"../../../Engine/Content/EngineMaterials/Substrate/Glints2/dict_0006_0144.uasset" 10136
"../../../Engine/Content/EngineMaterials/Substrate/Glints2/dict_0006_0147.uasset" 10137
"../../../Engine/Content/EngineMaterials/Substrate/Glints2/dict_0006_0149.uasset" 10138
"../../../Engine/Content/EngineMaterials/Substrate/Glints2/dict_0006_0146.uasset" 10139
"../../../Engine/Content/EngineMaterials/Substrate/Glints2/dict_0006_0150.uasset" 10140
"../../../Engine/Content/EngineMaterials/Substrate/Glints2/dict_0006_0148.uasset" 10141
"/Engine/EngineMaterials/Substrate/Glints2/dict_0006_0148" 10142
"../../../Engine/Content/EngineMaterials/Substrate/Glints2/dict_0006_0151.uasset" 10143
"../../../Engine/Content/EngineMaterials/Substrate/Glints2/dict_0006_0153.uasset" 10144
"../../../Engine/Content/EngineMaterials/Substrate/Glints2/dict_0006_0152.uasset" 10145
"../../../Engine/Content/EngineMaterials/Substrate/Glints2/dict_0006_0156.uasset" 10146
"../../../Engine/Content/EngineMaterials/Substrate/Glints2/dict_0006_0157.uasset" 10147
"../../../Engine/Content/EngineMaterials/Substrate/Glints2/dict_0006_0158.uasset" 10148
"../../../Engine/Content/EngineMaterials/Substrate/Glints2/dict_0006_0154.uasset" 10149
"/Engine/EngineMaterials/Substrate/Glints2/dict_0006_0147" 10150
"/Engine/EngineMaterials/Substrate/Glints2/dict_0006_0146" 10151
"/Engine/EngineMaterials/Substrate/Glints2/dict_0006_0145" 10152
"/Engine/EngineMaterials/Substrate/Glints2/dict_0006_0144" 10153
"/Engine/EngineMaterials/Substrate/Glints2/dict_0006_0143" 10154
"/Engine/EngineMaterials/Substrate/Glints2/dict_0006_0129" 10155
"/Engine/EngineMaterials/Substrate/Glints2/dict_0006_0150" 10156
"../../../Engine/Content/EngineMaterials/Substrate/Glints2/dict_0006_0160.uasset" 10157
"/Engine/EngineMaterials/Substrate/Glints2/dict_0006_0141" 10158
"../../../Engine/Content/EngineMaterials/Substrate/Glints2/dict_0006_0159.uasset" 10159
"../../../Engine/Content/EngineMaterials/Substrate/Glints2/dict_0006_0155.uasset" 10160
"/Engine/EngineMaterials/Substrate/Glints2/dict_0006_0149" 10161
"/Engine/EngineMaterials/Substrate/Glints2/dict_0006_0160" 10162
"/Engine/EngineMaterials/Substrate/Glints2/dict_0006_0159" 10163
"/Engine/EngineMaterials/Substrate/Glints2/dict_0006_0158" 10164
"/Engine/EngineMaterials/Substrate/Glints2/dict_0006_0157" 10165
"/Engine/EngineMaterials/Substrate/Glints2/dict_0006_0152" 10166
"/Engine/EngineMaterials/Substrate/Glints2/dict_0006_0153" 10167
"/Engine/EngineMaterials/Substrate/Glints2/dict_0006_0151" 10168
"/Engine/EngineMaterials/Substrate/Glints2/dict_0006_0156" 10169
"/Engine/EngineMaterials/Substrate/Glints2/dict_0006_0155" 10170
"/Engine/EngineMaterials/Substrate/Glints2/dict_0006_0154" 10171
"../../../Engine/Content/EngineMaterials/Substrate/Glints2/dict_0006_0164.uasset" 10172
"../../../Engine/Content/EngineMaterials/Substrate/Glints2/dict_0006_0163.uasset" 10173
"../../../Engine/Content/EngineMaterials/Substrate/Glints2/dict_0006_0167.uasset" 10174
"../../../Engine/Content/EngineMaterials/Substrate/Glints2/dict_0006_0166.uasset" 10175
"../../../Engine/Content/EngineMaterials/Substrate/Glints2/dict_0006_0169.uasset" 10176
"../../../Engine/Content/EngineMaterials/Substrate/Glints2/dict_0006_0161.uasset" 10177
"../../../Engine/Content/EngineMaterials/Substrate/Glints2/dict_0006_0165.uasset" 10178
"../../../Engine/Content/EngineMaterials/Substrate/Glints2/dict_0006_0162.uasset" 10179
"../../../Engine/Content/EngineMaterials/Substrate/Glints2/dict_0006_0173.uasset" 10180
"../../../Engine/Content/EngineMaterials/Substrate/Glints2/dict_0006_0171.uasset" 10181
"../../../Engine/Content/EngineMaterials/Substrate/Glints2/dict_0006_0170.uasset" 10182
"../../../Engine/Content/EngineMaterials/Substrate/Glints2/dict_0006_0172.uasset" 10183
"/Engine/EngineMaterials/Substrate/Glints2/dict_0006_0166" 10184
"/Engine/EngineMaterials/Substrate/Glints2/dict_0006_0165" 10185
"/Engine/EngineMaterials/Substrate/Glints2/dict_0006_0164" 10186
"/Engine/EngineMaterials/Substrate/Glints2/dict_0006_0163" 10187
"/Engine/EngineMaterials/Substrate/Glints2/dict_0006_0162" 10188
"/Engine/EngineMaterials/Substrate/Glints2/dict_0006_0161" 10189
"/Engine/EngineMaterials/Substrate/Glints2/dict_0006_0169" 10190
"/Engine/EngineMaterials/Substrate/Glints2/dict_0006_0173" 10191
"../../../Engine/Content/EngineMaterials/Substrate/Glints2/dict_0006_0168.uasset" 10192
"/Engine/EngineMaterials/Substrate/Glints2/dict_0006_0167" 10193
"/Engine/EngineMaterials/Substrate/Glints2/dict_0006_0171" 10194
"/Engine/EngineMaterials/Substrate/Glints2/dict_0006_0170" 10195
"/Engine/EngineMaterials/Substrate/Glints2/dict_0006_0172" 10196
"/Engine/EngineMaterials/Substrate/Glints2/dict_0006_0168" 10197
"../../../Engine/Content/EngineMaterials/Substrate/Glints2/dict_0006_0176.uasset" 10198
"../../../Engine/Content/EngineMaterials/Substrate/Glints2/dict_0006_0175.uasset" 10199
"../../../Engine/Content/EngineMaterials/Substrate/Glints2/dict_0006_0177.uasset" 10200
"../../../Engine/Content/EngineMaterials/Substrate/Glints2/dict_0006_0174.uasset" 10201
"../../../Engine/Content/EngineMaterials/Substrate/Glints2/dict_0006_0179.uasset" 10202
"../../../Engine/Content/EngineMaterials/Substrate/Glints2/dict_0006_0180.uasset" 10203
"../../../Engine/Content/EngineMaterials/Substrate/Glints2/dict_0006_0181.uasset" 10204
"../../../Engine/Content/EngineMaterials/Substrate/Glints2/dict_0006_0183.uasset" 10205
"../../../Engine/Content/EngineMaterials/Substrate/Glints2/dict_0006_0178.uasset" 10206
"../../../Engine/Content/EngineMaterials/Substrate/Glints2/dict_0006_0184.uasset" 10207
"../../../Engine/Content/EngineMaterials/Substrate/Glints2/dict_0006_0182.uasset" 10208
"../../../Engine/Content/EngineMaterials/Substrate/Glints2/dict_0006_0187.uasset" 10209
"../../../Engine/Content/EngineMaterials/Substrate/Glints2/dict_0006_0188.uasset" 10210
"../../../Engine/Content/EngineMaterials/Substrate/Glints2/dict_0006_0185.uasset" 10211
"/Engine/EngineMaterials/Substrate/Glints2/dict_0006_0182" 10212
"../../../Engine/Content/EngineMaterials/Substrate/Glints2/dict_0006_0189.uasset" 10213
"/Engine/EngineMaterials/Substrate/Glints2/dict_0006_0181" 10214
"/Engine/EngineMaterials/Substrate/Glints2/dict_0006_0180" 10215
"/Engine/EngineMaterials/Substrate/Glints2/dict_0006_0179" 10216
"../../../Engine/Content/EngineMaterials/Substrate/Glints2/dict_0006_0194.uasset" 10217
"../../../Engine/Content/EngineMaterials/Substrate/Glints2/dict_0006_0193.uasset" 10218
"../../../Engine/Content/EngineMaterials/Substrate/Glints2/dict_0006_0192.uasset" 10219
"/Engine/EngineMaterials/Substrate/Glints2/dict_0006_0178" 10220
"/Engine/EngineMaterials/Substrate/Glints2/dict_0006_0177" 10221
"/Engine/EngineMaterials/Substrate/Glints2/dict_0006_0176" 10222
"/Engine/EngineMaterials/Substrate/Glints2/dict_0006_0188" 10223
"/Engine/EngineMaterials/Substrate/Glints2/dict_0006_0187" 10224
"/Engine/EngineMaterials/Substrate/Glints2/dict_0006_0185" 10225
"../../../Engine/Content/EngineMaterials/Substrate/Glints2/dict_0006_0196.uasset" 10226
"../../../Engine/Content/EngineMaterials/Substrate/Glints2/dict_0006_0195.uasset" 10227
"../../../Engine/Content/EngineMaterials/Substrate/Glints2/dict_0006_0186.uasset" 10228
"/Engine/EngineMaterials/Substrate/Glints2/dict_0006_0184" 10229
"/Engine/EngineMaterials/Substrate/Glints2/dict_0006_0175" 10230
"/Engine/EngineMaterials/Substrate/Glints2/dict_0006_0174" 10231
"../../../Engine/Content/EngineMaterials/Substrate/Glints2/dict_0006_0190.uasset" 10232
"../../../Engine/Content/EngineMaterials/Substrate/Glints2/dict_0006_0198.uasset" 10233
"../../../Engine/Content/EngineMaterials/Substrate/Glints2/dict_0006_0197.uasset" 10234
"/Engine/EngineMaterials/Substrate/Glints2/dict_0006_0183" 10235
"/Engine/EngineMaterials/Substrate/Glints2/dict_0006_0198" 10236
"/Engine/EngineMaterials/Substrate/Glints2/dict_0006_0192" 10237
"../../../Engine/Content/EngineMaterials/Substrate/Glints2/dict_0006_0199.uasset" 10238
"../../../Engine/Content/EngineMaterials/Substrate/Glints2/dict_0006_0200.uasset" 10239
"/Engine/EngineMaterials/Substrate/Glints2/dict_0006_0190" 10240
"../../../Engine/Content/EngineMaterials/Substrate/Glints2/dict_0006_0201.uasset" 10241
"/Engine/EngineMaterials/Substrate/Glints2/dict_0006_0189" 10242
"/Engine/EngineMaterials/Substrate/Glints2/dict_0006_0197" 10243
"/Engine/EngineMaterials/Substrate/Glints2/dict_0006_0186" 10244
"/Engine/EngineMaterials/Substrate/Glints2/dict_0006_0196" 10245
"../../../Engine/Content/EngineMaterials/Substrate/Glints2/dict_0006_0202.uasset" 10246
"/Engine/EngineMaterials/Substrate/Glints2/dict_0006_0195" 10247
"/Engine/EngineMaterials/Substrate/Glints2/dict_0006_0194" 10248
"/Engine/EngineMaterials/Substrate/Glints2/dict_0006_0193" 10249
"/Engine/EngineMaterials/Substrate/Glints2/dict_0006_0202" 10250
"../../../Engine/Content/EngineMaterials/Substrate/Glints2/dict_0006_0191.uasset" 10251
"/Engine/EngineMaterials/Substrate/Glints2/dict_0006_0201" 10252
"../../../Engine/Content/EngineMaterials/Substrate/Glints2/dict_0006_0203.uasset" 10253
"../../../Engine/Content/EngineMaterials/Substrate/Glints2/dict_0006_0205.uasset" 10254
"/Engine/EngineMaterials/Substrate/Glints2/dict_0006_0200" 10255
"/Engine/EngineMaterials/Substrate/Glints2/dict_0006_0199" 10256
"../../../Engine/Content/EngineMaterials/Substrate/Glints2/dict_0006_0207.uasset" 10257
"../../../Engine/Content/EngineMaterials/Substrate/Glints2/dict_0006_0209.uasset" 10258
"../../../Engine/Content/EngineMaterials/Substrate/Glints2/dict_0006_0210.uasset" 10259
"/Engine/EngineMaterials/Substrate/Glints2/dict_0006_0203" 10260
"/Engine/EngineMaterials/Substrate/Glints2/dict_0006_0191" 10261
"/Engine/EngineMaterials/Substrate/Glints2/dict_0006_0205" 10262
"/Engine/EngineMaterials/Substrate/Glints2/dict_0006_0209" 10263
"/Engine/EngineMaterials/Substrate/Glints2/dict_0006_0207" 10264
"/Engine/EngineMaterials/Substrate/Glints2/dict_0006_0210" 10265
"../../../Engine/Content/EngineMaterials/Substrate/Glints2/dict_0006_0208.uasset" 10266
"/Engine/EngineMaterials/Substrate/Glints2/dict_0006_0208" 10267
"../../../Engine/Content/EngineMaterials/Substrate/Glints2/dict_0006_0206.uasset" 10268
"/Engine/EngineMaterials/Substrate/Glints2/dict_0006_0206" 10269
"../../../Engine/Content/EngineMaterials/Substrate/Glints2/dict_0006_0211.uasset" 10270
"../../../Engine/Content/EngineMaterials/Substrate/Glints2/dict_0006_0217.uasset" 10271
"../../../Engine/Content/EngineMaterials/Substrate/Glints2/dict_0006_0216.uasset" 10272
"../../../Engine/Content/EngineMaterials/Substrate/Glints2/dict_0006_0215.uasset" 10273
"../../../Engine/Content/EngineMaterials/Substrate/Glints2/dict_0006_0212.uasset" 10274
"../../../Engine/Content/EngineMaterials/Substrate/Glints2/dict_0006_0219.uasset" 10275
"../../../Engine/Content/EngineMaterials/Substrate/Glints2/dict_0006_0218.uasset" 10276
"../../../Engine/Content/EngineMaterials/Substrate/Glints2/dict_0006_0204.uasset" 10277
"../../../Engine/Content/EngineMaterials/Substrate/Glints2/dict_0006_0213.uasset" 10278
"../../../Engine/Content/EngineMaterials/Substrate/Glints2/dict_0006_0214.uasset" 10279
"../../../Engine/Content/EngineMaterials/Substrate/Glints2/dict_0006_0223.uasset" 10280
"../../../Engine/Content/EngineMaterials/Substrate/Glints2/dict_0006_0222.uasset" 10281
"../../../Engine/Content/EngineMaterials/Substrate/Glints2/dict_0006_0225.uasset" 10282
"../../../Engine/Content/EngineMaterials/Substrate/Glints2/dict_0006_0220.uasset" 10283
"/Engine/EngineMaterials/Substrate/Glints2/dict_0006_0219" 10284
"/Engine/EngineMaterials/Substrate/Glints2/dict_0006_0218" 10285
"../../../Engine/Content/EngineMaterials/Substrate/Glints2/dict_0006_0228.uasset" 10286
"../../../Engine/Content/EngineMaterials/Substrate/Glints2/dict_0006_0221.uasset" 10287
"/Engine/EngineMaterials/Substrate/Glints2/dict_0006_0217" 10288
"../../../Engine/Content/EngineMaterials/Substrate/Glints2/dict_0006_0226.uasset" 10289
"/Engine/EngineMaterials/Substrate/Glints2/dict_0006_0216" 10290
"/Engine/EngineMaterials/Substrate/Glints2/dict_0006_0215" 10291
"/Engine/EngineMaterials/Substrate/Glints2/dict_0006_0214" 10292
"/Engine/EngineMaterials/Substrate/Glints2/dict_0006_0213" 10293
"/Engine/EngineMaterials/Substrate/Glints2/dict_0006_0225" 10294
"/Engine/EngineMaterials/Substrate/Glints2/dict_0006_0212" 10295
"/Engine/EngineMaterials/Substrate/Glints2/dict_0006_0211" 10296
"../../../Engine/Content/EngineMaterials/Substrate/Glints2/dict_0006_0230.uasset" 10297
"/Engine/EngineMaterials/Substrate/Glints2/dict_0006_0204" 10298
"/Engine/EngineMaterials/Substrate/Glints2/dict_0006_0223" 10299
"../../../Engine/Content/EngineMaterials/Substrate/Glints2/dict_0006_0224.uasset" 10300
"/Engine/EngineMaterials/Substrate/Glints2/dict_0006_0222" 10301
"../../../Engine/Content/EngineMaterials/Substrate/Glints2/dict_0006_0227.uasset" 10302
"/Engine/EngineMaterials/Substrate/Glints2/dict_0006_0220" 10303
"/Engine/EngineMaterials/Substrate/Glints2/dict_0006_0230" 10304
"/Engine/EngineMaterials/Substrate/Glints2/dict_0006_0228" 10305
"/Engine/EngineMaterials/Substrate/Glints2/dict_0006_0227" 10306
"/Engine/EngineMaterials/Substrate/Glints2/dict_0006_0226" 10307
"/Engine/EngineMaterials/Substrate/Glints2/dict_0006_0224" 10308
"../../../Engine/Content/EngineMaterials/Substrate/Glints2/dict_0006_0233.uasset" 10309
"/Engine/EngineMaterials/Substrate/Glints2/dict_0006_0221" 10310
"../../../Engine/Content/EngineMaterials/Substrate/Glints2/dict_0006_0231.uasset" 10311
"../../../Engine/Content/EngineMaterials/Substrate/Glints2/dict_0006_0235.uasset" 10312
"../../../Engine/Content/EngineMaterials/Substrate/Glints2/dict_0006_0229.uasset" 10313
"/Engine/EngineMaterials/Substrate/Glints2/dict_0006_0233" 10314
"../../../Engine/Content/EngineMaterials/Substrate/Glints2/dict_0006_0236.uasset" 10315
"/Engine/EngineMaterials/Substrate/Glints2/dict_0006_0231" 10316
"/Engine/EngineMaterials/Substrate/Glints2/dict_0006_0235" 10317
"/Engine/EngineMaterials/Substrate/Glints2/dict_0006_0229" 10318
"/Engine/EngineMaterials/Substrate/Glints2/dict_0006_0236" 10319
"../../../Engine/Content/EngineMaterials/Substrate/Glints2/dict_0006_0232.uasset" 10320
"../../../Engine/Content/EngineMaterials/Substrate/Glints2/dict_0006_0237.uasset" 10321
"../../../Engine/Content/EngineMaterials/Substrate/Glints2/dict_0006_0242.uasset" 10322
"../../../Engine/Content/EngineMaterials/Substrate/Glints2/dict_0006_0241.uasset" 10323
"../../../Engine/Content/EngineMaterials/Substrate/Glints2/dict_0006_0240.uasset" 10324
"../../../Engine/Content/EngineMaterials/Substrate/Glints2/dict_0006_0244.uasset" 10325
"../../../Engine/Content/EngineMaterials/Substrate/Glints2/dict_0006_0238.uasset" 10326
"../../../Engine/Content/EngineMaterials/Substrate/Glints2/dict_0006_0243.uasset" 10327
"../../../Engine/Content/EngineMaterials/Substrate/Glints2/dict_0006_0239.uasset" 10328
"../../../Engine/Content/EngineMaterials/Substrate/Glints2/dict_0006_0234.uasset" 10329
"../../../Engine/Content/EngineMaterials/Substrate/Glints2/dict_0006_0245.uasset" 10330
"../../../Engine/Content/EngineMaterials/Substrate/Glints2/dict_0006_0249.uasset" 10331
"../../../Engine/Content/EngineMaterials/Substrate/Glints2/dict_0006_0246.uasset" 10332
"../../../Engine/Content/EngineMaterials/Substrate/Glints2/dict_0006_0247.uasset" 10333
"/Engine/EngineMaterials/Substrate/Glints2/dict_0006_0238" 10334
"../../../Engine/Content/EngineMaterials/Substrate/Glints2/dict_0006_0248.uasset" 10335
"/Engine/EngineMaterials/Substrate/Glints2/dict_0006_0232" 10336
"/Engine/EngineMaterials/Substrate/Glints2/dict_0006_0237" 10337
"/Engine/EngineMaterials/Substrate/Glints2/dict_0006_0239" 10338
"../../../Engine/Content/EngineMaterials/Substrate/Glints2/dict_0006_0250.uasset" 10339
"/Engine/EngineMaterials/Substrate/Glints2/dict_0006_0245" 10340
"/Engine/EngineMaterials/Substrate/Glints2/dict_0006_0240" 10341
"/Engine/EngineMaterials/Substrate/Glints2/dict_0006_0234" 10342
"/Engine/EngineMaterials/Substrate/Glints2/dict_0006_0244" 10343
"/Engine/EngineMaterials/Substrate/Glints2/dict_0006_0243" 10344
"/Engine/EngineMaterials/Substrate/Glints2/dict_0006_0242" 10345
"../../../Engine/Content/EngineMaterials/Substrate/Glints2/dict_0006_0254.uasset" 10346
"../../../Engine/Content/EngineMaterials/Substrate/Glints2/dict_0006_0252.uasset" 10347
"/Engine/EngineMaterials/Substrate/Glints2/dict_0006_0241" 10348
"../../../Engine/Content/EngineMaterials/Substrate/Glints2/dict_0006_0253.uasset" 10349
"/Engine/EngineMaterials/Substrate/Glints2/dict_0006_0254" 10350
"/Engine/EngineMaterials/Substrate/Glints2/dict_0006_0252" 10351
"../../../Engine/Content/EngineMaterials/Substrate/Glints2/dict_0006_0251.uasset" 10352
"/Engine/EngineMaterials/Substrate/Glints2/dict_0006_0250" 10353
"/Engine/EngineMaterials/Substrate/Glints2/dict_0006_0249" 10354
"/Engine/EngineMaterials/Substrate/Glints2/dict_0006_0248" 10355
"/Engine/EngineMaterials/Substrate/Glints2/dict_0006_0247" 10356
"/Engine/EngineMaterials/Substrate/Glints2/dict_0006_0246" 10357
"/Engine/EngineMaterials/Substrate/Glints2/dict_0006_0253" 10358
"/Engine/EngineMaterials/Substrate/Glints2/dict_0006_0251" 10359
"../../../Engine/Content/EngineMaterials/Substrate/Glints2/dict_0007_0001.uasset" 10360
"../../../Engine/Content/EngineMaterials/Substrate/Glints2/dict_0007_0003.uasset" 10361
"../../../Engine/Content/EngineMaterials/Substrate/Glints2/dict_0007_0000.uasset" 10362
"../../../Engine/Content/EngineMaterials/Substrate/Glints2/dict_0007_0004.uasset" 10363
"../../../Engine/Content/EngineMaterials/Substrate/Glints2/dict_0006_0255.uasset" 10364
"../../../Engine/Content/EngineMaterials/Substrate/Glints2/dict_0007_0002.uasset" 10365
"../../../Engine/Content/EngineMaterials/Substrate/Glints2/dict_0007_0005.uasset" 10366
"../../../Engine/Content/EngineMaterials/Substrate/Glints2/dict_0007_0007.uasset" 10367
"../../../Engine/Content/EngineMaterials/Substrate/Glints2/dict_0007_0006.uasset" 10368
"../../../Engine/Content/EngineMaterials/Substrate/Glints2/dict_0007_0008.uasset" 10369
"../../../Engine/Content/EngineMaterials/Substrate/Glints2/dict_0007_0009.uasset" 10370
"../../../Engine/Content/EngineMaterials/Substrate/Glints2/dict_0007_0011.uasset" 10371
"../../../Engine/Content/EngineMaterials/Substrate/Glints2/dict_0007_0012.uasset" 10372
"../../../Engine/Content/EngineMaterials/Substrate/Glints2/dict_0007_0010.uasset" 10373
"/Engine/EngineMaterials/Substrate/Glints2/dict_0006_0255" 10374
"/Engine/EngineMaterials/Substrate/Glints2/dict_0007_0008" 10375
"/Engine/EngineMaterials/Substrate/Glints2/dict_0007_0007" 10376
"/Engine/EngineMaterials/Substrate/Glints2/dict_0007_0005" 10377
"/Engine/EngineMaterials/Substrate/Glints2/dict_0007_0010" 10378
"/Engine/EngineMaterials/Substrate/Glints2/dict_0007_0004" 10379
"../../../Engine/Content/EngineMaterials/Substrate/Glints2/dict_0007_0013.uasset" 10380
"../../../Engine/Content/EngineMaterials/Substrate/Glints2/dict_0007_0017.uasset" 10381
"../../../Engine/Content/EngineMaterials/Substrate/Glints2/dict_0007_0020.uasset" 10382
"/Engine/EngineMaterials/Substrate/Glints2/dict_0007_0003" 10383
"../../../Engine/Content/EngineMaterials/Substrate/Glints2/dict_0007_0019.uasset" 10384
"../../../Engine/Content/EngineMaterials/Substrate/Glints2/dict_0007_0014.uasset" 10385
"../../../Engine/Content/EngineMaterials/Substrate/Glints2/dict_0007_0015.uasset" 10386
"../../../Engine/Content/EngineMaterials/Substrate/Glints2/dict_0007_0022.uasset" 10387
"/Engine/EngineMaterials/Substrate/Glints2/dict_0007_0002" 10388
"../../../Engine/Content/EngineMaterials/Substrate/Glints2/dict_0007_0016.uasset" 10389
"../../../Engine/Content/EngineMaterials/Substrate/Glints2/dict_0007_0018.uasset" 10390
"/Engine/EngineMaterials/Substrate/Glints2/dict_0007_0009" 10391
"/Engine/EngineMaterials/Substrate/Glints2/dict_0007_0001" 10392
"/Engine/EngineMaterials/Substrate/Glints2/dict_0007_0006" 10393
"/Engine/EngineMaterials/Substrate/Glints2/dict_0007_0000" 10394
"/Engine/EngineMaterials/Substrate/Glints2/dict_0007_0012" 10395
"/Engine/EngineMaterials/Substrate/Glints2/dict_0007_0011" 10396
"/Engine/EngineMaterials/Substrate/Glints2/dict_0007_0020" 10397
"/Engine/EngineMaterials/Substrate/Glints2/dict_0007_0019" 10398
"../../../Engine/Content/EngineMaterials/Substrate/Glints2/dict_0007_0021.uasset" 10399
"/Engine/EngineMaterials/Substrate/Glints2/dict_0007_0022" 10400
"/Engine/EngineMaterials/Substrate/Glints2/dict_0007_0018" 10401
"/Engine/EngineMaterials/Substrate/Glints2/dict_0007_0017" 10402
"/Engine/EngineMaterials/Substrate/Glints2/dict_0007_0016" 10403
"/Engine/EngineMaterials/Substrate/Glints2/dict_0007_0015" 10404
"/Engine/EngineMaterials/Substrate/Glints2/dict_0007_0014" 10405
"/Engine/EngineMaterials/Substrate/Glints2/dict_0007_0013" 10406
"/Engine/EngineMaterials/Substrate/Glints2/dict_0007_0021" 10407
"../../../Engine/Content/EngineMaterials/Substrate/Glints2/dict_0007_0026.uasset" 10408
"../../../Engine/Content/EngineMaterials/Substrate/Glints2/dict_0007_0027.uasset" 10409
"../../../Engine/Content/EngineMaterials/Substrate/Glints2/dict_0007_0023.uasset" 10410
"../../../Engine/Content/EngineMaterials/Substrate/Glints2/dict_0007_0025.uasset" 10411
"../../../Engine/Content/EngineMaterials/Substrate/Glints2/dict_0007_0029.uasset" 10412
"../../../Engine/Content/EngineMaterials/Substrate/Glints2/dict_0007_0028.uasset" 10413
"../../../Engine/Content/EngineMaterials/Substrate/Glints2/dict_0007_0030.uasset" 10414
"../../../Engine/Content/EngineMaterials/Substrate/Glints2/dict_0007_0031.uasset" 10415
"../../../Engine/Content/EngineMaterials/Substrate/Glints2/dict_0007_0024.uasset" 10416
"../../../Engine/Content/EngineMaterials/Substrate/Glints2/dict_0007_0032.uasset" 10417
"../../../Engine/Content/EngineMaterials/Substrate/Glints2/dict_0007_0033.uasset" 10418
"../../../Engine/Content/EngineMaterials/Substrate/Glints2/dict_0007_0036.uasset" 10419
"../../../Engine/Content/EngineMaterials/Substrate/Glints2/dict_0007_0035.uasset" 10420
"../../../Engine/Content/EngineMaterials/Substrate/Glints2/dict_0007_0034.uasset" 10421
"../../../Engine/Content/EngineMaterials/Substrate/Glints2/dict_0007_0037.uasset" 10422
"/Engine/EngineMaterials/Substrate/Glints2/dict_0007_0028" 10423
"/Engine/EngineMaterials/Substrate/Glints2/dict_0007_0030" 10424
"/Engine/EngineMaterials/Substrate/Glints2/dict_0007_0027" 10425
"/Engine/EngineMaterials/Substrate/Glints2/dict_0007_0029" 10426
"/Engine/EngineMaterials/Substrate/Glints2/dict_0007_0026" 10427
"/Engine/EngineMaterials/Substrate/Glints2/dict_0007_0025" 10428
"/Engine/EngineMaterials/Substrate/Glints2/dict_0007_0024" 10429
"/Engine/EngineMaterials/Substrate/Glints2/dict_0007_0023" 10430
"/Engine/EngineMaterials/Substrate/Glints2/dict_0007_0031" 10431
"/Engine/EngineMaterials/Substrate/Glints2/dict_0007_0037" 10432
"/Engine/EngineMaterials/Substrate/Glints2/dict_0007_0036" 10433
"/Engine/EngineMaterials/Substrate/Glints2/dict_0007_0035" 10434
"/Engine/EngineMaterials/Substrate/Glints2/dict_0007_0034" 10435
"../../../Engine/Content/EngineMaterials/Substrate/Glints2/dict_0007_0040.uasset" 10436
"/Engine/EngineMaterials/Substrate/Glints2/dict_0007_0033" 10437
"/Engine/EngineMaterials/Substrate/Glints2/dict_0007_0032" 10438
"/Engine/EngineMaterials/Substrate/Glints2/dict_0007_0040" 10439
"../../../Engine/Content/EngineMaterials/Substrate/Glints2/dict_0007_0039.uasset" 10440
"/Engine/EngineMaterials/Substrate/Glints2/dict_0007_0039" 10441
"../../../Engine/Content/EngineMaterials/Substrate/Glints2/dict_0007_0044.uasset" 10442
"../../../Engine/Content/EngineMaterials/Substrate/Glints2/dict_0007_0041.uasset" 10443
"../../../Engine/Content/EngineMaterials/Substrate/Glints2/dict_0007_0046.uasset" 10444
"../../../Engine/Content/EngineMaterials/Substrate/Glints2/dict_0007_0042.uasset" 10445
"../../../Engine/Content/EngineMaterials/Substrate/Glints2/dict_0007_0038.uasset" 10446
"/Engine/EngineMaterials/Substrate/Glints2/dict_0007_0044" 10447
"../../../Engine/Content/EngineMaterials/Substrate/Glints2/dict_0007_0043.uasset" 10448
"/Engine/EngineMaterials/Substrate/Glints2/dict_0007_0042" 10449
"../../../Engine/Content/EngineMaterials/Substrate/Glints2/dict_0007_0047.uasset" 10450
"/Engine/EngineMaterials/Substrate/Glints2/dict_0007_0041" 10451
"/Engine/EngineMaterials/Substrate/Glints2/dict_0007_0038" 10452
"/Engine/EngineMaterials/Substrate/Glints2/dict_0007_0046" 10453
"/Engine/EngineMaterials/Substrate/Glints2/dict_0007_0043" 10454
"/Engine/EngineMaterials/Substrate/Glints2/dict_0007_0047" 10455
"../../../Engine/Content/EngineMaterials/Substrate/Glints2/dict_0007_0045.uasset" 10456
"../../../Engine/Content/EngineMaterials/Substrate/Glints2/dict_0007_0048.uasset" 10457
"../../../Engine/Content/EngineMaterials/Substrate/Glints2/dict_0007_0049.uasset" 10458
"../../../Engine/Content/EngineMaterials/Substrate/Glints2/dict_0007_0052.uasset" 10459
"../../../Engine/Content/EngineMaterials/Substrate/Glints2/dict_0007_0053.uasset" 10460
"../../../Engine/Content/EngineMaterials/Substrate/Glints2/dict_0007_0054.uasset" 10461
"../../../Engine/Content/EngineMaterials/Substrate/Glints2/dict_0007_0050.uasset" 10462
"../../../Engine/Content/EngineMaterials/Substrate/Glints2/dict_0007_0051.uasset" 10463
"/Engine/EngineMaterials/Substrate/Glints2/dict_0007_0054" 10464
"../../../Engine/Content/EngineMaterials/Substrate/Glints2/dict_0007_0056.uasset" 10465
"../../../Engine/Content/EngineMaterials/Substrate/Glints2/dict_0007_0057.uasset" 10466
"/Engine/EngineMaterials/Substrate/Glints2/dict_0007_0053" 10467
"../../../Engine/Content/EngineMaterials/Substrate/Glints2/dict_0007_0055.uasset" 10468
"/Engine/EngineMaterials/Substrate/Glints2/dict_0007_0052" 10469
"/Engine/EngineMaterials/Substrate/Glints2/dict_0007_0051" 10470
"/Engine/EngineMaterials/Substrate/Glints2/dict_0007_0050" 10471
"../../../Engine/Content/EngineMaterials/Substrate/Glints2/dict_0007_0061.uasset" 10472
"/Engine/EngineMaterials/Substrate/Glints2/dict_0007_0049" 10473
"../../../Engine/Content/EngineMaterials/Substrate/Glints2/dict_0007_0059.uasset" 10474
"../../../Engine/Content/EngineMaterials/Substrate/Glints2/dict_0007_0063.uasset" 10475
"../../../Engine/Content/EngineMaterials/Substrate/Glints2/dict_0007_0064.uasset" 10476
"../../../Engine/Content/EngineMaterials/Substrate/Glints2/dict_0007_0060.uasset" 10477
"../../../Engine/Content/EngineMaterials/Substrate/Glints2/dict_0007_0058.uasset" 10478
"/Engine/EngineMaterials/Substrate/Glints2/dict_0007_0048" 10479
"/Engine/EngineMaterials/Substrate/Glints2/dict_0007_0045" 10480
"/Engine/EngineMaterials/Substrate/Glints2/dict_0007_0063" 10481
"/Engine/EngineMaterials/Substrate/Glints2/dict_0007_0061" 10482
"/Engine/EngineMaterials/Substrate/Glints2/dict_0007_0060" 10483
"/Engine/EngineMaterials/Substrate/Glints2/dict_0007_0059" 10484
"/Engine/EngineMaterials/Substrate/Glints2/dict_0007_0058" 10485
"/Engine/EngineMaterials/Substrate/Glints2/dict_0007_0057" 10486
"/Engine/EngineMaterials/Substrate/Glints2/dict_0007_0056" 10487
"/Engine/EngineMaterials/Substrate/Glints2/dict_0007_0064" 10488
"/Engine/EngineMaterials/Substrate/Glints2/dict_0007_0055" 10489
"../../../Engine/Content/EngineMaterials/Substrate/Glints2/dict_0007_0062.uasset" 10490
"../../../Engine/Content/EngineMaterials/Substrate/Glints2/dict_0007_0066.uasset" 10491
"../../../Engine/Content/EngineMaterials/Substrate/Glints2/dict_0007_0067.uasset" 10492
"../../../Engine/Content/EngineMaterials/Substrate/Glints2/dict_0007_0065.uasset" 10493
"../../../Engine/Content/EngineMaterials/Substrate/Glints2/dict_0007_0072.uasset" 10494
"../../../Engine/Content/EngineMaterials/Substrate/Glints2/dict_0007_0068.uasset" 10495
"../../../Engine/Content/EngineMaterials/Substrate/Glints2/dict_0007_0070.uasset" 10496
"../../../Engine/Content/EngineMaterials/Substrate/Glints2/dict_0007_0071.uasset" 10497
"../../../Engine/Content/EngineMaterials/Substrate/Glints2/dict_0007_0069.uasset" 10498
"../../../Engine/Content/EngineMaterials/Substrate/Glints2/dict_0007_0073.uasset" 10499
"/Engine/EngineMaterials/Substrate/Glints2/dict_0007_0062" 10500
"../../../Engine/Content/EngineMaterials/Substrate/Glints2/dict_0007_0075.uasset" 10501
"../../../Engine/Content/EngineMaterials/Substrate/Glints2/dict_0007_0077.uasset" 10502
"/Engine/EngineMaterials/Substrate/Glints2/dict_0007_0070" 10503
"../../../Engine/Content/EngineMaterials/Substrate/Glints2/dict_0007_0074.uasset" 10504
"/Engine/EngineMaterials/Substrate/Glints2/dict_0007_0071" 10505
"/Engine/EngineMaterials/Substrate/Glints2/dict_0007_0073" 10506
"../../../Engine/Content/EngineMaterials/Substrate/Glints2/dict_0007_0076.uasset" 10507
"/Engine/EngineMaterials/Substrate/Glints2/dict_0007_0069" 10508
"/Engine/EngineMaterials/Substrate/Glints2/dict_0007_0068" 10509
"/Engine/EngineMaterials/Substrate/Glints2/dict_0007_0067" 10510
"../../../Engine/Content/EngineMaterials/Substrate/Glints2/dict_0007_0081.uasset" 10511
"../../../Engine/Content/EngineMaterials/Substrate/Glints2/dict_0007_0078.uasset" 10512
"/Engine/EngineMaterials/Substrate/Glints2/dict_0007_0066" 10513
"../../../Engine/Content/EngineMaterials/Substrate/Glints2/dict_0007_0080.uasset" 10514
"/Engine/EngineMaterials/Substrate/Glints2/dict_0007_0072" 10515
"/Engine/EngineMaterials/Substrate/Glints2/dict_0007_0065" 10516
"../../../Engine/Content/EngineMaterials/Substrate/Glints2/dict_0007_0082.uasset" 10517
"/Engine/EngineMaterials/Substrate/Glints2/dict_0007_0076" 10518
"/Engine/EngineMaterials/Substrate/Glints2/dict_0007_0078" 10519
"/Engine/EngineMaterials/Substrate/Glints2/dict_0007_0075" 10520
"/Engine/EngineMaterials/Substrate/Glints2/dict_0007_0074" 10521
"/Engine/EngineMaterials/Substrate/Glints2/dict_0007_0081" 10522
"/Engine/EngineMaterials/Substrate/Glints2/dict_0007_0080" 10523
"/Engine/EngineMaterials/Substrate/Glints2/dict_0007_0077" 10524
"/Engine/EngineMaterials/Substrate/Glints2/dict_0007_0082" 10525
"../../../Engine/Content/EngineMaterials/Substrate/Glints2/dict_0007_0085.uasset" 10526
"../../../Engine/Content/EngineMaterials/Substrate/Glints2/dict_0007_0083.uasset" 10527
"../../../Engine/Content/EngineMaterials/Substrate/Glints2/dict_0007_0079.uasset" 10528
"/Engine/EngineMaterials/Substrate/Glints2/dict_0007_0085" 10529
"../../../Engine/Content/EngineMaterials/Substrate/Glints2/dict_0007_0084.uasset" 10530
"../../../Engine/Content/EngineMaterials/Substrate/Glints2/dict_0007_0087.uasset" 10531
"/Engine/EngineMaterials/Substrate/Glints2/dict_0007_0083" 10532
"../../../Engine/Content/EngineMaterials/Substrate/Glints2/dict_0007_0086.uasset" 10533
"/Engine/EngineMaterials/Substrate/Glints2/dict_0007_0079" 10534
"../../../Engine/Content/EngineMaterials/Substrate/Glints2/dict_0007_0090.uasset" 10535
"../../../Engine/Content/EngineMaterials/Substrate/Glints2/dict_0007_0088.uasset" 10536
"/Engine/EngineMaterials/Substrate/Glints2/dict_0007_0086" 10537
"../../../Engine/Content/EngineMaterials/Substrate/Glints2/dict_0007_0091.uasset" 10538
"/Engine/EngineMaterials/Substrate/Glints2/dict_0007_0084" 10539
"/Engine/EngineMaterials/Substrate/Glints2/dict_0007_0090" 10540
"/Engine/EngineMaterials/Substrate/Glints2/dict_0007_0088" 10541
"/Engine/EngineMaterials/Substrate/Glints2/dict_0007_0087" 10542
"/Engine/EngineMaterials/Substrate/Glints2/dict_0007_0091" 10543
"../../../Engine/Content/EngineMaterials/Substrate/Glints2/dict_0007_0092.uasset" 10544
"../../../Engine/Content/EngineMaterials/Substrate/Glints2/dict_0007_0095.uasset" 10545
"../../../Engine/Content/EngineMaterials/Substrate/Glints2/dict_0007_0093.uasset" 10546
"../../../Engine/Content/EngineMaterials/Substrate/Glints2/dict_0007_0094.uasset" 10547
"../../../Engine/Content/EngineMaterials/Substrate/Glints2/dict_0007_0089.uasset" 10548
"../../../Engine/Content/EngineMaterials/Substrate/Glints2/dict_0007_0096.uasset" 10549
"../../../Engine/Content/EngineMaterials/Substrate/Glints2/dict_0007_0097.uasset" 10550
"../../../Engine/Content/EngineMaterials/Substrate/Glints2/dict_0007_0100.uasset" 10551
"../../../Engine/Content/EngineMaterials/Substrate/Glints2/dict_0007_0099.uasset" 10552
"/Engine/EngineMaterials/Substrate/Glints2/dict_0007_0095" 10553
"../../../Engine/Content/EngineMaterials/Substrate/Glints2/dict_0007_0098.uasset" 10554
"/Engine/EngineMaterials/Substrate/Glints2/dict_0007_0094" 10555
"../../../Engine/Content/EngineMaterials/Substrate/Glints2/dict_0007_0104.uasset" 10556
"../../../Engine/Content/EngineMaterials/Substrate/Glints2/dict_0007_0105.uasset" 10557
"../../../Engine/Content/EngineMaterials/Substrate/Glints2/dict_0007_0103.uasset" 10558
"../../../Engine/Content/EngineMaterials/Substrate/Glints2/dict_0007_0101.uasset" 10559
"../../../Engine/Content/EngineMaterials/Substrate/Glints2/dict_0007_0106.uasset" 10560
"/Engine/EngineMaterials/Substrate/Glints2/dict_0007_0093" 10561
"/Engine/EngineMaterials/Substrate/Glints2/dict_0007_0092" 10562
"/Engine/EngineMaterials/Substrate/Glints2/dict_0007_0100" 10563
"../../../Engine/Content/EngineMaterials/Substrate/Glints2/dict_0007_0102.uasset" 10564
"/Engine/EngineMaterials/Substrate/Glints2/dict_0007_0089" 10565
"/Engine/EngineMaterials/Substrate/Glints2/dict_0007_0099" 10566
"/Engine/EngineMaterials/Substrate/Glints2/dict_0007_0097" 10567
"/Engine/EngineMaterials/Substrate/Glints2/dict_0007_0096" 10568
"../../../Engine/Content/EngineMaterials/Substrate/Glints2/dict_0007_0109.uasset" 10569
"/Engine/EngineMaterials/Substrate/Glints2/dict_0007_0105" 10570
"../../../Engine/Content/EngineMaterials/Substrate/Glints2/dict_0007_0108.uasset" 10571
"/Engine/EngineMaterials/Substrate/Glints2/dict_0007_0109" 10572
"/Engine/EngineMaterials/Substrate/Glints2/dict_0007_0104" 10573
"/Engine/EngineMaterials/Substrate/Glints2/dict_0007_0103" 10574
"/Engine/EngineMaterials/Substrate/Glints2/dict_0007_0102" 10575
"/Engine/EngineMaterials/Substrate/Glints2/dict_0007_0101" 10576
"/Engine/EngineMaterials/Substrate/Glints2/dict_0007_0098" 10577
"../../../Engine/Content/EngineMaterials/Substrate/Glints2/dict_0007_0107.uasset" 10578
"/Engine/EngineMaterials/Substrate/Glints2/dict_0007_0106" 10579
"/Engine/EngineMaterials/Substrate/Glints2/dict_0007_0108" 10580
"/Engine/EngineMaterials/Substrate/Glints2/dict_0007_0107" 10581
"../../../Engine/Content/EngineMaterials/Substrate/Glints2/dict_0007_0111.uasset" 10582
"../../../Engine/Content/EngineMaterials/Substrate/Glints2/dict_0007_0112.uasset" 10583
"../../../Engine/Content/EngineMaterials/Substrate/Glints2/dict_0007_0110.uasset" 10584
"../../../Engine/Content/EngineMaterials/Substrate/Glints2/dict_0007_0115.uasset" 10585
"../../../Engine/Content/EngineMaterials/Substrate/Glints2/dict_0007_0114.uasset" 10586
"../../../Engine/Content/EngineMaterials/Substrate/Glints2/dict_0007_0113.uasset" 10587
"../../../Engine/Content/EngineMaterials/Substrate/Glints2/dict_0007_0116.uasset" 10588
"../../../Engine/Content/EngineMaterials/Substrate/Glints2/dict_0007_0118.uasset" 10589
"../../../Engine/Content/EngineMaterials/Substrate/Glints2/dict_0007_0117.uasset" 10590
"../../../Engine/Content/EngineMaterials/Substrate/Glints2/dict_0007_0121.uasset" 10591
"../../../Engine/Content/EngineMaterials/Substrate/Glints2/dict_0007_0122.uasset" 10592
"../../../Engine/Content/EngineMaterials/Substrate/Glints2/dict_0007_0119.uasset" 10593
"../../../Engine/Content/EngineMaterials/Substrate/Glints2/dict_0007_0124.uasset" 10594
"../../../Engine/Content/EngineMaterials/Substrate/Glints2/dict_0007_0120.uasset" 10595
"../../../Engine/Content/EngineMaterials/Substrate/Glints2/dict_0007_0125.uasset" 10596
"../../../Engine/Content/EngineMaterials/Substrate/Glints2/dict_0007_0123.uasset" 10597
"/Engine/EngineMaterials/Substrate/Glints2/dict_0007_0112" 10598
"/Engine/EngineMaterials/Substrate/Glints2/dict_0007_0121" 10599
"/Engine/EngineMaterials/Substrate/Glints2/dict_0007_0111" 10600
"/Engine/EngineMaterials/Substrate/Glints2/dict_0007_0116" 10601
"/Engine/EngineMaterials/Substrate/Glints2/dict_0007_0110" 10602
"/Engine/EngineMaterials/Substrate/Glints2/dict_0007_0120" 10603
"/Engine/EngineMaterials/Substrate/Glints2/dict_0007_0122" 10604
"../../../Engine/Content/EngineMaterials/Substrate/Glints2/dict_0007_0126.uasset" 10605
"/Engine/EngineMaterials/Substrate/Glints2/dict_0007_0119" 10606
"../../../Engine/Content/EngineMaterials/Substrate/Glints2/dict_0007_0128.uasset" 10607
"/Engine/EngineMaterials/Substrate/Glints2/dict_0007_0115" 10608
"/Engine/EngineMaterials/Substrate/Glints2/dict_0007_0125" 10609
"/Engine/EngineMaterials/Substrate/Glints2/dict_0007_0113" 10610
"/Engine/EngineMaterials/Substrate/Glints2/dict_0007_0124" 10611
"/Engine/EngineMaterials/Substrate/Glints2/dict_0007_0114" 10612
"/Engine/EngineMaterials/Substrate/Glints2/dict_0007_0123" 10613
"/Engine/EngineMaterials/Substrate/Glints2/dict_0007_0118" 10614
"../../../Engine/Content/EngineMaterials/Substrate/Glints2/dict_0007_0127.uasset" 10615
"/Engine/EngineMaterials/Substrate/Glints2/dict_0007_0117" 10616
"../../../Engine/Content/EngineMaterials/Substrate/Glints2/dict_0007_0133.uasset" 10617
"../../../Engine/Content/EngineMaterials/Substrate/Glints2/dict_0007_0129.uasset" 10618
"../../../Engine/Content/EngineMaterials/Substrate/Glints2/dict_0007_0130.uasset" 10619
"../../../Engine/Content/EngineMaterials/Substrate/Glints2/dict_0007_0134.uasset" 10620
"/Engine/EngineMaterials/Substrate/Glints2/dict_0007_0130" 10621
"/Engine/EngineMaterials/Substrate/Glints2/dict_0007_0129" 10622
"../../../Engine/Content/EngineMaterials/Substrate/Glints2/dict_0007_0132.uasset" 10623
"/Engine/EngineMaterials/Substrate/Glints2/dict_0007_0128" 10624
"/Engine/EngineMaterials/Substrate/Glints2/dict_0007_0134" 10625
"/Engine/EngineMaterials/Substrate/Glints2/dict_0007_0127" 10626
"/Engine/EngineMaterials/Substrate/Glints2/dict_0007_0126" 10627
"/Engine/EngineMaterials/Substrate/Glints2/dict_0007_0133" 10628
"/Engine/EngineMaterials/Substrate/Glints2/dict_0007_0132" 10629
"../../../Engine/Content/EngineMaterials/Substrate/Glints2/dict_0007_0131.uasset" 10630
"../../../Engine/Content/EngineMaterials/Substrate/Glints2/dict_0007_0136.uasset" 10631
"../../../Engine/Content/EngineMaterials/Substrate/Glints2/dict_0007_0137.uasset" 10632
"../../../Engine/Content/EngineMaterials/Substrate/Glints2/dict_0007_0141.uasset" 10633
"../../../Engine/Content/EngineMaterials/Substrate/Glints2/dict_0007_0139.uasset" 10634
"../../../Engine/Content/EngineMaterials/Substrate/Glints2/dict_0007_0140.uasset" 10635
"../../../Engine/Content/EngineMaterials/Substrate/Glints2/dict_0007_0142.uasset" 10636
"../../../Engine/Content/EngineMaterials/Substrate/Glints2/dict_0007_0138.uasset" 10637
"../../../Engine/Content/EngineMaterials/Substrate/Glints2/dict_0007_0143.uasset" 10638
"/Engine/EngineMaterials/Substrate/Glints2/dict_0007_0131" 10639
"../../../Engine/Content/EngineMaterials/Substrate/Glints2/dict_0007_0144.uasset" 10640
"../../../Engine/Content/EngineMaterials/Substrate/Glints2/dict_0007_0145.uasset" 10641
"/Engine/EngineMaterials/Substrate/Glints2/dict_0007_0139" 10642
"/Engine/EngineMaterials/Substrate/Glints2/dict_0007_0138" 10643
"/Engine/EngineMaterials/Substrate/Glints2/dict_0007_0137" 10644
"../../../Engine/Content/EngineMaterials/Substrate/Glints2/dict_0007_0148.uasset" 10645
"../../../Engine/Content/EngineMaterials/Substrate/Glints2/dict_0007_0147.uasset" 10646
"/Engine/EngineMaterials/Substrate/Glints2/dict_0007_0136" 10647
"/Engine/EngineMaterials/Substrate/Glints2/dict_0007_0141" 10648
"../../../Engine/Content/EngineMaterials/Substrate/Glints2/dict_0007_0149.uasset" 10649
"../../../Engine/Content/EngineMaterials/Substrate/Glints2/dict_0007_0150.uasset" 10650
"../../../Engine/Content/EngineMaterials/Substrate/Glints2/dict_0007_0146.uasset" 10651
"/Engine/EngineMaterials/Substrate/Glints2/dict_0007_0140" 10652
"/Engine/EngineMaterials/Substrate/Glints2/dict_0007_0143" 10653
"/Engine/EngineMaterials/Substrate/Glints2/dict_0007_0142" 10654
"/Engine/EngineMaterials/Substrate/Glints2/dict_0007_0150" 10655
"/Engine/EngineMaterials/Substrate/Glints2/dict_0007_0149" 10656
"/Engine/EngineMaterials/Substrate/Glints2/dict_0007_0148" 10657
"../../../Engine/Content/EngineMaterials/Substrate/Glints2/dict_0007_0151.uasset" 10658
"/Engine/EngineMaterials/Substrate/Glints2/dict_0007_0147" 10659
"/Engine/EngineMaterials/Substrate/Glints2/dict_0007_0146" 10660
"/Engine/EngineMaterials/Substrate/Glints2/dict_0007_0145" 10661
"/Engine/EngineMaterials/Substrate/Glints2/dict_0007_0144" 10662
"/Engine/EngineMaterials/Substrate/Glints2/dict_0007_0151" 10663
"../../../Engine/Content/EngineMaterials/Substrate/Glints2/dict_0007_0154.uasset" 10664
"../../../Engine/Content/EngineMaterials/Substrate/Glints2/dict_0007_0135.uasset" 10665
"../../../Engine/Content/EngineMaterials/Substrate/Glints2/dict_0007_0152.uasset" 10666
"../../../Engine/Content/EngineMaterials/Substrate/Glints2/dict_0007_0155.uasset" 10667
"../../../Engine/Content/EngineMaterials/Substrate/Glints2/dict_0007_0156.uasset" 10668
"../../../Engine/Content/EngineMaterials/Substrate/Glints2/dict_0007_0153.uasset" 10669
"../../../Engine/Content/EngineMaterials/Substrate/Glints2/dict_0007_0157.uasset" 10670
"../../../Engine/Content/EngineMaterials/Substrate/Glints2/dict_0007_0158.uasset" 10671
"../../../Engine/Content/EngineMaterials/Substrate/Glints2/dict_0007_0160.uasset" 10672
"../../../Engine/Content/EngineMaterials/Substrate/Glints2/dict_0007_0159.uasset" 10673
"../../../Engine/Content/EngineMaterials/Substrate/Glints2/dict_0007_0161.uasset" 10674
"/Engine/EngineMaterials/Substrate/Glints2/dict_0007_0157" 10675
"../../../Engine/Content/EngineMaterials/Substrate/Glints2/dict_0007_0162.uasset" 10676
"/Engine/EngineMaterials/Substrate/Glints2/dict_0007_0156" 10677
"../../../Engine/Content/EngineMaterials/Substrate/Glints2/dict_0007_0164.uasset" 10678
"/Engine/EngineMaterials/Substrate/Glints2/dict_0007_0155" 10679
"/Engine/EngineMaterials/Substrate/Glints2/dict_0007_0154" 10680
"/Engine/EngineMaterials/Substrate/Glints2/dict_0007_0153" 10681
"/Engine/EngineMaterials/Substrate/Glints2/dict_0007_0152" 10682
"../../../Engine/Content/EngineMaterials/Substrate/Glints2/dict_0007_0165.uasset" 10683
"/Engine/EngineMaterials/Substrate/Glints2/dict_0007_0135" 10684
"../../../Engine/Content/EngineMaterials/Substrate/Glints2/dict_0007_0163.uasset" 10685
"../../../Engine/Content/EngineMaterials/Substrate/Glints2/dict_0007_0167.uasset" 10686
"../../../Engine/Content/EngineMaterials/Substrate/Glints2/dict_0007_0168.uasset" 10687
"/Engine/EngineMaterials/Substrate/Glints2/dict_0007_0161" 10688
"/Engine/EngineMaterials/Substrate/Glints2/dict_0007_0160" 10689
"../../../Engine/Content/EngineMaterials/Substrate/Glints2/dict_0007_0166.uasset" 10690
"../../../Engine/Content/EngineMaterials/Substrate/Glints2/dict_0007_0169.uasset" 10691
"/Engine/EngineMaterials/Substrate/Glints2/dict_0007_0159" 10692
"/Engine/EngineMaterials/Substrate/Glints2/dict_0007_0158" 10693
"/Engine/EngineMaterials/Substrate/Glints2/dict_0007_0164" 10694
"/Engine/EngineMaterials/Substrate/Glints2/dict_0007_0163" 10695
"/Engine/EngineMaterials/Substrate/Glints2/dict_0007_0162" 10696
"/Engine/EngineMaterials/Substrate/Glints2/dict_0007_0169" 10697
"/Engine/EngineMaterials/Substrate/Glints2/dict_0007_0168" 10698
"/Engine/EngineMaterials/Substrate/Glints2/dict_0007_0165" 10699
"/Engine/EngineMaterials/Substrate/Glints2/dict_0007_0167" 10700
"/Engine/EngineMaterials/Substrate/Glints2/dict_0007_0166" 10701
"../../../Engine/Content/EngineMaterials/Substrate/Glints2/dict_0007_0172.uasset" 10702
"../../../Engine/Content/EngineMaterials/Substrate/Glints2/dict_0007_0170.uasset" 10703
"../../../Engine/Content/EngineMaterials/Substrate/Glints2/dict_0007_0176.uasset" 10704
"../../../Engine/Content/EngineMaterials/Substrate/Glints2/dict_0007_0171.uasset" 10705
"../../../Engine/Content/EngineMaterials/Substrate/Glints2/dict_0007_0175.uasset" 10706
"../../../Engine/Content/EngineMaterials/Substrate/Glints2/dict_0007_0174.uasset" 10707
"../../../Engine/Content/EngineMaterials/Substrate/Glints2/dict_0007_0178.uasset" 10708
"../../../Engine/Content/EngineMaterials/Substrate/Glints2/dict_0007_0179.uasset" 10709
"../../../Engine/Content/EngineMaterials/Substrate/Glints2/dict_0007_0173.uasset" 10710
"../../../Engine/Content/EngineMaterials/Substrate/Glints2/dict_0007_0177.uasset" 10711
"/Engine/EngineMaterials/Substrate/Glints2/dict_0007_0174" 10712
"../../../Engine/Content/EngineMaterials/Substrate/Glints2/dict_0007_0181.uasset" 10713
"/Engine/EngineMaterials/Substrate/Glints2/dict_0007_0173" 10714
"../../../Engine/Content/EngineMaterials/Substrate/Glints2/dict_0007_0180.uasset" 10715
"../../../Engine/Content/EngineMaterials/Substrate/Glints2/dict_0007_0185.uasset" 10716
"/Engine/EngineMaterials/Substrate/Glints2/dict_0007_0172" 10717
"../../../Engine/Content/EngineMaterials/Substrate/Glints2/dict_0007_0184.uasset" 10718
"/Engine/EngineMaterials/Substrate/Glints2/dict_0007_0171" 10719
"../../../Engine/Content/EngineMaterials/Substrate/Glints2/dict_0007_0182.uasset" 10720
"../../../Engine/Content/EngineMaterials/Substrate/Glints2/dict_0007_0186.uasset" 10721
"../../../Engine/Content/EngineMaterials/Substrate/Glints2/dict_0007_0183.uasset" 10722
"/Engine/EngineMaterials/Substrate/Glints2/dict_0007_0170" 10723
"/Engine/EngineMaterials/Substrate/Glints2/dict_0007_0179" 10724
"/Engine/EngineMaterials/Substrate/Glints2/dict_0007_0178" 10725
"/Engine/EngineMaterials/Substrate/Glints2/dict_0007_0177" 10726
"../../../Engine/Content/EngineMaterials/Substrate/Glints2/dict_0007_0188.uasset" 10727
"/Engine/EngineMaterials/Substrate/Glints2/dict_0007_0176" 10728
"/Engine/EngineMaterials/Substrate/Glints2/dict_0007_0175" 10729
"/Engine/EngineMaterials/Substrate/Glints2/dict_0007_0188" 10730
"/Engine/EngineMaterials/Substrate/Glints2/dict_0007_0186" 10731
"/Engine/EngineMaterials/Substrate/Glints2/dict_0007_0185" 10732
"/Engine/EngineMaterials/Substrate/Glints2/dict_0007_0182" 10733
"/Engine/EngineMaterials/Substrate/Glints2/dict_0007_0181" 10734
"/Engine/EngineMaterials/Substrate/Glints2/dict_0007_0184" 10735
"/Engine/EngineMaterials/Substrate/Glints2/dict_0007_0180" 10736
"/Engine/EngineMaterials/Substrate/Glints2/dict_0007_0183" 10737
"../../../Engine/Content/EngineMaterials/Substrate/Glints2/dict_0007_0187.uasset" 10738
"../../../Engine/Content/EngineMaterials/Substrate/Glints2/dict_0007_0189.uasset" 10739
"/Engine/EngineMaterials/Substrate/Glints2/dict_0007_0189" 10740
"/Engine/EngineMaterials/Substrate/Glints2/dict_0007_0187" 10741
"../../../Engine/Content/EngineMaterials/Substrate/Glints2/dict_0007_0191.uasset" 10742
"../../../Engine/Content/EngineMaterials/Substrate/Glints2/dict_0007_0190.uasset" 10743
"../../../Engine/Content/EngineMaterials/Substrate/Glints2/dict_0007_0195.uasset" 10744
"../../../Engine/Content/EngineMaterials/Substrate/Glints2/dict_0007_0192.uasset" 10745
"../../../Engine/Content/EngineMaterials/Substrate/Glints2/dict_0007_0197.uasset" 10746
"../../../Engine/Content/EngineMaterials/Substrate/Glints2/dict_0007_0196.uasset" 10747
"../../../Engine/Content/EngineMaterials/Substrate/Glints2/dict_0007_0193.uasset" 10748
"../../../Engine/Content/EngineMaterials/Substrate/Glints2/dict_0007_0194.uasset" 10749
"../../../Engine/Content/EngineMaterials/Substrate/Glints2/dict_0007_0199.uasset" 10750
"../../../Engine/Content/EngineMaterials/Substrate/Glints2/dict_0007_0198.uasset" 10751
"../../../Engine/Content/EngineMaterials/Substrate/Glints2/dict_0007_0204.uasset" 10752
"../../../Engine/Content/EngineMaterials/Substrate/Glints2/dict_0007_0200.uasset" 10753
"../../../Engine/Content/EngineMaterials/Substrate/Glints2/dict_0007_0202.uasset" 10754
"../../../Engine/Content/EngineMaterials/Substrate/Glints2/dict_0007_0201.uasset" 10755
"../../../Engine/Content/EngineMaterials/Substrate/Glints2/dict_0007_0205.uasset" 10756
"/Engine/EngineMaterials/Substrate/Glints2/dict_0007_0193" 10757
"../../../Engine/Content/EngineMaterials/Substrate/Glints2/dict_0007_0207.uasset" 10758
"../../../Engine/Content/EngineMaterials/Substrate/Glints2/dict_0007_0206.uasset" 10759
"../../../Engine/Content/EngineMaterials/Substrate/Glints2/dict_0007_0203.uasset" 10760
"/Engine/EngineMaterials/Substrate/Glints2/dict_0007_0201" 10761
"/Engine/EngineMaterials/Substrate/Glints2/dict_0007_0192" 10762
"/Engine/EngineMaterials/Substrate/Glints2/dict_0007_0191" 10763
"/Engine/EngineMaterials/Substrate/Glints2/dict_0007_0200" 10764
"/Engine/EngineMaterials/Substrate/Glints2/dict_0007_0190" 10765
"../../../Engine/Content/EngineMaterials/Substrate/Glints2/dict_0007_0209.uasset" 10766
"../../../Engine/Content/EngineMaterials/Substrate/Glints2/dict_0007_0212.uasset" 10767
"../../../Engine/Content/EngineMaterials/Substrate/Glints2/dict_0007_0213.uasset" 10768
"../../../Engine/Content/EngineMaterials/Substrate/Glints2/dict_0007_0215.uasset" 10769
"../../../Engine/Content/EngineMaterials/Substrate/Glints2/dict_0007_0211.uasset" 10770
"/Engine/EngineMaterials/Substrate/Glints2/dict_0007_0199" 10771
"/Engine/EngineMaterials/Substrate/Glints2/dict_0007_0205" 10772
"/Engine/EngineMaterials/Substrate/Glints2/dict_0007_0198" 10773
"/Engine/EngineMaterials/Substrate/Glints2/dict_0007_0197" 10774
"/Engine/EngineMaterials/Substrate/Glints2/dict_0007_0196" 10775
"/Engine/EngineMaterials/Substrate/Glints2/dict_0007_0204" 10776
"/Engine/EngineMaterials/Substrate/Glints2/dict_0007_0202" 10777
"../../../Engine/Content/EngineMaterials/Substrate/Glints2/dict_0007_0208.uasset" 10778
"/Engine/EngineMaterials/Substrate/Glints2/dict_0007_0195" 10779
"/Engine/EngineMaterials/Substrate/Glints2/dict_0007_0194" 10780
"../../../Engine/Content/EngineMaterials/Substrate/Glints2/dict_0007_0214.uasset" 10781
"../../../Engine/Content/EngineMaterials/Substrate/Glints2/dict_0007_0217.uasset" 10782
"/Engine/EngineMaterials/Substrate/Glints2/dict_0007_0211" 10783
"/Engine/EngineMaterials/Substrate/Glints2/dict_0007_0209" 10784
"/Engine/EngineMaterials/Substrate/Glints2/dict_0007_0208" 10785
"../../../Engine/Content/EngineMaterials/Substrate/Glints2/dict_0007_0210.uasset" 10786
"/Engine/EngineMaterials/Substrate/Glints2/dict_0007_0207" 10787
"/Engine/EngineMaterials/Substrate/Glints2/dict_0007_0217" 10788
"/Engine/EngineMaterials/Substrate/Glints2/dict_0007_0215" 10789
"/Engine/EngineMaterials/Substrate/Glints2/dict_0007_0214" 10790
"/Engine/EngineMaterials/Substrate/Glints2/dict_0007_0213" 10791
"/Engine/EngineMaterials/Substrate/Glints2/dict_0007_0206" 10792
"/Engine/EngineMaterials/Substrate/Glints2/dict_0007_0212" 10793
"/Engine/EngineMaterials/Substrate/Glints2/dict_0007_0203" 10794
"/Engine/EngineMaterials/Substrate/Glints2/dict_0007_0210" 10795
"../../../Engine/Content/EngineMaterials/Substrate/Glints2/dict_0007_0216.uasset" 10796
"../../../Engine/Content/EngineMaterials/Substrate/Glints2/dict_0007_0218.uasset" 10797
"../../../Engine/Content/EngineMaterials/Substrate/Glints2/dict_0007_0221.uasset" 10798
"../../../Engine/Content/EngineMaterials/Substrate/Glints2/dict_0007_0220.uasset" 10799
"../../../Engine/Content/EngineMaterials/Substrate/Glints2/dict_0007_0219.uasset" 10800
"../../../Engine/Content/EngineMaterials/Substrate/Glints2/dict_0007_0224.uasset" 10801
"../../../Engine/Content/EngineMaterials/Substrate/Glints2/dict_0007_0225.uasset" 10802
"../../../Engine/Content/EngineMaterials/Substrate/Glints2/dict_0007_0223.uasset" 10803
"../../../Engine/Content/EngineMaterials/Substrate/Glints2/dict_0007_0222.uasset" 10804
"../../../Engine/Content/EngineMaterials/Substrate/Glints2/dict_0007_0226.uasset" 10805
"../../../Engine/Content/EngineMaterials/Substrate/Glints2/dict_0007_0229.uasset" 10806
"../../../Engine/Content/EngineMaterials/Substrate/Glints2/dict_0007_0230.uasset" 10807
"../../../Engine/Content/EngineMaterials/Substrate/Glints2/dict_0007_0228.uasset" 10808
"../../../Engine/Content/EngineMaterials/Substrate/Glints2/dict_0007_0231.uasset" 10809
"../../../Engine/Content/EngineMaterials/Substrate/Glints2/dict_0007_0235.uasset" 10810
"/Engine/EngineMaterials/Substrate/Glints2/dict_0007_0235" 10811
"../../../Engine/Content/EngineMaterials/Substrate/Glints2/dict_0007_0236.uasset" 10812
"/Engine/EngineMaterials/Substrate/Glints2/dict_0007_0231" 10813
"../../../Engine/Content/EngineMaterials/Substrate/Glints2/dict_0007_0227.uasset" 10814
"/Engine/EngineMaterials/Substrate/Glints2/dict_0007_0221" 10815
"../../../Engine/Content/EngineMaterials/Substrate/Glints2/dict_0007_0233.uasset" 10816
"/Engine/EngineMaterials/Substrate/Glints2/dict_0007_0219" 10817
"../../../Engine/Content/EngineMaterials/Substrate/Glints2/dict_0007_0238.uasset" 10818
"../../../Engine/Content/EngineMaterials/Substrate/Glints2/dict_0007_0232.uasset" 10819
"../../../Engine/Content/EngineMaterials/Substrate/Glints2/dict_0007_0240.uasset" 10820
"/Engine/EngineMaterials/Substrate/Glints2/dict_0007_0220" 10821
"../../../Engine/Content/EngineMaterials/Substrate/Glints2/dict_0007_0239.uasset" 10822
"../../../Engine/Content/EngineMaterials/Substrate/Glints2/dict_0007_0237.uasset" 10823
"/Engine/EngineMaterials/Substrate/Glints2/dict_0007_0230" 10824
"/Engine/EngineMaterials/Substrate/Glints2/dict_0007_0218" 10825
"../../../Engine/Content/EngineMaterials/Substrate/Glints2/dict_0007_0234.uasset" 10826
"/Engine/EngineMaterials/Substrate/Glints2/dict_0007_0216" 10827
"/Engine/EngineMaterials/Substrate/Glints2/dict_0007_0229" 10828
"/Engine/EngineMaterials/Substrate/Glints2/dict_0007_0228" 10829
"/Engine/EngineMaterials/Substrate/Glints2/dict_0007_0226" 10830
"/Engine/EngineMaterials/Substrate/Glints2/dict_0007_0225" 10831
"/Engine/EngineMaterials/Substrate/Glints2/dict_0007_0224" 10832
"/Engine/EngineMaterials/Substrate/Glints2/dict_0007_0223" 10833
"/Engine/EngineMaterials/Substrate/Glints2/dict_0007_0222" 10834
"/Engine/EngineMaterials/Substrate/Glints2/dict_0007_0236" 10835
"/Engine/EngineMaterials/Substrate/Glints2/dict_0007_0234" 10836
"/Engine/EngineMaterials/Substrate/Glints2/dict_0007_0233" 10837
"../../../Engine/Content/EngineMaterials/Substrate/Glints2/dict_0007_0242.uasset" 10838
"/Engine/EngineMaterials/Substrate/Glints2/dict_0007_0232" 10839
"/Engine/EngineMaterials/Substrate/Glints2/dict_0007_0240" 10840
"/Engine/EngineMaterials/Substrate/Glints2/dict_0007_0239" 10841
"../../../Engine/Content/EngineMaterials/Substrate/Glints2/dict_0007_0241.uasset" 10842
"/Engine/EngineMaterials/Substrate/Glints2/dict_0007_0238" 10843
"../../../Engine/Content/EngineMaterials/Substrate/Glints2/dict_0007_0244.uasset" 10844
"/Engine/EngineMaterials/Substrate/Glints2/dict_0007_0227" 10845
"/Engine/EngineMaterials/Substrate/Glints2/dict_0007_0237" 10846
"../../../Engine/Content/EngineMaterials/Substrate/Glints2/dict_0007_0243.uasset" 10847
"/Engine/EngineMaterials/Substrate/Glints2/dict_0007_0244" 10848
"/Engine/EngineMaterials/Substrate/Glints2/dict_0007_0243" 10849
"../../../Engine/Content/EngineMaterials/Substrate/Glints2/dict_0007_0246.uasset" 10850
"/Engine/EngineMaterials/Substrate/Glints2/dict_0007_0242" 10851
"/Engine/EngineMaterials/Substrate/Glints2/dict_0007_0241" 10852
"/Engine/EngineMaterials/Substrate/Glints2/dict_0007_0246" 10853
"../../../Engine/Content/EngineMaterials/Substrate/Glints2/dict_0007_0248.uasset" 10854
"../../../Engine/Content/EngineMaterials/Substrate/Glints2/dict_0007_0245.uasset" 10855
"../../../Engine/Content/EngineMaterials/Substrate/Glints2/dict_0007_0247.uasset" 10856
"../../../Engine/Content/EngineMaterials/Substrate/Glints2/dict_0007_0249.uasset" 10857
"../../../Engine/Content/EngineMaterials/Substrate/Glints2/dict_0007_0250.uasset" 10858
"../../../Engine/Content/EngineMaterials/Substrate/Glints2/dict_0007_0252.uasset" 10859
"../../../Engine/Content/EngineMaterials/Substrate/Glints2/dict_0007_0254.uasset" 10860
"../../../Engine/Content/EngineMaterials/Substrate/Glints2/dict_0007_0253.uasset" 10861
"../../../Engine/Content/MobileResources/HUD/DefaultVirtualJoysticks.uasset" 10862
"../../../Engine/Content/EngineMaterials/Substrate/Glints2/dict_0007_0251.uasset" 10863
"../../../Engine/Content/EngineMaterials/PPM_DefaultCalibrationColor.uasset" 10864
"../../../Engine/Content/EngineMaterials/Substrate/Glints2/dict_0007_0255.uasset" 10865
"../../../Engine/Content/EngineMaterials/PPM_DefaultCalibrationGrayscale.uasset" 10866
"E:/DaleBruise_Repo/Unreal_Learning/Content/ActionRogueLike/InputAction/IMC_DefaultPlayer.uasset" 10867
"../../../Engine/Content/EngineMaterials/Substrate/Glints2/AGlintTex2dArray2.uasset" 10868
"/Engine/EngineMaterials/Substrate/Glints2/dict_0007_0247" 10869
"/Engine/EngineMaterials/Substrate/Glints2/dict_0007_0248" 10870
"../../../Engine/Content/EngineMaterials/Substrate/Volume/SubstrateSimpleVolumeLUT3D.uasset" 10871
"../../../Engine/Content/EngineMaterials/Substrate/Volume/SubstrateSimpleVolumeLUT2D.uasset" 10872
"../../../Engine/Content/EngineMaterials/Substrate/Volume/SubstrateSimpleVolumeEnvLUT2D.uasset" 10873
"/Engine/EngineMaterials/Substrate/Glints2/dict_0007_0245" 10874
"../../../Engine/Content/EngineMaterials/DefaultCalibrationGrayscale.uasset" 10875
"../../../Engine/Content/MobileResources/HUD/VirtualJoystick_Background.uasset" 10876
"../../../Engine/Content/EngineMaterials/Substrate/Volume/SubstrateSimpleVolumeEnvLUT3D.uasset" 10877
"/Engine/EngineMaterials/Substrate/Glints2/AGlintTex2dArray2" 10878
"../../../Engine/Content/Functions/MaterialLayerFunctions/MatLayerBlend_OverrideOpacity.uasset" 10879
"../../../Engine/Content/MobileResources/HUD/VirtualJoystick_Thumb.uasset" 10880
"../../../Engine/Content/Functions/Engine_MaterialFunctions03/Procedurals/HeightToNormalSmooth.uasset" 10881
"../../../Engine/Content/EngineMaterials/DefaultCalibrationColor.uasset" 10882
"../../../Engine/Plugins/NNE/NNEDenoiser/Content/NNEDIM_ColorAlbedoNormal_Alpha.uasset" 10883
"../../../Engine/Plugins/NNE/NNEDenoiser/Content/NNEDIM_HighQuality_Alpha.uasset" 10884
"../../../Engine/Plugins/Interchange/Assets/Content/Functions/MX_Displacement.uasset" 10885
"../../../Engine/Plugins/Interchange/Assets/Content/Functions/MX_Surface.uasset" 10886
"../../../Engine/Plugins/NNE/NNEDenoiser/Content/NNEDIM_ColorAlbedoNormal_Default.uasset" 10887
"/Game/ActionRogueLike/InputAction/IMC_DefaultPlayer" 10888
"/InterchangeAssets/Functions/MX_Displacement" 10889
"/Engine/MobileResources/HUD/DefaultVirtualJoysticks" 10890
"/InterchangeAssets/Functions/MX_Surface" 10891
"/NNEDenoiser/NNEDIM_HighQuality_Alpha" 10892
"../../../Engine/Plugins/NNE/NNEDenoiser/Content/NNEDOM_Output_Alpha.uasset" 10893
"/NNEDenoiser/NNEDIM_ColorAlbedoNormal_Default" 10894
"/Engine/EngineMaterials/Substrate/Volume/SubstrateSimpleVolumeEnvLUT3D" 10895
"../../../Engine/Plugins/NNE/NNEDenoiser/Content/NNEDTIM_ColorAlbedoNormal_Default.uasset" 10896
"/Engine/EngineMaterials/Substrate/Volume/SubstrateSimpleVolumeLUT3D" 10897
"/NNEDenoiser/NNEDIM_ColorAlbedoNormal_Alpha" 10898
"../../../Engine/Plugins/NNE/NNEDenoiser/Content/NNEDTIM_ColorAlbedoNormal_Alpha.uasset" 10899
"/Engine/EngineMaterials/PPM_DefaultCalibrationGrayscale" 10900
"../../../Engine/Plugins/NNE/NNEDenoiser/Content/NNEDOM_Output_Default.uasset" 10901
"../../../Engine/Plugins/NNE/NNEDenoiser/Content/NNEDIM_HighQuality_Default.uasset" 10902
"../../../Engine/Plugins/NNE/NNEDenoiser/Content/NNED_Oidn2-3_Fast.uasset" 10903
"../../../Engine/Plugins/NNE/NNEDenoiser/Content/NNED_Oidn2-3_Balanced_Alpha.uasset" 10904
"../../../Engine/Plugins/NNE/NNEDenoiser/Content/NNEDT_Oidn2-3_Balanced_Alpha.uasset" 10905
"../../../Engine/Plugins/NNE/NNEDenoiser/Content/NNEDTOM_Output_Alpha.uasset" 10906
"../../../Engine/Plugins/NNE/NNEDenoiser/Content/NNED_Oidn2-3_Balanced.uasset" 10907
"../../../Engine/Plugins/NNE/NNEDenoiser/Content/NNEDTOM_Output_Default.uasset" 10908
"/Engine/EngineMaterials/PPM_DefaultCalibrationColor" 10909
"/NNEDenoiser/NNED_Oidn2-3_Fast" 10910
"/NNEDenoiser/NNED_Oidn2-3_Balanced_Alpha" 10911
"/NNEDenoiser/NNED_Oidn2-3_Balanced" 10912
"/NNEDenoiser/NNEDT_Oidn2-3_Balanced_Alpha" 10913
"/NNEDenoiser/NNEDTOM_Output_Default" 10914
"/NNEDenoiser/NNEDTOM_Output_Alpha" 10915
"/NNEDenoiser/NNEDTIM_ColorAlbedoNormal_Default" 10916
"/NNEDenoiser/NNEDTIM_ColorAlbedoNormal_Alpha" 10917
"/NNEDenoiser/NNEDOM_Output_Default" 10918
"/NNEDenoiser/NNEDOM_Output_Alpha" 10919
"/NNEDenoiser/NNEDIM_HighQuality_Default" 10920
"../../../Engine/Plugins/NNE/NNEDenoiser/Content/NNED_Oidn2-3_Fast_Alpha.uasset" 10921
"../../../Engine/Plugins/NNE/NNEDenoiser/Content/NNED_Oidn2-3_HighQuality.uasset" 10922
"../../../Engine/Plugins/NNE/NNEDenoiser/Content/NNE_oidn2-3-0_rt_hdr_alb_nrm_small__dyn__fp16_opset11_DenoiseAlpha.uasset" 10923
"../../../Engine/Plugins/NNE/NNEDenoiser/Content/NNED_Oidn2-3_HighQuality_Alpha.uasset" 10924
"../../../Engine/Plugins/NNE/NNEDenoiser/Content/NNE_oidn2-3-0_rt_hdr_alb_nrm_small__dyn__fp16_opset11_ForwardAlpha.uasset" 10925
"../../../Engine/Content/EditorResources/BSPVertex.uasset" 10926
"../../../Engine/Plugins/FX/Niagara/Content/ParameterDefinitions/DecalRenderer.uasset" 10927
"../../../Engine/Content/EngineMaterials/DefaultBloomKernel.uasset" 10928
"../../../Engine/Content/EngineDebugMaterials/DebugEditorMaterial.uasset" 10929
"../../../Engine/Content/EngineMaterials/FastBlueNoise_scalar_128x128x64.uasset" 10930
"../../../Engine/Content/EngineMaterials/FastBlueNoise_vec2_128x128x64.uasset" 10931
"../../../Engine/Plugins/NNE/NNEDenoiser/Content/NNEDT_Oidn2-3_Balanced.uasset" 10932
"../../../Engine/Plugins/NNE/NNEDenoiser/Content/NNE_oidn2-3-0_rt_hdr_alb_nrm__dyn__fp16_opset11_ForwardAlpha.uasset" 10933
"/Engine/EngineMaterials/FastBlueNoise_vec2_128x128x64" 10934
"../../../Engine/Plugins/NNE/NNEDenoiser/Content/NNE_oidn2-3-0_rt_hdr_alb_nrm__dyn__fp16_opset11_DenoiseAlpha.uasset" 10935
"../../../Engine/Content/EngineSounds/Master.uasset" 10936
"../../../Engine/Plugins/NNE/NNEDenoiser/Content/NNE_oidn2-3-0_rt_hdr_calb_cnrm_large__dyn__fp16_opset11_DenoiseAlpha.uasset" 10937
"/Engine/EngineMaterials/FastBlueNoise_scalar_128x128x64" 10938
"/Engine/EngineDebugMaterials/DebugEditorMaterial" 10939
"../../../Engine/Content/EngineResources/FilmGrains/Marcie_Grain_v3_128_M2_000.uasset" 10940
"../../../Engine/Content/EngineResources/Development/ZenLogo_64.uasset" 10941
"../../../Engine/Plugins/NNE/NNEDenoiser/Content/NNE_oidn2-3-0_rt_hdr_calb_cnrm_large__dyn__fp16_opset11_ForwardAlpha.uasset" 10942
"../../../Engine/Content/EngineMaterials/FastBlueNoise_scalar_128x128x8.uasset" 10943
"../../../Engine/Content/EngineMaterials/LTC/Sheen_LTC.uasset" 10944
"/Engine/EngineMaterials/DefaultBloomKernel" 10945
"../../../Engine/Plugins/Interchange/Runtime/Content/Pipelines/DefaultMaterialPipeline.uasset" 10946
"../../../Engine/Plugins/Interchange/Runtime/Content/Pipelines/DefaultAssetsPipeline.uasset" 10947
"../../../Engine/Plugins/Interchange/Runtime/Content/Pipelines/DefaultGLTFPipeline.uasset" 10948
"../../../Engine/Plugins/Interchange/Runtime/Content/Pipelines/DefaultSceneAssetsPipeline.uasset" 10949
"../../../Engine/Plugins/Interchange/Runtime/Content/Pipelines/DefaultTexturePipeline.uasset" 10950
"../../../Engine/Plugins/Interchange/Runtime/Content/Pipelines/DefaultMaterialXPipeline.uasset" 10951
"../../../Engine/Plugins/Interchange/Runtime/Content/Pipelines/DefaultGLTFAssetsPipeline.uasset" 10952
"../../../Engine/Plugins/Interchange/Runtime/Content/Pipelines/DefaultGLTFSceneAssetsPipeline.uasset" 10953
"../../../Engine/Plugins/Interchange/Runtime/Content/Pipelines/DefaultSceneLevelPipeline.uasset" 10954
"/Engine/EditorResources/BSPVertex" 10955
"/NNEDenoiser/NNE_oidn2-3-0_rt_hdr_alb_nrm_small__dyn__fp16_opset11_ForwardAlpha" 10956
"/NNEDenoiser/NNEDT_Oidn2-3_Balanced" 10957
"/NNEDenoiser/NNE_oidn2-3-0_rt_hdr_alb_nrm_small__dyn__fp16_opset11_DenoiseAlpha" 10958
"/NNEDenoiser/NNED_Oidn2-3_HighQuality_Alpha" 10959
"/NNEDenoiser/NNED_Oidn2-3_HighQuality" 10960
"/NNEDenoiser/NNED_Oidn2-3_Fast_Alpha" 10961
"/Interchange/Pipelines/DefaultGLTFSceneAssetsPipeline" 10962
"../../../Engine/Content/EngineMaterials/EnergyConservation/Sheen_Energy.uasset" 10963
"../../../Engine/Content/EngineMaterials/EnergyConservation/Diffuse_Energy.uasset" 10964
"/Interchange/Pipelines/DefaultSceneLevelPipeline" 10965
"/Engine/EngineMaterials/LTC/Sheen_LTC" 10966
"/Engine/EngineMaterials/FastBlueNoise_scalar_128x128x8" 10967
"../../../Engine/Plugins/Interchange/Assets/Content/Functions/MX_SurfaceUnlit.uasset" 10968
"../../../Engine/Plugins/Interchange/Assets/Content/Functions/MX_OrenNayarBSDF.uasset" 10969
"../../../Engine/Plugins/Interchange/Assets/Content/Functions/MX_UsdPreviewSurface.uasset" 10970
"../../../Engine/Plugins/Interchange/Assets/Content/Functions/MX_BurleyDiffuseBSDF.uasset" 10971
"../../../Engine/Plugins/Interchange/Assets/Content/Functions/MX_TranslucentBSDF.uasset" 10972
"../../../Engine/Plugins/Interchange/Assets/Content/Functions/MX_GeneralizedSchlickBSDF.uasset" 10973
"../../../Engine/Plugins/Interchange/Assets/Content/Functions/MX_ConductorBSDF.uasset" 10974
"../../../Engine/Plugins/Interchange/Assets/Content/Functions/MX_DielectricBSDF.uasset" 10975
"../../../Engine/Plugins/Interchange/Assets/Content/Functions/MX_SheenBSDF.uasset" 10976
"../../../Engine/Plugins/Interchange/Assets/Content/Functions/MX_SubsurfaceBSDF.uasset" 10977
"../../../Engine/Plugins/Interchange/Assets/Content/Functions/MX_UniformEDF.uasset" 10978
"../../../Engine/Plugins/Interchange/Assets/Content/Functions/MX_ThinFilmBSDF.uasset" 10979
"E:/DaleBruise_Repo/Unreal_Learning/Intermediate/ORTOptimizerPass_Optimized1DE1B1CB4943E2029EC47AAE2EC339DB.onnx" 10980
"E:/DaleBruise_Repo/Unreal_Learning/Intermediate/ORTOptimizerPass_Optimized7C1A9B65476663ED1B2F4187D4F35418.onnx" 10981
"E:/DaleBruise_Repo/Unreal_Learning/Intermediate/ORTOptimizerPass_Optimized82DB5B7B40018005B82B9EA7C85FB053.onnx" 10982
"E:/DaleBruise_Repo/Unreal_Learning/Intermediate/ORTOptimizerPass_Optimized199577CC49ECB5331E36988AB5A5DB3B.onnx" 10983
"/Engine/EngineResources/Development/ZenLogo_64" 10984
"/Engine/EngineResources/FilmGrains/Marcie_Grain_v3_128_M2_000" 10985
"/Interchange/Pipelines/DefaultSceneAssetsPipeline" 10986
"/NNEDenoiser/NNE_oidn2-3-0_rt_hdr_calb_cnrm_large__dyn__fp16_opset11_ForwardAlpha" 10987
"/NNEDenoiser/NNE_oidn2-3-0_rt_hdr_calb_cnrm_large__dyn__fp16_opset11_DenoiseAlpha" 10988
"/NNEDenoiser/NNE_oidn2-3-0_rt_hdr_alb_nrm__dyn__fp16_opset11_ForwardAlpha" 10989
"/Interchange/Pipelines/DefaultTexturePipeline" 10990
"/NNEDenoiser/NNE_oidn2-3-0_rt_hdr_alb_nrm__dyn__fp16_opset11_DenoiseAlpha" 10991
"/Interchange/Pipelines/DefaultMaterialPipeline" 10992
"/Interchange/Pipelines/DefaultGLTFPipeline" 10993
"/Interchange/Pipelines/DefaultGLTFAssetsPipeline" 10994
"/Interchange/Pipelines/DefaultMaterialXPipeline" 10995
"/Interchange/Pipelines/DefaultAssetsPipeline" 10996
"/Engine/EngineSounds/Master" 10997
"/Engine/EngineMaterials/EnergyConservation/Sheen_Energy" 10998
"/InterchangeAssets/Functions/MX_UniformEDF" 10999
"../../../Engine/Plugins/Interchange/Assets/Content/Functions/MX_AnisotropicVDF.uasset" 11000
"../../../Engine/Plugins/Animation/ControlRig/Content/Controls/ControlRigGizmoMaterial.uasset" 11001
"../../../Engine/Plugins/Interchange/Assets/Content/Functions/MX_ConicalEDF.uasset" 11002
"../../../Engine/Plugins/Interchange/Assets/Content/Functions/MX_MeasuredEDF.uasset" 11003
"../../../Engine/Plugins/Interchange/Assets/Content/Functions/MX_AbsorptionVDF.uasset" 11004
"E:/DaleBruise_Repo/Unreal_Learning/DerivedDataCache/VT/TEXTURE_7C16439390E24F1F9468894FB4D4BC55_VTCHUNK44B429B40BB45A070EB17C1259C28734996A2F49" 11005
"E:/DaleBruise_Repo/Unreal_Learning/DerivedDataCache/VT/TEXTURE_7C16439390E24F1F9468894FB4D4BC55_VTCHUNK2A5F9F60441DA258D18B46D59C64D5BAD50E8EE3" 11006
"E:/DaleBruise_Repo/Unreal_Learning/DerivedDataCache/VT/TEXTURE_7C16439390E24F1F9468894FB4D4BC55_VTCHUNKC0393DE8C5B4673D99D1BECB92AA8C1F72FEB491" 11007
"E:/DaleBruise_Repo/Unreal_Learning/DerivedDataCache/VT/TEXTURE_7C16439390E24F1F9468894FB4D4BC55_VTCHUNK967C747FFC357A828288FA05D93CD5DCECDA891B" 11008
"E:/DaleBruise_Repo/Unreal_Learning/DerivedDataCache/VT/TEXTURE_7C16439390E24F1F9468894FB4D4BC55_VTCHUNK02D4C3BCAD7DFA48AB32B8281FB06B8B83DB6275" 11009
"E:/DaleBruise_Repo/Unreal_Learning/Intermediate/ORTOptimizerPass_OptimizedBC7E1BD0406ECE3FA9D789B34E1C97CE.onnx" 11010
"E:/DaleBruise_Repo/Unreal_Learning/Intermediate/ORTOptimizerPass_Optimized11D5364042256B61B13E2198B11ECED9.onnx" 11011
"E:/DaleBruise_Repo/Unreal_Learning/Intermediate/ORTOptimizerPass_OptimizedF51EF6C94E2CDEDC03C75E9D6E428E85.onnx" 11012
"E:/DaleBruise_Repo/Unreal_Learning/Intermediate/ORTOptimizerPass_Optimized0CCDD6044A1FB73C160A6880D4B31256.onnx" 11013
"E:/DaleBruise_Repo/Unreal_Learning/Intermediate/ORTOptimizerPass_OptimizedCAB17CD44713F8DBD18BF0BCCF16A44D.onnx" 11014
"E:/DaleBruise_Repo/Unreal_Learning/Intermediate/ORTOptimizerPass_Optimized9CF75EB24598B8EDE6444185B7EEBF82.onnx" 11015
"E:/DaleBruise_Repo/Unreal_Learning/Intermediate/ORTOptimizerPass_OptimizedD0A9F9D940E5238AF6265FA5282E9BFC.onnx" 11016
"E:/DaleBruise_Repo/Unreal_Learning/Intermediate/ORTOptimizerPass_Optimized747847D845E28116ECF3B3BFF88C49A1.onnx" 11017
"/InterchangeAssets/Functions/MX_ThinFilmBSDF" 11018
"/InterchangeAssets/Functions/MX_SheenBSDF" 11019
"/InterchangeAssets/Functions/MX_SubsurfaceBSDF" 11020
"/InterchangeAssets/Functions/MX_GeneralizedSchlickBSDF" 11021
"/InterchangeAssets/Functions/MX_ConductorBSDF" 11022
"/InterchangeAssets/Functions/MX_DielectricBSDF" 11023
"/InterchangeAssets/Functions/MX_TranslucentBSDF" 11024
"/InterchangeAssets/Functions/MX_BurleyDiffuseBSDF" 11025
"/InterchangeAssets/Functions/MX_OrenNayarBSDF" 11026
"/InterchangeAssets/Functions/MX_UsdPreviewSurface" 11027
"/InterchangeAssets/Functions/MX_SurfaceUnlit" 11028
"/Engine/EngineMaterials/EnergyConservation/Diffuse_Energy" 11029
"/ControlRig/Controls/ControlRigGizmoMaterial" 11030
"/InterchangeAssets/Functions/MX_AnisotropicVDF" 11031
"/InterchangeAssets/Functions/MX_AbsorptionVDF" 11032
"/InterchangeAssets/Functions/MX_MeasuredEDF" 11033
"/InterchangeAssets/Functions/MX_ConicalEDF" 11034
"E:/DaleBruise_Repo/Unreal_Learning/Saved/Cooked/Windows/UnrealProjects56/Metadata/CookedSettings.txt" 11035
